
> @cogain/bizdoc@0.0.0 lint C:\Users\Admin\Desktop\CogainCore\cogain-core\frontend\bizdoc
> eslint .


C:\Users\Admin\Desktop\CogainCore\cogain-core\frontend\bizdoc\debug.ts
  0:0  error  Parsing error: "parserOptions.project" has been provided for @typescript-eslint/parser.
The file was not found in any of the provided project(s): debug.ts

C:\Users\Admin\Desktop\CogainCore\cogain-core\frontend\bizdoc\src\components\common\step-and-status.tsx
  186:45  error  Unexpected any. Specify a different type  @typescript-eslint/no-explicit-any
  200:29  error  Unexpected any. Specify a different type  @typescript-eslint/no-explicit-any
  200:56  error  Unexpected any. Specify a different type  @typescript-eslint/no-explicit-any

C:\Users\Admin\Desktop\CogainCore\cogain-core\frontend\bizdoc\src\components\custom\time-picker.tsx
  21:14  warning  Fast refresh only works when a file only exports components. Use a new file to share constants or functions between components  react-refresh/only-export-components
  76:6   warning  React Hook useEffect has a missing dependency: 'inputValue'. Either include it or remove the dependency array                   react-hooks/exhaustive-deps

C:\Users\Admin\Desktop\CogainCore\cogain-core\frontend\bizdoc\src\components\custom\transition-result-dialog.tsx
  234:53  error  Unexpected any. Specify a different type  @typescript-eslint/no-explicit-any
  263:33  error  Unexpected any. Specify a different type  @typescript-eslint/no-explicit-any

C:\Users\Admin\Desktop\CogainCore\cogain-core\frontend\bizdoc\src\components\form\form-schema-provider.tsx
  16:14  warning  Fast refresh only works when a file only exports components. Use a new file to share constants or functions between components  react-refresh/only-export-components

C:\Users\Admin\Desktop\CogainCore\cogain-core\frontend\bizdoc\src\components\layout\main-layout\notification-bell.tsx
   57:80  error    Unexpected any. Specify a different type                                                                                        @typescript-eslint/no-explicit-any
  621:17  warning  Fast refresh only works when a file only exports components. Use a new file to share constants or functions between components  react-refresh/only-export-components
  798:17  warning  Fast refresh only works when a file only exports components. Use a new file to share constants or functions between components  react-refresh/only-export-components
  877:58  error    Unexpected any. Specify a different type                                                                                        @typescript-eslint/no-explicit-any
  926:60  error    Unexpected any. Specify a different type                                                                                        @typescript-eslint/no-explicit-any

C:\Users\Admin\Desktop\CogainCore\cogain-core\frontend\bizdoc\src\components\layout\main-layout\sidebar-level-tree.ts
  67:42  error  Unexpected any. Specify a different type  @typescript-eslint/no-explicit-any

C:\Users\Admin\Desktop\CogainCore\cogain-core\frontend\bizdoc\src\components\layout\main-layout\signalr-notification-toast.tsx
   75:33  error    Unexpected any. Specify a different type                                                                                        @typescript-eslint/no-explicit-any
   86:32  error    Unexpected any. Specify a different type                                                                                        @typescript-eslint/no-explicit-any
  192:17  warning  Fast refresh only works when a file only exports components. Use a new file to share constants or functions between components  react-refresh/only-export-components

C:\Users\Admin\Desktop\CogainCore\cogain-core\frontend\bizdoc\src\components\provider\generic-signalr-provider.tsx
  147:20  error  'restartErr' is defined but never used    @typescript-eslint/no-unused-vars
  147:32  error  Unexpected any. Specify a different type  @typescript-eslint/no-explicit-any
  178:18  error  'err' is defined but never used           @typescript-eslint/no-unused-vars
  178:23  error  Unexpected any. Specify a different type  @typescript-eslint/no-explicit-any
  210:20  error  'err' is defined but never used           @typescript-eslint/no-unused-vars
  210:25  error  Unexpected any. Specify a different type  @typescript-eslint/no-explicit-any

C:\Users\Admin\Desktop\CogainCore\cogain-core\frontend\bizdoc\src\components\purchase-terms\commercial-terms\commercial-delivery-locations-dialog.tsx
  113:6  warning  React Hook useEffect has missing dependencies: 'getPath', 'getValues', and 'namePrefix'. Either include them or remove the dependency array  react-hooks/exhaustive-deps

C:\Users\Admin\Desktop\CogainCore\cogain-core\frontend\bizdoc\src\components\purchase-terms\commercial-terms\commercial-term-documents-table.tsx
   36:9   error    Unexpected any. Specify a different type                                                                                                                                                               @typescript-eslint/no-explicit-any
   45:6   error    Unexpected any. Specify a different type                                                                                                                                                               @typescript-eslint/no-explicit-any
   47:9   warning  The 'watchedDocs' logical expression could make the dependencies of useMemo Hook (at line 57) change on every render. To fix this, wrap the initialization of 'watchedDocs' in its own useMemo() Hook  react-hooks/exhaustive-deps
   47:55  error    Unexpected any. Specify a different type                                                                                                                                                               @typescript-eslint/no-explicit-any
   53:18  error    Unexpected any. Specify a different type                                                                                                                                                               @typescript-eslint/no-explicit-any
   66:48  error    Unexpected any. Specify a different type                                                                                                                                                               @typescript-eslint/no-explicit-any
   86:46  error    Unexpected any. Specify a different type                                                                                                                                                               @typescript-eslint/no-explicit-any
  131:9   warning  The 'displayDocs' conditional could make the dependencies of useMemo Hook (at line 163) change on every render. To fix this, wrap the initialization of 'displayDocs' in its own useMemo() Hook        react-hooks/exhaustive-deps
  139:9   warning  The 'allDocs' logical expression could make the dependencies of useMemo Hook (at line 163) change on every render. To fix this, wrap the initialization of 'allDocs' in its own useMemo() Hook         react-hooks/exhaustive-deps
  139:9   warning  The 'allDocs' logical expression could make the dependencies of useMemo Hook (at line 167) change on every render. To fix this, wrap the initialization of 'allDocs' in its own useMemo() Hook         react-hooks/exhaustive-deps
  145:34  error    Unexpected any. Specify a different type                                                                                                                                                               @typescript-eslint/no-explicit-any
  219:40  error    Unexpected any. Specify a different type                                                                                                                                                               @typescript-eslint/no-explicit-any
  307:6   warning  React Hook useMemo has a missing dependency: 'tradeDocumentAllQuery'. Either include it or remove the dependency array                                                                                 react-hooks/exhaustive-deps

C:\Users\Admin\Desktop\CogainCore\cogain-core\frontend\bizdoc\src\components\purchase-terms\commercial-terms\commercial-term-stages-table.tsx
   45:9   error    Unexpected any. Specify a different type                                                                                                                                                                      @typescript-eslint/no-explicit-any
   54:6   error    Unexpected any. Specify a different type                                                                                                                                                                      @typescript-eslint/no-explicit-any
   56:9   warning  The 'watchedStages' logical expression could make the dependencies of useMemo Hook (at line 67) change on every render. To fix this, wrap the initialization of 'watchedStages' in its own useMemo() Hook     react-hooks/exhaustive-deps
   56:58  error    Unexpected any. Specify a different type                                                                                                                                                                      @typescript-eslint/no-explicit-any
   63:18  error    Unexpected any. Specify a different type                                                                                                                                                                      @typescript-eslint/no-explicit-any
   76:50  error    Unexpected any. Specify a different type                                                                                                                                                                      @typescript-eslint/no-explicit-any
   94:46  error    Unexpected any. Specify a different type                                                                                                                                                                      @typescript-eslint/no-explicit-any
  144:9   warning  The 'allStages' logical expression could make the dependencies of useMemo Hook (at line 148) change on every render. To fix this, wrap the initialization of 'allStages' in its own useMemo() Hook            react-hooks/exhaustive-deps
  165:24  error    Unexpected any. Specify a different type                                                                                                                                                                      @typescript-eslint/no-explicit-any
  169:25  error    Unexpected any. Specify a different type                                                                                                                                                                      @typescript-eslint/no-explicit-any
  180:9   warning  The 'currencyList' logical expression could make the dependencies of useMemo Hook (at line 183) change on every render. To fix this, wrap the initialization of 'currencyList' in its own useMemo() Hook      react-hooks/exhaustive-deps
  180:9   warning  The 'currencyList' logical expression could make the dependencies of useCallback Hook (at line 196) change on every render. To fix this, wrap the initialization of 'currencyList' in its own useMemo() Hook  react-hooks/exhaustive-deps
  180:50  error    Unexpected any. Specify a different type                                                                                                                                                                      @typescript-eslint/no-explicit-any
  182:33  error    Unexpected any. Specify a different type                                                                                                                                                                      @typescript-eslint/no-explicit-any
  182:57  error    Unexpected any. Specify a different type                                                                                                                                                                      @typescript-eslint/no-explicit-any
  189:9   error    Unexpected any. Specify a different type                                                                                                                                                                      @typescript-eslint/no-explicit-any
  192:41  error    Unexpected any. Specify a different type                                                                                                                                                                      @typescript-eslint/no-explicit-any
  253:67  error    Unexpected any. Specify a different type                                                                                                                                                                      @typescript-eslint/no-explicit-any
  307:69  error    Unexpected any. Specify a different type                                                                                                                                                                      @typescript-eslint/no-explicit-any
  308:47  error    Unexpected any. Specify a different type                                                                                                                                                                      @typescript-eslint/no-explicit-any
  453:83  error    Unexpected any. Specify a different type                                                                                                                                                                      @typescript-eslint/no-explicit-any
  486:85  error    Unexpected any. Specify a different type                                                                                                                                                                      @typescript-eslint/no-explicit-any
  487:58  error    Unexpected any. Specify a different type                                                                                                                                                                      @typescript-eslint/no-explicit-any
  508:85  error    Unexpected any. Specify a different type                                                                                                                                                                      @typescript-eslint/no-explicit-any
  509:58  error    Unexpected any. Specify a different type                                                                                                                                                                      @typescript-eslint/no-explicit-any
  556:5   warning  React Hook useMemo has missing dependencies: 'defaultCurrencySymbol', 'getConvertedPrice', and 'shippingStageAllQuery'. Either include them or remove the dependency array                                    react-hooks/exhaustive-deps

C:\Users\Admin\Desktop\CogainCore\cogain-core\frontend\bizdoc\src\components\purchase-terms\purchase-commercial-term-form.tsx
   50:14  error    Unexpected any. Specify a different type                                                                                                                                                                  @typescript-eslint/no-explicit-any
   57:15  error    Unexpected any. Specify a different type                                                                                                                                                                  @typescript-eslint/no-explicit-any
  121:30  error    Unexpected any. Specify a different type                                                                                                                                                                  @typescript-eslint/no-explicit-any
  124:66  error    Unexpected any. Specify a different type                                                                                                                                                                  @typescript-eslint/no-explicit-any
  165:32  error    Unexpected any. Specify a different type                                                                                                                                                                  @typescript-eslint/no-explicit-any
  169:13  error    Unexpected any. Specify a different type                                                                                                                                                                  @typescript-eslint/no-explicit-any
  182:36  error    Unexpected any. Specify a different type                                                                                                                                                                  @typescript-eslint/no-explicit-any
  343:43  error    Unexpected any. Specify a different type                                                                                                                                                                  @typescript-eslint/no-explicit-any
  366:36  error    Unexpected any. Specify a different type                                                                                                                                                                  @typescript-eslint/no-explicit-any
  367:46  error    Unexpected any. Specify a different type                                                                                                                                                                  @typescript-eslint/no-explicit-any
  368:46  error    Unexpected any. Specify a different type                                                                                                                                                                  @typescript-eslint/no-explicit-any
  369:49  error    Unexpected any. Specify a different type                                                                                                                                                                  @typescript-eslint/no-explicit-any
  371:43  error    Unexpected any. Specify a different type                                                                                                                                                                  @typescript-eslint/no-explicit-any
  372:47  error    Unexpected any. Specify a different type                                                                                                                                                                  @typescript-eslint/no-explicit-any
  372:84  error    Unexpected any. Specify a different type                                                                                                                                                                  @typescript-eslint/no-explicit-any
  373:57  error    Unexpected any. Specify a different type                                                                                                                                                                  @typescript-eslint/no-explicit-any
  373:75  error    Unexpected any. Specify a different type                                                                                                                                                                  @typescript-eslint/no-explicit-any
  374:57  error    Unexpected any. Specify a different type                                                                                                                                                                  @typescript-eslint/no-explicit-any
  374:75  error    Unexpected any. Specify a different type                                                                                                                                                                  @typescript-eslint/no-explicit-any
  379:18  error    Unexpected any. Specify a different type                                                                                                                                                                  @typescript-eslint/no-explicit-any
  384:46  error    Unexpected any. Specify a different type                                                                                                                                                                  @typescript-eslint/no-explicit-any
  385:56  error    Unexpected any. Specify a different type                                                                                                                                                                  @typescript-eslint/no-explicit-any
  386:56  error    Unexpected any. Specify a different type                                                                                                                                                                  @typescript-eslint/no-explicit-any
  389:45  error    Unexpected any. Specify a different type                                                                                                                                                                  @typescript-eslint/no-explicit-any
  391:38  error    Unexpected any. Specify a different type                                                                                                                                                                  @typescript-eslint/no-explicit-any
  394:35  error    Unexpected any. Specify a different type                                                                                                                                                                  @typescript-eslint/no-explicit-any
  402:6   warning  React Hook useEffect has missing dependencies: 'fp', 'incotermId', 'setValue', and 't'. Either include them or remove the dependency array                                                                react-hooks/exhaustive-deps
  410:6   warning  React Hook useEffect has a missing dependency: 't'. Either include it or remove the dependency array                                                                                                      react-hooks/exhaustive-deps
  417:24  error    Unexpected any. Specify a different type                                                                                                                                                                  @typescript-eslint/no-explicit-any
  428:20  error    Unexpected any. Specify a different type                                                                                                                                                                  @typescript-eslint/no-explicit-any
  437:20  error    Unexpected any. Specify a different type                                                                                                                                                                  @typescript-eslint/no-explicit-any
  484:70  error    Unexpected any. Specify a different type                                                                                                                                                                  @typescript-eslint/no-explicit-any
  523:44  error    Unexpected any. Specify a different type                                                                                                                                                                  @typescript-eslint/no-explicit-any
  526:76  error    Unexpected any. Specify a different type                                                                                                                                                                  @typescript-eslint/no-explicit-any
  561:55  error    Unexpected any. Specify a different type                                                                                                                                                                  @typescript-eslint/no-explicit-any
  578:34  error    Unexpected any. Specify a different type                                                                                                                                                                  @typescript-eslint/no-explicit-any
  588:5   warning  React Hook useCallback has a missing dependency: 'isAbroad'. Either include it or remove the dependency array                                                                                             react-hooks/exhaustive-deps
  603:9   warning  The 'currencyList' logical expression could make the dependencies of useMemo Hook (at line 606) change on every render. To fix this, wrap the initialization of 'currencyList' in its own useMemo() Hook  react-hooks/exhaustive-deps
  603:9   warning  The 'currencyList' logical expression could make the dependencies of useMemo Hook (at line 647) change on every render. To fix this, wrap the initialization of 'currencyList' in its own useMemo() Hook  react-hooks/exhaustive-deps
  603:50  error    Unexpected any. Specify a different type                                                                                                                                                                  @typescript-eslint/no-explicit-any
  605:33  error    Unexpected any. Specify a different type                                                                                                                                                                  @typescript-eslint/no-explicit-any
  605:57  error    Unexpected any. Specify a different type                                                                                                                                                                  @typescript-eslint/no-explicit-any
  612:40  error    Unexpected any. Specify a different type                                                                                                                                                                  @typescript-eslint/no-explicit-any
  613:9   error    Unexpected any. Specify a different type                                                                                                                                                                  @typescript-eslint/no-explicit-any
  620:24  error    Unexpected any. Specify a different type                                                                                                                                                                  @typescript-eslint/no-explicit-any
  625:25  error    Unexpected any. Specify a different type                                                                                                                                                                  @typescript-eslint/no-explicit-any
  632:39  error    Unexpected any. Specify a different type                                                                                                                                                                  @typescript-eslint/no-explicit-any
  633:51  error    Unexpected any. Specify a different type                                                                                                                                                                  @typescript-eslint/no-explicit-any
  639:45  error    Unexpected any. Specify a different type                                                                                                                                                                  @typescript-eslint/no-explicit-any

C:\Users\Admin\Desktop\CogainCore\cogain-core\frontend\bizdoc\src\components\purchase-terms\purchase-payment-term-form.tsx
   62:14  warning  Fast refresh only works when a file only exports components. Use a new file to share constants or functions between components                                                                                        react-refresh/only-export-components
   87:14  warning  Fast refresh only works when a file only exports components. Use a new file to share constants or functions between components                                                                                        react-refresh/only-export-components
   93:14  warning  Fast refresh only works when a file only exports components. Use a new file to share constants or functions between components                                                                                        react-refresh/only-export-components
  260:36  error    Unexpected any. Specify a different type                                                                                                                                                                              @typescript-eslint/no-explicit-any
  411:35  error    Unexpected any. Specify a different type                                                                                                                                                                              @typescript-eslint/no-explicit-any
  417:35  error    Unexpected any. Specify a different type                                                                                                                                                                              @typescript-eslint/no-explicit-any
  426:35  error    Unexpected any. Specify a different type                                                                                                                                                                              @typescript-eslint/no-explicit-any
  432:35  error    Unexpected any. Specify a different type                                                                                                                                                                              @typescript-eslint/no-explicit-any
  441:35  error    Unexpected any. Specify a different type                                                                                                                                                                              @typescript-eslint/no-explicit-any
  447:35  error    Unexpected any. Specify a different type                                                                                                                                                                              @typescript-eslint/no-explicit-any
  456:35  error    Unexpected any. Specify a different type                                                                                                                                                                              @typescript-eslint/no-explicit-any
  462:35  error    Unexpected any. Specify a different type                                                                                                                                                                              @typescript-eslint/no-explicit-any
  471:35  error    Unexpected any. Specify a different type                                                                                                                                                                              @typescript-eslint/no-explicit-any
  477:35  error    Unexpected any. Specify a different type                                                                                                                                                                              @typescript-eslint/no-explicit-any
  486:35  error    Unexpected any. Specify a different type                                                                                                                                                                              @typescript-eslint/no-explicit-any
  492:35  error    Unexpected any. Specify a different type                                                                                                                                                                              @typescript-eslint/no-explicit-any
  501:35  error    Unexpected any. Specify a different type                                                                                                                                                                              @typescript-eslint/no-explicit-any
  507:35  error    Unexpected any. Specify a different type                                                                                                                                                                              @typescript-eslint/no-explicit-any
  516:35  error    Unexpected any. Specify a different type                                                                                                                                                                              @typescript-eslint/no-explicit-any
  522:35  error    Unexpected any. Specify a different type                                                                                                                                                                              @typescript-eslint/no-explicit-any
  536:47  error    Unexpected any. Specify a different type                                                                                                                                                                              @typescript-eslint/no-explicit-any
  569:47  error    Unexpected any. Specify a different type                                                                                                                                                                              @typescript-eslint/no-explicit-any
  610:9   warning  The 'paymentProcesses' logical expression could make the dependencies of useCallback Hook (at line 857) change on every render. To fix this, wrap the initialization of 'paymentProcesses' in its own useMemo() Hook  react-hooks/exhaustive-deps
  610:9   warning  The 'paymentProcesses' logical expression could make the dependencies of useCallback Hook (at line 869) change on every render. To fix this, wrap the initialization of 'paymentProcesses' in its own useMemo() Hook  react-hooks/exhaustive-deps
  610:9   warning  The 'paymentProcesses' logical expression could make the dependencies of useMemo Hook (at line 882) change on every render. To fix this, wrap the initialization of 'paymentProcesses' in its own useMemo() Hook      react-hooks/exhaustive-deps
  610:9   warning  The 'paymentProcesses' logical expression could make the dependencies of useCallback Hook (at line 899) change on every render. To fix this, wrap the initialization of 'paymentProcesses' in its own useMemo() Hook  react-hooks/exhaustive-deps
  610:9   warning  The 'paymentProcesses' logical expression could make the dependencies of useCallback Hook (at line 908) change on every render. To fix this, wrap the initialization of 'paymentProcesses' in its own useMemo() Hook  react-hooks/exhaustive-deps
  610:9   warning  The 'paymentProcesses' logical expression could make the dependencies of useCallback Hook (at line 917) change on every render. To fix this, wrap the initialization of 'paymentProcesses' in its own useMemo() Hook  react-hooks/exhaustive-deps
  659:72  error    Unexpected any. Specify a different type                                                                                                                                                                              @typescript-eslint/no-explicit-any
  809:67  error    Unexpected any. Specify a different type                                                                                                                                                                              @typescript-eslint/no-explicit-any
  824:65  error    Unexpected any. Specify a different type                                                                                                                                                                              @typescript-eslint/no-explicit-any
  838:28  error    Unexpected any. Specify a different type                                                                                                                                                                              @typescript-eslint/no-explicit-any
  903:43  error    Unexpected any. Specify a different type                                                                                                                                                                              @typescript-eslint/no-explicit-any
  912:45  error    Unexpected any. Specify a different type                                                                                                                                                                              @typescript-eslint/no-explicit-any
  921:24  error    Unexpected any. Specify a different type                                                                                                                                                                              @typescript-eslint/no-explicit-any
  971:62  error    Unexpected any. Specify a different type                                                                                                                                                                              @typescript-eslint/no-explicit-any
  998:62  error    Unexpected any. Specify a different type                                                                                                                                                                              @typescript-eslint/no-explicit-any

C:\Users\Admin\Desktop\CogainCore\cogain-core\frontend\bizdoc\src\components\report\project-coordination-report-view.tsx
  162:44  error  Unexpected any. Specify a different type  @typescript-eslint/no-explicit-any
  165:42  error  Unexpected any. Specify a different type  @typescript-eslint/no-explicit-any
  166:40  error  Unexpected any. Specify a different type  @typescript-eslint/no-explicit-any

C:\Users\Admin\Desktop\CogainCore\cogain-core\frontend\bizdoc\src\components\theme-provider.tsx
  65:14  warning  Fast refresh only works when a file only exports components. Use a new file to share constants or functions between components  react-refresh/only-export-components

C:\Users\Admin\Desktop\CogainCore\cogain-core\frontend\bizdoc\src\enums\permission.enum.ts
  27:3  error  Duplicate enum member value Organization  @typescript-eslint/no-duplicate-enum-values

C:\Users\Admin\Desktop\CogainCore\cogain-core\frontend\bizdoc\src\hooks\queries\use-currency.tsx
  30:49  error  Unexpected any. Specify a different type  @typescript-eslint/no-explicit-any
  31:53  error  Unexpected any. Specify a different type  @typescript-eslint/no-explicit-any
  32:49  error  Unexpected any. Specify a different type  @typescript-eslint/no-explicit-any
  33:41  error  Unexpected any. Specify a different type  @typescript-eslint/no-explicit-any
  34:41  error  Unexpected any. Specify a different type  @typescript-eslint/no-explicit-any

C:\Users\Admin\Desktop\CogainCore\cogain-core\frontend\bizdoc\src\hooks\queries\use-job.tsx
  23:41  error  Unexpected any. Specify a different type  @typescript-eslint/no-explicit-any

C:\Users\Admin\Desktop\CogainCore\cogain-core\frontend\bizdoc\src\hooks\queries\use-payment-term.tsx
  47:6   warning  React Hook useCallback has a missing dependency: 'apiParams'. Either include it or remove the dependency array  react-hooks/exhaustive-deps
  85:22  error    Unexpected any. Specify a different type                                                                        @typescript-eslint/no-explicit-any
  98:22  error    Unexpected any. Specify a different type                                                                        @typescript-eslint/no-explicit-any

C:\Users\Admin\Desktop\CogainCore\cogain-core\frontend\bizdoc\src\hooks\queries\use-position.tsx
  23:41  error  Unexpected any. Specify a different type  @typescript-eslint/no-explicit-any

C:\Users\Admin\Desktop\CogainCore\cogain-core\frontend\bizdoc\src\hooks\queries\use-project.tsx
  75:67  error  Unexpected any. Specify a different type  @typescript-eslint/no-explicit-any

C:\Users\Admin\Desktop\CogainCore\cogain-core\frontend\bizdoc\src\hooks\queries\use-raw-mat-pmr.tsx
  141:26  error  Unexpected any. Specify a different type  @typescript-eslint/no-explicit-any

C:\Users\Admin\Desktop\CogainCore\cogain-core\frontend\bizdoc\src\hooks\queries\use-resignation-request.tsx
  103:22  error  Unexpected any. Specify a different type  @typescript-eslint/no-explicit-any
  116:22  error  Unexpected any. Specify a different type  @typescript-eslint/no-explicit-any
  132:22  error  Unexpected any. Specify a different type  @typescript-eslint/no-explicit-any
  145:22  error  Unexpected any. Specify a different type  @typescript-eslint/no-explicit-any
  157:22  error  Unexpected any. Specify a different type  @typescript-eslint/no-explicit-any
  171:22  error  Unexpected any. Specify a different type  @typescript-eslint/no-explicit-any
  193:22  error  Unexpected any. Specify a different type  @typescript-eslint/no-explicit-any
  217:22  error  Unexpected any. Specify a different type  @typescript-eslint/no-explicit-any

C:\Users\Admin\Desktop\CogainCore\cogain-core\frontend\bizdoc\src\hooks\queries\use-sale-order.tsx
  1:10  warning  Fast refresh only works when a file only exports components. Use a new file to share constants or functions between components  react-refresh/only-export-components

C:\Users\Admin\Desktop\CogainCore\cogain-core\frontend\bizdoc\src\hooks\queries\use-sbor.tsx
  143:26  error  Unexpected any. Specify a different type  @typescript-eslint/no-explicit-any

C:\Users\Admin\Desktop\CogainCore\cogain-core\frontend\bizdoc\src\hooks\queries\use-unit-of-measure.tsx
  145:22  error  Unexpected any. Specify a different type  @typescript-eslint/no-explicit-any

C:\Users\Admin\Desktop\CogainCore\cogain-core\frontend\bizdoc\src\hooks\queries\use-warehouse.tsx
  21:39  error  Unexpected any. Specify a different type  @typescript-eslint/no-explicit-any
  22:49  error  Unexpected any. Specify a different type  @typescript-eslint/no-explicit-any
  23:49  error  Unexpected any. Specify a different type  @typescript-eslint/no-explicit-any
  25:41  error  Unexpected any. Specify a different type  @typescript-eslint/no-explicit-any

C:\Users\Admin\Desktop\CogainCore\cogain-core\frontend\bizdoc\src\hooks\use-notification-signal.ts
  72:58  error  Unexpected any. Specify a different type  @typescript-eslint/no-explicit-any

C:\Users\Admin\Desktop\CogainCore\cogain-core\frontend\bizdoc\src\lib\utils.ts
  121:11  error  Unexpected any. Specify a different type  @typescript-eslint/no-explicit-any

C:\Users\Admin\Desktop\CogainCore\cogain-core\frontend\bizdoc\src\routes\_app\admin\acceptance-minute-access\_components\acceptance-minute-access-form.tsx
   91:31  error  Unexpected any. Specify a different type  @typescript-eslint/no-explicit-any
  120:21  error  Unexpected any. Specify a different type  @typescript-eslint/no-explicit-any

C:\Users\Admin\Desktop\CogainCore\cogain-core\frontend\bizdoc\src\routes\_app\admin\acceptance-minute-access\index.tsx
  86:67  error  Unexpected any. Specify a different type  @typescript-eslint/no-explicit-any
  87:49  error  Unexpected any. Specify a different type  @typescript-eslint/no-explicit-any

C:\Users\Admin\Desktop\CogainCore\cogain-core\frontend\bizdoc\src\routes\_app\admin\code-generation-rule\index.tsx
  101:8  error  Unexpected any. Specify a different type  @typescript-eslint/no-explicit-any

C:\Users\Admin\Desktop\CogainCore\cogain-core\frontend\bizdoc\src\routes\_app\admin\kpi-template\_components\kpi-template-form.tsx
  128:31  error  Unexpected any. Specify a different type  @typescript-eslint/no-explicit-any
  140:49  error  Unexpected any. Specify a different type  @typescript-eslint/no-explicit-any
  417:35  error  Unexpected any. Specify a different type  @typescript-eslint/no-explicit-any
  431:46  error  Unexpected any. Specify a different type  @typescript-eslint/no-explicit-any
  431:51  error  Unexpected any. Specify a different type  @typescript-eslint/no-explicit-any

C:\Users\Admin\Desktop\CogainCore\cogain-core\frontend\bizdoc\src\routes\_app\admin\kpi-template\_components\kpi-template-table-view.tsx
  36:21  error  Unexpected any. Specify a different type  @typescript-eslint/no-explicit-any
  40:27  error  Unexpected any. Specify a different type  @typescript-eslint/no-explicit-any
  41:33  error  Unexpected any. Specify a different type  @typescript-eslint/no-explicit-any
  41:70  error  Unexpected any. Specify a different type  @typescript-eslint/no-explicit-any
  42:30  error  Unexpected any. Specify a different type  @typescript-eslint/no-explicit-any

C:\Users\Admin\Desktop\CogainCore\cogain-core\frontend\bizdoc\src\routes\_app\admin\kpi-template\index.tsx
  348:39  error  Unexpected any. Specify a different type  @typescript-eslint/no-explicit-any

C:\Users\Admin\Desktop\CogainCore\cogain-core\frontend\bizdoc\src\routes\_app\admin\packing-codes\_hooks\use-packing-codes.tsx
  140:22  error  Unexpected any. Specify a different type  @typescript-eslint/no-explicit-any

C:\Users\Admin\Desktop\CogainCore\cogain-core\frontend\bizdoc\src\routes\_app\admin\packing-codes\index.tsx
   82:9  warning  The 'projectList' logical expression could make the dependencies of useMemo Hook (at line 90) change on every render. Move it inside the useMemo callback. Alternatively, wrap the initialization of 'projectList' in its own useMemo() Hook                       react-hooks/exhaustive-deps
  100:9  warning  The 'packingCodesGroupList' logical expression could make the dependencies of useMemo Hook (at line 108) change on every render. Move it inside the useMemo callback. Alternatively, wrap the initialization of 'packingCodesGroupList' in its own useMemo() Hook  react-hooks/exhaustive-deps

C:\Users\Admin\Desktop\CogainCore\cogain-core\frontend\bizdoc\src\routes\_app\admin\production-cost\_hooks\use-production-cost.tsx
  165:22  error  Unexpected any. Specify a different type  @typescript-eslint/no-explicit-any

C:\Users\Admin\Desktop\CogainCore\cogain-core\frontend\bizdoc\src\routes\_app\admin\production-operation\_components\production-operation-form.tsx
  48:7  error  React Hook "useFormPermissions" is called conditionally. React Hooks must be called in the exact same order in every component render  react-hooks/rules-of-hooks

C:\Users\Admin\Desktop\CogainCore\cogain-core\frontend\bizdoc\src\routes\_app\admin\production-operation\_hooks\use-production-operation.tsx
  163:22  error  Unexpected any. Specify a different type  @typescript-eslint/no-explicit-any

C:\Users\Admin\Desktop\CogainCore\cogain-core\frontend\bizdoc\src\routes\_app\admin\production-operation\index.tsx
  73:5  error  React Hook "useHasPermission" is called conditionally. React Hooks must be called in the exact same order in every component render  react-hooks/rules-of-hooks
  76:5  error  React Hook "useHasPermission" is called conditionally. React Hooks must be called in the exact same order in every component render  react-hooks/rules-of-hooks
  79:5  error  React Hook "useHasPermission" is called conditionally. React Hooks must be called in the exact same order in every component render  react-hooks/rules-of-hooks
  82:5  error  React Hook "useHasPermission" is called conditionally. React Hooks must be called in the exact same order in every component render  react-hooks/rules-of-hooks
  85:5  error  React Hook "useHasPermission" is called conditionally. React Hooks must be called in the exact same order in every component render  react-hooks/rules-of-hooks
  88:5  error  React Hook "useHasPermission" is called conditionally. React Hooks must be called in the exact same order in every component render  react-hooks/rules-of-hooks

C:\Users\Admin\Desktop\CogainCore\cogain-core\frontend\bizdoc\src\routes\_app\admin\production-standard\_hooks\use-production-standard.tsx
  145:22  error  Unexpected any. Specify a different type  @typescript-eslint/no-explicit-any

C:\Users\Admin\Desktop\CogainCore\cogain-core\frontend\bizdoc\src\routes\_app\admin\production-standard\index.tsx
  74:5  error  React Hook "useHasPermission" is called conditionally. React Hooks must be called in the exact same order in every component render  react-hooks/rules-of-hooks
  77:5  error  React Hook "useHasPermission" is called conditionally. React Hooks must be called in the exact same order in every component render  react-hooks/rules-of-hooks
  80:5  error  React Hook "useHasPermission" is called conditionally. React Hooks must be called in the exact same order in every component render  react-hooks/rules-of-hooks
  83:5  error  React Hook "useHasPermission" is called conditionally. React Hooks must be called in the exact same order in every component render  react-hooks/rules-of-hooks
  86:5  error  React Hook "useHasPermission" is called conditionally. React Hooks must be called in the exact same order in every component render  react-hooks/rules-of-hooks
  89:5  error  React Hook "useHasPermission" is called conditionally. React Hooks must be called in the exact same order in every component render  react-hooks/rules-of-hooks

C:\Users\Admin\Desktop\CogainCore\cogain-core\frontend\bizdoc\src\routes\_app\admin\production-team-access\_components\production-unit-viewer.tsx
  338:56  error  Unexpected any. Specify a different type  @typescript-eslint/no-explicit-any

C:\Users\Admin\Desktop\CogainCore\cogain-core\frontend\bizdoc\src\routes\_app\admin\production-team-evaluation\_components\production-team-evaluation-form.tsx
  149:74  error  Unexpected any. Specify a different type  @typescript-eslint/no-explicit-any
  150:76  error  Unexpected any. Specify a different type  @typescript-eslint/no-explicit-any

C:\Users\Admin\Desktop\CogainCore\cogain-core\frontend\bizdoc\src\routes\_app\admin\production-team-evaluation\_hooks\use-production-team-evaluation.tsx
   91:54  error  Unexpected any. Specify a different type  @typescript-eslint/no-explicit-any
  100:58  error  Unexpected any. Specify a different type  @typescript-eslint/no-explicit-any
  139:22  error  Unexpected any. Specify a different type  @typescript-eslint/no-explicit-any

C:\Users\Admin\Desktop\CogainCore\cogain-core\frontend\bizdoc\src\routes\_app\admin\production-team-evaluation\index.tsx
  74:5  error  React Hook "useHasPermission" is called conditionally. React Hooks must be called in the exact same order in every component render  react-hooks/rules-of-hooks
  77:5  error  React Hook "useHasPermission" is called conditionally. React Hooks must be called in the exact same order in every component render  react-hooks/rules-of-hooks
  80:5  error  React Hook "useHasPermission" is called conditionally. React Hooks must be called in the exact same order in every component render  react-hooks/rules-of-hooks
  83:5  error  React Hook "useHasPermission" is called conditionally. React Hooks must be called in the exact same order in every component render  react-hooks/rules-of-hooks
  86:5  error  React Hook "useHasPermission" is called conditionally. React Hooks must be called in the exact same order in every component render  react-hooks/rules-of-hooks

C:\Users\Admin\Desktop\CogainCore\cogain-core\frontend\bizdoc\src\routes\_app\admin\work-item-process\_components\step-detail.tsx
  293:54  error  Unexpected any. Specify a different type  @typescript-eslint/no-explicit-any
  294:49  error  Unexpected any. Specify a different type  @typescript-eslint/no-explicit-any
  295:60  error  Unexpected any. Specify a different type  @typescript-eslint/no-explicit-any

C:\Users\Admin\Desktop\CogainCore\cogain-core\frontend\bizdoc\src\routes\_app\admin\work-item-process\_components\work-item-process-form.tsx
  137:6  warning  React Hook useEffect has an unnecessary dependency: 'open'. Either exclude it or remove the dependency array. Outer scope values like 'open' aren't valid dependencies because mutating them doesn't re-render the component  react-hooks/exhaustive-deps

C:\Users\Admin\Desktop\CogainCore\cogain-core\frontend\bizdoc\src\routes\_app\admin\work-item-process\index.tsx
   76:6   error    Unexpected any. Specify a different type                                                                                                                                                                                          @typescript-eslint/no-explicit-any
   79:29  error    Unexpected any. Specify a different type                                                                                                                                                                                          @typescript-eslint/no-explicit-any
  145:62  error    Unexpected any. Specify a different type                                                                                                                                                                                          @typescript-eslint/no-explicit-any
  294:9   warning  The 'handleDelete' function makes the dependencies of useMemo Hook (at line 342) change on every render. Move it inside the useMemo callback. Alternatively, wrap the definition of 'handleDelete' in its own useCallback() Hook  react-hooks/exhaustive-deps

C:\Users\Admin\Desktop\CogainCore\cogain-core\frontend\bizdoc\src\routes\_app\advance-request\$id\detail\index.tsx
  143:27  error  Unexpected any. Specify a different type  @typescript-eslint/no-explicit-any

C:\Users\Admin\Desktop\CogainCore\cogain-core\frontend\bizdoc\src\routes\_app\advance-request\-components\advance-request-form.tsx
   69:42  error    Unexpected any. Specify a different type                                                                                   @typescript-eslint/no-explicit-any
   88:54  error    Unexpected any. Specify a different type                                                                                   @typescript-eslint/no-explicit-any
  102:33  error    Unexpected any. Specify a different type                                                                                   @typescript-eslint/no-explicit-any
  156:71  error    Unexpected any. Specify a different type                                                                                   @typescript-eslint/no-explicit-any
  172:6   warning  React Hook useEffect has a missing dependency: 'setSelectedRefDocument'. Either include it or remove the dependency array  react-hooks/exhaustive-deps
  199:53  error    Unexpected any. Specify a different type                                                                                   @typescript-eslint/no-explicit-any
  201:65  error    Unexpected any. Specify a different type                                                                                   @typescript-eslint/no-explicit-any
  388:69  error    Unexpected any. Specify a different type                                                                                   @typescript-eslint/no-explicit-any

C:\Users\Admin\Desktop\CogainCore\cogain-core\frontend\bizdoc\src\routes\_app\advance-request\-hooks\use-advance-request.tsx
  179:33  error  Unexpected any. Specify a different type  @typescript-eslint/no-explicit-any

C:\Users\Admin\Desktop\CogainCore\cogain-core\frontend\bizdoc\src\routes\_app\advance-request\index.tsx
  103:9   warning  The 'handleEdit' function makes the dependencies of useMemo Hook (at line 360) change on every render. Move it inside the useMemo callback. Alternatively, wrap the definition of 'handleEdit' in its own useCallback() Hook  react-hooks/exhaustive-deps
  145:77  error    Unexpected any. Specify a different type                                                                                                                                                                                      @typescript-eslint/no-explicit-any
  403:40  error    Unexpected any. Specify a different type                                                                                                                                                                                      @typescript-eslint/no-explicit-any

C:\Users\Admin\Desktop\CogainCore\cogain-core\frontend\bizdoc\src\routes\_app\asset-disposal\$id\detail\index.tsx
  99:27  error  Unexpected any. Specify a different type  @typescript-eslint/no-explicit-any

C:\Users\Admin\Desktop\CogainCore\cogain-core\frontend\bizdoc\src\routes\_app\asset-disposal\-components\asset-disposal-form.tsx
   57:42  error  Unexpected any. Specify a different type  @typescript-eslint/no-explicit-any
  149:68  error  Unexpected any. Specify a different type  @typescript-eslint/no-explicit-any

C:\Users\Admin\Desktop\CogainCore\cogain-core\frontend\bizdoc\src\routes\_app\asset-unit\-components\asset-allocation-dialog.tsx
   89:67  error  Unexpected any. Specify a different type  @typescript-eslint/no-explicit-any
   93:63  error  Unexpected any. Specify a different type  @typescript-eslint/no-explicit-any
  159:63  error  Unexpected any. Specify a different type  @typescript-eslint/no-explicit-any
  176:59  error  Unexpected any. Specify a different type  @typescript-eslint/no-explicit-any

C:\Users\Admin\Desktop\CogainCore\cogain-core\frontend\bizdoc\src\routes\_app\asset-unit\-components\asset-project-allocation-dialog.tsx
  161:64  error  Unexpected any. Specify a different type  @typescript-eslint/no-explicit-any

C:\Users\Admin\Desktop\CogainCore\cogain-core\frontend\bizdoc\src\routes\_app\asset-unit\-components\asset-unit-form.tsx
   77:42  error  Unexpected any. Specify a different type  @typescript-eslint/no-explicit-any
  219:64  error  Unexpected any. Specify a different type  @typescript-eslint/no-explicit-any
  275:62  error  Unexpected any. Specify a different type  @typescript-eslint/no-explicit-any

C:\Users\Admin\Desktop\CogainCore\cogain-core\frontend\bizdoc\src\routes\_app\asset-unit\-hooks\use-asset-unit.tsx
  113:27  error  Unexpected any. Specify a different type  @typescript-eslint/no-explicit-any

C:\Users\Admin\Desktop\CogainCore\cogain-core\frontend\bizdoc\src\routes\_app\attendance\business-trip\$id\detail.tsx
  179:27  error  Unexpected any. Specify a different type  @typescript-eslint/no-explicit-any

C:\Users\Admin\Desktop\CogainCore\cogain-core\frontend\bizdoc\src\routes\_app\attendance\business-trip\-components\business-trip-detail-table.tsx
   80:39  error  Unexpected any. Specify a different type  @typescript-eslint/no-explicit-any
   81:39  error  Unexpected any. Specify a different type  @typescript-eslint/no-explicit-any
  104:28  error  Unexpected any. Specify a different type  @typescript-eslint/no-explicit-any
  118:27  error  Unexpected any. Specify a different type  @typescript-eslint/no-explicit-any
  249:15  error  'id' is assigned a value but never used   @typescript-eslint/no-unused-vars
  305:52  error  Unexpected any. Specify a different type  @typescript-eslint/no-explicit-any
  482:40  error  Unexpected any. Specify a different type  @typescript-eslint/no-explicit-any
  800:81  error  Unexpected any. Specify a different type  @typescript-eslint/no-explicit-any

C:\Users\Admin\Desktop\CogainCore\cogain-core\frontend\bizdoc\src\routes\_app\attendance\business-trip\-components\business-trip-filter-popover.tsx
  274:17  warning  Fast refresh only works when a file only exports components. Use a new file to share constants or functions between components  react-refresh/only-export-components

C:\Users\Admin\Desktop\CogainCore\cogain-core\frontend\bizdoc\src\routes\_app\attendance\business-trip\-components\business-trip-form.tsx
  282:28  error    Unexpected any. Specify a different type                                                                                                         @typescript-eslint/no-explicit-any
  289:47  error    Unexpected any. Specify a different type                                                                                                         @typescript-eslint/no-explicit-any
  312:17  error    'code' is assigned a value but never used                                                                                                        @typescript-eslint/no-unused-vars
  312:23  error    'refDocNum' is assigned a value but never used                                                                                                   @typescript-eslint/no-unused-vars
  375:39  error    Unexpected any. Specify a different type                                                                                                         @typescript-eslint/no-explicit-any
  376:40  error    Unexpected any. Specify a different type                                                                                                         @typescript-eslint/no-explicit-any
  460:6   warning  React Hook useEffect has missing dependencies: 'form', 'fromProvinceId', and 'toProvinceId'. Either include them or remove the dependency array  react-hooks/exhaustive-deps
  460:7   warning  React Hook useEffect has a complex expression in the dependency array. Extract it to a separate variable so it can be statically checked         react-hooks/exhaustive-deps
  460:36  warning  React Hook useEffect has a complex expression in the dependency array. Extract it to a separate variable so it can be statically checked         react-hooks/exhaustive-deps

C:\Users\Admin\Desktop\CogainCore\cogain-core\frontend\bizdoc\src\routes\_app\attendance\business-trip\-components\hr-business-trip-detail-dialog.tsx
   74:38  error  Unexpected any. Specify a different type  @typescript-eslint/no-explicit-any
  142:35  error  Unexpected any. Specify a different type  @typescript-eslint/no-explicit-any
  149:35  error  Unexpected any. Specify a different type  @typescript-eslint/no-explicit-any
  179:28  error  Unexpected any. Specify a different type  @typescript-eslint/no-explicit-any
  196:28  error  Unexpected any. Specify a different type  @typescript-eslint/no-explicit-any
  222:52  error  Unexpected any. Specify a different type  @typescript-eslint/no-explicit-any

C:\Users\Admin\Desktop\CogainCore\cogain-core\frontend\bizdoc\src\routes\_app\attendance\business-trip\-components\province-select.tsx
  89:29  error  Unexpected any. Specify a different type  @typescript-eslint/no-explicit-any

C:\Users\Admin\Desktop\CogainCore\cogain-core\frontend\bizdoc\src\routes\_app\attendance\business-trip\-hooks\use-business-trip.tsx
  190:61  error  Unexpected any. Specify a different type  @typescript-eslint/no-explicit-any

C:\Users\Admin\Desktop\CogainCore\cogain-core\frontend\bizdoc\src\routes\_app\attendance\business-trip\_schema\business-trip.schema.ts
   13:49  error  Unexpected any. Specify a different type  @typescript-eslint/no-explicit-any
   75:24  error  Unexpected any. Specify a different type  @typescript-eslint/no-explicit-any
  158:19  error  Unexpected any. Specify a different type  @typescript-eslint/no-explicit-any
  198:87  error  Unexpected any. Specify a different type  @typescript-eslint/no-explicit-any
  230:64  error  Unexpected any. Specify a different type  @typescript-eslint/no-explicit-any
  238:64  error  Unexpected any. Specify a different type  @typescript-eslint/no-explicit-any

C:\Users\Admin\Desktop\CogainCore\cogain-core\frontend\bizdoc\src\routes\_app\attendance\business-trip\index.tsx
  247:25  error    React Hook "useHasPermission" is called conditionally. React Hooks must be called in the exact same order in every component render                   react-hooks/rules-of-hooks
  669:5   warning  React Hook useMemo has missing dependencies: 'renderDetailPlaceholder' and 'setDetailSearchText'. Either include them or remove the dependency array  react-hooks/exhaustive-deps

C:\Users\Admin\Desktop\CogainCore\cogain-core\frontend\bizdoc\src\routes\_app\attendance\leave-ticket\$id\detail.tsx
  167:27   error  Unexpected any. Specify a different type  @typescript-eslint/no-explicit-any
  411:74   error  Unexpected any. Specify a different type  @typescript-eslint/no-explicit-any
  411:115  error  Unexpected any. Specify a different type  @typescript-eslint/no-explicit-any

C:\Users\Admin\Desktop\CogainCore\cogain-core\frontend\bizdoc\src\routes\_app\attendance\leave-ticket\_components\attachment-section.tsx
  60:23  error  Unexpected any. Specify a different type  @typescript-eslint/no-explicit-any

C:\Users\Admin\Desktop\CogainCore\cogain-core\frontend\bizdoc\src\routes\_app\attendance\leave-ticket\_components\leave-ticket-form.tsx
  166:71  error    Unexpected any. Specify a different type                                                                                                                                                                                                 @typescript-eslint/no-explicit-any
  288:46  error    Unexpected any. Specify a different type                                                                                                                                                                                                 @typescript-eslint/no-explicit-any
  290:25  error    Unexpected any. Specify a different type                                                                                                                                                                                                 @typescript-eslint/no-explicit-any
  349:6   warning  React Hook useEffect has a missing dependency: 'setSelectedRefDocument'. Either include it or remove the dependency array                                                                                                                react-hooks/exhaustive-deps
  364:28  error    Unexpected any. Specify a different type                                                                                                                                                                                                 @typescript-eslint/no-explicit-any
  444:9   warning  The 'detailsWatch' logical expression could make the dependencies of useMemo Hook (at line 461) change on every render. To fix this, wrap the initialization of 'detailsWatch' in its own useMemo() Hook                                 react-hooks/exhaustive-deps
  444:9   warning  The 'detailsWatch' logical expression could make the dependencies of useMemo Hook (at line 470) change on every render. To fix this, wrap the initialization of 'detailsWatch' in its own useMemo() Hook                                 react-hooks/exhaustive-deps
  463:9   warning  The 'sessions' logical expression could make the dependencies of useMemo Hook (at line 470) change on every render. Move it inside the useMemo callback. Alternatively, wrap the initialization of 'sessions' in its own useMemo() Hook  react-hooks/exhaustive-deps

C:\Users\Admin\Desktop\CogainCore\cogain-core\frontend\bizdoc\src\routes\_app\attendance\leave-ticket\_hooks\use-leave-ticket.tsx
  146:60  error  Unexpected any. Specify a different type  @typescript-eslint/no-explicit-any

C:\Users\Admin\Desktop\CogainCore\cogain-core\frontend\bizdoc\src\routes\_app\attendance\leave-ticket\index.tsx
  130:6  warning  React Hook useMemo has a missing dependency: 'isAdmin'. Either include it or remove the dependency array                                                   react-hooks/exhaustive-deps
  167:6  warning  React Hook useEffect has missing dependencies: 'navigate', 'refDocId', and 'refResolutionReferenceId'. Either include them or remove the dependency array  react-hooks/exhaustive-deps

C:\Users\Admin\Desktop\CogainCore\cogain-core\frontend\bizdoc\src\routes\_app\attendance\overtime\$id\detail.tsx
  159:27  error  Unexpected any. Specify a different type  @typescript-eslint/no-explicit-any

C:\Users\Admin\Desktop\CogainCore\cogain-core\frontend\bizdoc\src\routes\_app\attendance\overtime\-components\overtime-detail-table.tsx
  256:26  error    Unexpected any. Specify a different type                                                                                                                                                                                          @typescript-eslint/no-explicit-any
  256:55  error    Unexpected any. Specify a different type                                                                                                                                                                                          @typescript-eslint/no-explicit-any
  266:9   warning  The 'duplicateRow' function makes the dependencies of useMemo Hook (at line 878) change on every render. Move it inside the useMemo callback. Alternatively, wrap the definition of 'duplicateRow' in its own useCallback() Hook  react-hooks/exhaustive-deps
  269:13  error    'id' is assigned a value but never used                                                                                                                                                                                           @typescript-eslint/no-unused-vars
  269:17  error    'employeeId' is assigned a value but never used                                                                                                                                                                                   @typescript-eslint/no-unused-vars
  269:29  error    'employeeCode' is assigned a value but never used                                                                                                                                                                                 @typescript-eslint/no-unused-vars
  269:43  error    'employeeName' is assigned a value but never used                                                                                                                                                                                 @typescript-eslint/no-unused-vars
  313:46  error    Unexpected any. Specify a different type                                                                                                                                                                                          @typescript-eslint/no-explicit-any
  315:36  error    Unexpected any. Specify a different type                                                                                                                                                                                          @typescript-eslint/no-explicit-any
  322:30  error    Unexpected any. Specify a different type                                                                                                                                                                                          @typescript-eslint/no-explicit-any
  332:44  error    Unexpected any. Specify a different type                                                                                                                                                                                          @typescript-eslint/no-explicit-any
  348:47  error    Unexpected any. Specify a different type                                                                                                                                                                                          @typescript-eslint/no-explicit-any
  377:13  error    Unexpected any. Specify a different type                                                                                                                                                                                          @typescript-eslint/no-explicit-any
  379:6   warning  React Hook useMemo has an unnecessary dependency: 'quickAdd.open'. Either exclude it or remove the dependency array                                                                                                               react-hooks/exhaustive-deps
  408:13  error    Unexpected any. Specify a different type                                                                                                                                                                                          @typescript-eslint/no-explicit-any
  421:47  error    Unexpected any. Specify a different type                                                                                                                                                                                          @typescript-eslint/no-explicit-any
  454:9   warning  The 'detailValues' logical expression could make the dependencies of useMemo Hook (at line 465) change on every render. To fix this, wrap the initialization of 'detailValues' in its own useMemo() Hook                          react-hooks/exhaustive-deps
  454:9   warning  The 'detailValues' logical expression could make the dependencies of useMemo Hook (at line 470) change on every render. To fix this, wrap the initialization of 'detailValues' in its own useMemo() Hook                          react-hooks/exhaustive-deps

C:\Users\Admin\Desktop\CogainCore\cogain-core\frontend\bizdoc\src\routes\_app\attendance\overtime\-components\overtime-filter-popover.tsx
  323:17  warning  Fast refresh only works when a file only exports components. Use a new file to share constants or functions between components  react-refresh/only-export-components

C:\Users\Admin\Desktop\CogainCore\cogain-core\frontend\bizdoc\src\routes\_app\attendance\overtime\-components\overtime-form.tsx
  396:6   warning  React Hook useEffect has a missing dependency: 'resetForm'. Either include it or remove the dependency array  react-hooks/exhaustive-deps
  456:7   error    'completionRate' is assigned a value but never used                                                           @typescript-eslint/no-unused-vars
  491:9   error    'actualStartTime' is defined but never used                                                                   @typescript-eslint/no-unused-vars
  492:9   error    'actualEndTime' is defined but never used                                                                     @typescript-eslint/no-unused-vars
  493:9   error    'employeeCode' is defined but never used                                                                      @typescript-eslint/no-unused-vars
  494:9   error    'employeeName' is defined but never used                                                                      @typescript-eslint/no-unused-vars
  495:9   error    'supervisorConfirmedNote' is defined but never used                                                           @typescript-eslint/no-unused-vars
  517:17  error    'code' is assigned a value but never used                                                                     @typescript-eslint/no-unused-vars
  517:23  error    'refDocNum' is assigned a value but never used                                                                @typescript-eslint/no-unused-vars

C:\Users\Admin\Desktop\CogainCore\cogain-core\frontend\bizdoc\src\routes\_app\attendance\overtime\-components\overtime-time-picker.tsx
  78:6  warning  React Hook useEffect has a missing dependency: 'inputValue'. Either include it or remove the dependency array  react-hooks/exhaustive-deps

C:\Users\Admin\Desktop\CogainCore\cogain-core\frontend\bizdoc\src\routes\_app\attendance\overtime\-components\supervisor-confirm-dialog.tsx
    90:75  error    Unexpected any. Specify a different type                                                                        @typescript-eslint/no-explicit-any
   107:75  error    Unexpected any. Specify a different type                                                                        @typescript-eslint/no-explicit-any
  1160:5   warning  React Hook useMemo has a missing dependency: 'rowTimeErrors'. Either include it or remove the dependency array  react-hooks/exhaustive-deps

C:\Users\Admin\Desktop\CogainCore\cogain-core\frontend\bizdoc\src\routes\_app\attendance\overtime\index.tsx
  646:5   warning  React Hook useMemo has missing dependencies: 'renderDetailPlaceholder' and 'setDetailSearchText'. Either include them or remove the dependency array  react-hooks/exhaustive-deps
  713:57  error    Unexpected any. Specify a different type                                                                                                              @typescript-eslint/no-explicit-any
  718:35  error    Unexpected any. Specify a different type                                                                                                              @typescript-eslint/no-explicit-any

C:\Users\Admin\Desktop\CogainCore\cogain-core\frontend\bizdoc\src\routes\_app\business-document\advance-settlement\_components\advance-settlement-form.tsx
  249:6  warning  React Hook useEffect has a missing dependency: 'form'. Either include it or remove the dependency array  react-hooks/exhaustive-deps
  284:6  warning  React Hook useEffect has a missing dependency: 'form'. Either include it or remove the dependency array  react-hooks/exhaustive-deps

C:\Users\Admin\Desktop\CogainCore\cogain-core\frontend\bizdoc\src\routes\_app\business-document\advance-settlement\index.tsx
  52:9  warning  The 'handleEdit' function makes the dependencies of useMemo Hook (at line 240) change on every render. Move it inside the useMemo callback. Alternatively, wrap the definition of 'handleEdit' in its own useCallback() Hook  react-hooks/exhaustive-deps

C:\Users\Admin\Desktop\CogainCore\cogain-core\frontend\bizdoc\src\routes\_app\business-document\payment-request\_components\payment-request-form.tsx
  330:6  warning  React Hook useEffect has a missing dependency: 'form'. Either include it or remove the dependency array                           react-hooks/exhaustive-deps
  372:6  warning  React Hook useEffect has a missing dependency: 'form'. Either include it or remove the dependency array                           react-hooks/exhaustive-deps
  387:6  warning  React Hook useEffect has missing dependencies: 'applyBankAccount' and 'form'. Either include them or remove the dependency array  react-hooks/exhaustive-deps

C:\Users\Admin\Desktop\CogainCore\cogain-core\frontend\bizdoc\src\routes\_app\business-document\payment-request\index.tsx
  52:9  warning  The 'handleEdit' function makes the dependencies of useMemo Hook (at line 220) change on every render. Move it inside the useMemo callback. Alternatively, wrap the definition of 'handleEdit' in its own useCallback() Hook  react-hooks/exhaustive-deps

C:\Users\Admin\Desktop\CogainCore\cogain-core\frontend\bizdoc\src\routes\_app\business-document\payment-voucher\_components\payment-voucher-form.tsx
  265:6  warning  React Hook useEffect has a missing dependency: 'form'. Either include it or remove the dependency array  react-hooks/exhaustive-deps
  295:6  warning  React Hook useEffect has a missing dependency: 'form'. Either include it or remove the dependency array  react-hooks/exhaustive-deps

C:\Users\Admin\Desktop\CogainCore\cogain-core\frontend\bizdoc\src\routes\_app\business-document\payment-voucher\index.tsx
  276:5  warning  React Hook useMemo has an unnecessary dependency: 'voucherType'. Either exclude it or remove the dependency array  react-hooks/exhaustive-deps

C:\Users\Admin\Desktop\CogainCore\cogain-core\frontend\bizdoc\src\routes\_app\business-document\receipt-request\_components\receipt-request-form.tsx
  273:6  warning  React Hook useEffect has a missing dependency: 'form'. Either include it or remove the dependency array  react-hooks/exhaustive-deps
  340:6  warning  React Hook useEffect has a missing dependency: 'form'. Either include it or remove the dependency array  react-hooks/exhaustive-deps

C:\Users\Admin\Desktop\CogainCore\cogain-core\frontend\bizdoc\src\routes\_app\business-document\receipt-request\index.tsx
  52:9  warning  The 'handleEdit' function makes the dependencies of useMemo Hook (at line 220) change on every render. Move it inside the useMemo callback. Alternatively, wrap the definition of 'handleEdit' in its own useCallback() Hook  react-hooks/exhaustive-deps

C:\Users\Admin\Desktop\CogainCore\cogain-core\frontend\bizdoc\src\routes\_app\business-document\receipt-voucher\_components\receipt-voucher-form.tsx
  265:6  warning  React Hook useEffect has a missing dependency: 'form'. Either include it or remove the dependency array  react-hooks/exhaustive-deps
  295:6  warning  React Hook useEffect has a missing dependency: 'form'. Either include it or remove the dependency array  react-hooks/exhaustive-deps

C:\Users\Admin\Desktop\CogainCore\cogain-core\frontend\bizdoc\src\routes\_app\business-document\receipt-voucher\index.tsx
  56:9  warning  The 'handleEdit' function makes the dependencies of useMemo Hook (at line 266) change on every render. Move it inside the useMemo callback. Alternatively, wrap the definition of 'handleEdit' in its own useCallback() Hook  react-hooks/exhaustive-deps

C:\Users\Admin\Desktop\CogainCore\cogain-core\frontend\bizdoc\src\routes\_app\finished-goods-price\$id\index.tsx
  127:9  warning  The 'semiFinishedGoods' logical expression could make the dependencies of useMemo Hook (at line 333) change on every render. Move it inside the useMemo callback. Alternatively, wrap the initialization of 'semiFinishedGoods' in its own useMemo() Hook        react-hooks/exhaustive-deps
  128:9  warning  The 'productionOperations' logical expression could make the dependencies of useMemo Hook (at line 333) change on every render. Move it inside the useMemo callback. Alternatively, wrap the initialization of 'productionOperations' in its own useMemo() Hook  react-hooks/exhaustive-deps
  129:9  warning  The 'productionCosts' logical expression could make the dependencies of useMemo Hook (at line 333) change on every render. Move it inside the useMemo callback. Alternatively, wrap the initialization of 'productionCosts' in its own useMemo() Hook            react-hooks/exhaustive-deps
  130:9  warning  The 'productionStandards' logical expression could make the dependencies of useMemo Hook (at line 333) change on every render. Move it inside the useMemo callback. Alternatively, wrap the initialization of 'productionStandards' in its own useMemo() Hook    react-hooks/exhaustive-deps

C:\Users\Admin\Desktop\CogainCore\cogain-core\frontend\bizdoc\src\routes\_app\finished-goods-price\-components\finished-goods-price-form.tsx
  159:9   warning  The 'details' logical expression could make the dependencies of useMemo Hook (at line 190) change on every render. Move it inside the useMemo callback. Alternatively, wrap the initialization of 'details' in its own useMemo() Hook  react-hooks/exhaustive-deps
  312:6   warning  React Hook useEffect has a missing dependency: 'setSelectedRefDocument'. Either include it or remove the dependency array                                                                                                              react-hooks/exhaustive-deps
  333:17  error    'code' is assigned a value but never used                                                                                                                                                                                              @typescript-eslint/no-unused-vars
  333:23  error    'refDocId' is assigned a value but never used                                                                                                                                                                                          @typescript-eslint/no-unused-vars
  333:33  error    'refTypeId' is assigned a value but never used                                                                                                                                                                                         @typescript-eslint/no-unused-vars
  338:40  error    'id' is defined but never used                                                                                                                                                                                                         @typescript-eslint/no-unused-vars
  348:14  error    'error' is defined but never used                                                                                                                                                                                                      @typescript-eslint/no-unused-vars
  348:21  error    Empty block statement                                                                                                                                                                                                                  no-empty

C:\Users\Admin\Desktop\CogainCore\cogain-core\frontend\bizdoc\src\routes\_app\finished-goods-price\index.tsx
   228:9   warning  The 'semiFinishedGoods' logical expression could make the dependencies of useMemo Hook (at line 317) change on every render. To fix this, wrap the initialization of 'semiFinishedGoods' in its own useMemo() Hook        react-hooks/exhaustive-deps
   229:9   warning  The 'productionOperations' logical expression could make the dependencies of useMemo Hook (at line 317) change on every render. To fix this, wrap the initialization of 'productionOperations' in its own useMemo() Hook  react-hooks/exhaustive-deps
   230:9   warning  The 'productionCosts' logical expression could make the dependencies of useMemo Hook (at line 317) change on every render. To fix this, wrap the initialization of 'productionCosts' in its own useMemo() Hook            react-hooks/exhaustive-deps
   231:9   warning  The 'productionStandards' logical expression could make the dependencies of useMemo Hook (at line 317) change on every render. To fix this, wrap the initialization of 'productionStandards' in its own useMemo() Hook    react-hooks/exhaustive-deps
   343:77  error    Unexpected any. Specify a different type                                                                                                                                                                                  @typescript-eslint/no-explicit-any
   614:5   warning  React Hook useMemo has a missing dependency: 'navigate'. Either include it or remove the dependency array                                                                                                                 react-hooks/exhaustive-deps
   980:62  error    Unexpected any. Specify a different type                                                                                                                                                                                  @typescript-eslint/no-explicit-any
  1029:40  error    Unexpected any. Specify a different type                                                                                                                                                                                  @typescript-eslint/no-explicit-any

C:\Users\Admin\Desktop\CogainCore\cogain-core\frontend\bizdoc\src\routes\_app\installation-management\cost\-components\cost-chart-view.tsx
  170:40  error  Unexpected any. Specify a different type  @typescript-eslint/no-explicit-any

C:\Users\Admin\Desktop\CogainCore\cogain-core\frontend\bizdoc\src\routes\_app\installation-management\cost\index.tsx
   50:9  warning  The 'projects' logical expression could make the dependencies of useMemo Hook (at line 326) change on every render. To fix this, wrap the initialization of 'projects' in its own useMemo() Hook                                     react-hooks/exhaustive-deps
   66:9  warning  The 'navPlans' logical expression could make the dependencies of useMemo Hook (at line 225) change on every render. To fix this, wrap the initialization of 'navPlans' in its own useMemo() Hook                                     react-hooks/exhaustive-deps
   66:9  warning  The 'navPlans' logical expression could make the dependencies of useMemo Hook (at line 321) change on every render. To fix this, wrap the initialization of 'navPlans' in its own useMemo() Hook                                     react-hooks/exhaustive-deps
  146:9  warning  The 'orders' logical expression could make the dependencies of useMemo Hook (at line 225) change on every render. Move it inside the useMemo callback. Alternatively, wrap the initialization of 'orders' in its own useMemo() Hook  react-hooks/exhaustive-deps

C:\Users\Admin\Desktop\CogainCore\cogain-core\frontend\bizdoc\src\routes\_app\installation-management\installation-acceptance-minute\-components\acceptance-minute-detail-table.tsx
   65:9   warning  The 'getStandardName' function makes the dependencies of useMemo Hook (at line 382) change on every render. To fix this, wrap the definition of 'getStandardName' in its own useCallback() Hook  react-hooks/exhaustive-deps
   66:9   warning  The 'getCost' function makes the dependencies of useMemo Hook (at line 382) change on every render. To fix this, wrap the definition of 'getCost' in its own useCallback() Hook                  react-hooks/exhaustive-deps
   67:9   warning  The 'getTeam' function makes the dependencies of useMemo Hook (at line 382) change on every render. To fix this, wrap the definition of 'getTeam' in its own useCallback() Hook                  react-hooks/exhaustive-deps
   69:9   warning  The 'resolveCostUom' function makes the dependencies of useMemo Hook (at line 382) change on every render. To fix this, wrap the definition of 'resolveCostUom' in its own useCallback() Hook    react-hooks/exhaustive-deps
   70:75  error    Unexpected any. Specify a different type                                                                                                                                                         @typescript-eslint/no-explicit-any
   75:78  error    Unexpected any. Specify a different type                                                                                                                                                         @typescript-eslint/no-explicit-any
  142:6   warning  React Hook useMemo has missing dependencies: 'getSearchText' and 'resolveCostUom'. Either include them or remove the dependency array                                                            react-hooks/exhaustive-deps
  430:71  error    Unexpected any. Specify a different type                                                                                                                                                         @typescript-eslint/no-explicit-any
  460:75  error    Unexpected any. Specify a different type                                                                                                                                                         @typescript-eslint/no-explicit-any
  486:70  error    Unexpected any. Specify a different type                                                                                                                                                         @typescript-eslint/no-explicit-any
  544:75  error    Unexpected any. Specify a different type                                                                                                                                                         @typescript-eslint/no-explicit-any

C:\Users\Admin\Desktop\CogainCore\cogain-core\frontend\bizdoc\src\routes\_app\installation-management\installation-acceptance-minute\-components\acceptance-minute-form.tsx
  209:85  error    Unexpected any. Specify a different type                                                                                     @typescript-eslint/no-explicit-any
  222:35  error    Unexpected any. Specify a different type                                                                                     @typescript-eslint/no-explicit-any
  225:15  error    Unexpected any. Specify a different type                                                                                     @typescript-eslint/no-explicit-any
  377:6   warning  React Hook useEffect has a missing dependency: 'selectedRefDocument.code'. Either include it or remove the dependency array  react-hooks/exhaustive-deps

C:\Users\Admin\Desktop\CogainCore\cogain-core\frontend\bizdoc\src\routes\_app\installation-management\installation-acceptance-minute\-components\acceptance-minute-modal.tsx
   73:21  error  '_rejectedDetailId' is defined but never used  @typescript-eslint/no-unused-vars
  138:38  error  Unexpected any. Specify a different type       @typescript-eslint/no-explicit-any
  156:41  error  Unexpected any. Specify a different type       @typescript-eslint/no-explicit-any
  286:39  error  Unexpected any. Specify a different type       @typescript-eslint/no-explicit-any
  604:55  error  Unexpected any. Specify a different type       @typescript-eslint/no-explicit-any

C:\Users\Admin\Desktop\CogainCore\cogain-core\frontend\bizdoc\src\routes\_app\installation-management\installation-acceptance-minute\-components\acceptance-minute-print-dialog.tsx
  36:19  error  Unexpected any. Specify a different type  @typescript-eslint/no-explicit-any

C:\Users\Admin\Desktop\CogainCore\cogain-core\frontend\bizdoc\src\routes\_app\installation-management\installation-acceptance-minute\-components\other-role-confirm-dialog.tsx
   74:62  error    Unexpected any. Specify a different type                                                                                                    @typescript-eslint/no-explicit-any
   77:5   warning  React Hook useCallback has a missing dependency: 'pendingDetail'. Either include it or remove the dependency array                          react-hooks/exhaustive-deps
   77:17  warning  React Hook useCallback has a complex expression in the dependency array. Extract it to a separate variable so it can be statically checked  react-hooks/exhaustive-deps
   77:35  error    Unexpected any. Specify a different type                                                                                                    @typescript-eslint/no-explicit-any
  145:38  error    Unexpected any. Specify a different type                                                                                                    @typescript-eslint/no-explicit-any

C:\Users\Admin\Desktop\CogainCore\cogain-core\frontend\bizdoc\src\routes\_app\installation-management\installation-acceptance-minute\-hooks\use-installation-acceptance-detail-columns.tsx
  461:5  warning  React Hook useMemo has an unnecessary dependency: 'resolveCostUom'. Either exclude it or remove the dependency array  react-hooks/exhaustive-deps

C:\Users\Admin\Desktop\CogainCore\cogain-core\frontend\bizdoc\src\routes\_app\installation-management\installation-acceptance-minute\-hooks\use-installation-acceptance-signalr.ts
   31:17  error  Unexpected any. Specify a different type            @typescript-eslint/no-explicit-any
   32:22  error  Unexpected any. Specify a different type            @typescript-eslint/no-explicit-any
   33:26  error  Unexpected any. Specify a different type            @typescript-eslint/no-explicit-any
   34:17  error  Unexpected any. Specify a different type            @typescript-eslint/no-explicit-any
   35:29  error  Unexpected any. Specify a different type            @typescript-eslint/no-explicit-any
   36:19  error  Unexpected any. Specify a different type            @typescript-eslint/no-explicit-any
  131:52  error  Unexpected any. Specify a different type            @typescript-eslint/no-explicit-any
  135:32  error  Unexpected any. Specify a different type            @typescript-eslint/no-explicit-any
  136:71  error  Unexpected any. Specify a different type            @typescript-eslint/no-explicit-any
  158:28  error  Unexpected any. Specify a different type            @typescript-eslint/no-explicit-any
  197:34  error  Unexpected any. Specify a different type            @typescript-eslint/no-explicit-any
  230:33  error  Unexpected any. Specify a different type            @typescript-eslint/no-explicit-any
  233:51  error  Unexpected any. Specify a different type            @typescript-eslint/no-explicit-any
  247:31  error  Unexpected any. Specify a different type            @typescript-eslint/no-explicit-any
  254:11  error  'updated' is never reassigned. Use 'const' instead  prefer-const
  258:35  error  Unexpected any. Specify a different type            @typescript-eslint/no-explicit-any
  270:23  error  Unexpected any. Specify a different type            @typescript-eslint/no-explicit-any
  284:19  error  Unexpected any. Specify a different type            @typescript-eslint/no-explicit-any
  310:38  error  Unexpected any. Specify a different type            @typescript-eslint/no-explicit-any
  314:76  error  Unexpected any. Specify a different type            @typescript-eslint/no-explicit-any
  316:57  error  Unexpected any. Specify a different type            @typescript-eslint/no-explicit-any
  340:42  error  Unexpected any. Specify a different type            @typescript-eslint/no-explicit-any
  343:41  error  Unexpected any. Specify a different type            @typescript-eslint/no-explicit-any
  360:45  error  Unexpected any. Specify a different type            @typescript-eslint/no-explicit-any
  365:90  error  Unexpected any. Specify a different type            @typescript-eslint/no-explicit-any
  367:59  error  Unexpected any. Specify a different type            @typescript-eslint/no-explicit-any
  413:76  error  Unexpected any. Specify a different type            @typescript-eslint/no-explicit-any
  415:57  error  Unexpected any. Specify a different type            @typescript-eslint/no-explicit-any
  447:43  error  Unexpected any. Specify a different type            @typescript-eslint/no-explicit-any
  450:42  error  Unexpected any. Specify a different type            @typescript-eslint/no-explicit-any
  455:15  error  Unexpected any. Specify a different type            @typescript-eslint/no-explicit-any
  468:50  error  Unexpected any. Specify a different type            @typescript-eslint/no-explicit-any
  495:38  error  Unexpected any. Specify a different type            @typescript-eslint/no-explicit-any
  524:32  error  Unexpected any. Specify a different type            @typescript-eslint/no-explicit-any
  587:40  error  Unexpected any. Specify a different type            @typescript-eslint/no-explicit-any
  590:39  error  Unexpected any. Specify a different type            @typescript-eslint/no-explicit-any
  593:37  error  Unexpected any. Specify a different type            @typescript-eslint/no-explicit-any
  596:44  error  Unexpected any. Specify a different type            @typescript-eslint/no-explicit-any
  599:51  error  Unexpected any. Specify a different type            @typescript-eslint/no-explicit-any
  602:49  error  Unexpected any. Specify a different type            @typescript-eslint/no-explicit-any
  605:56  error  Unexpected any. Specify a different type            @typescript-eslint/no-explicit-any
  608:44  error  Unexpected any. Specify a different type            @typescript-eslint/no-explicit-any
  611:38  error  Unexpected any. Specify a different type            @typescript-eslint/no-explicit-any

C:\Users\Admin\Desktop\CogainCore\cogain-core\frontend\bizdoc\src\routes\_app\installation-management\installation-acceptance-minute\index.tsx
   199:36  error  Unexpected any. Specify a different type  @typescript-eslint/no-explicit-any
   212:15  error  Unexpected any. Specify a different type  @typescript-eslint/no-explicit-any
   226:34  error  Unexpected any. Specify a different type  @typescript-eslint/no-explicit-any
   267:19  error  Unexpected any. Specify a different type  @typescript-eslint/no-explicit-any
   310:77  error  Unexpected any. Specify a different type  @typescript-eslint/no-explicit-any
  1094:30  error  Unexpected any. Specify a different type  @typescript-eslint/no-explicit-any
  1107:30  error  Unexpected any. Specify a different type  @typescript-eslint/no-explicit-any
  1120:30  error  Unexpected any. Specify a different type  @typescript-eslint/no-explicit-any

C:\Users\Admin\Desktop\CogainCore\cogain-core\frontend\bizdoc\src\routes\_app\installation-management\installation-order\-components\installation-detail-tab\common.tsx
   57:14  warning  Fast refresh only works when a file only exports components. Use a new file to share constants or functions between components  react-refresh/only-export-components
   60:17  warning  Fast refresh only works when a file only exports components. Use a new file to share constants or functions between components  react-refresh/only-export-components
  134:14  warning  Fast refresh only works when a file only exports components. Use a new file to share constants or functions between components  react-refresh/only-export-components
  138:14  warning  Fast refresh only works when a file only exports components. Use a new file to share constants or functions between components  react-refresh/only-export-components
  143:14  warning  Fast refresh only works when a file only exports components. Use a new file to share constants or functions between components  react-refresh/only-export-components

C:\Users\Admin\Desktop\CogainCore\cogain-core\frontend\bizdoc\src\routes\_app\installation-management\installation-order\-components\installation-detail-tab\construction-measures-tab.tsx
  587:6  warning  React Hook useMemo has a missing dependency: 'form'. Either include it or remove the dependency array  react-hooks/exhaustive-deps

C:\Users\Admin\Desktop\CogainCore\cogain-core\frontend\bizdoc\src\routes\_app\installation-management\installation-order\-components\installation-detail-tab\details-tab.tsx
   322:15  error    '_sourceData' is defined but never used                                                                @typescript-eslint/no-unused-vars
  1552:6   warning  React Hook useMemo has a missing dependency: 'form'. Either include it or remove the dependency array  react-hooks/exhaustive-deps

C:\Users\Admin\Desktop\CogainCore\cogain-core\frontend\bizdoc\src\routes\_app\installation-management\installation-order\-components\installation-detail-tab\packing-detail-view-dialog.tsx
  57:29  error  Unexpected any. Specify a different type  @typescript-eslint/no-explicit-any
  61:32  error  Unexpected any. Specify a different type  @typescript-eslint/no-explicit-any
  62:32  error  Unexpected any. Specify a different type  @typescript-eslint/no-explicit-any
  64:45  error  Unexpected any. Specify a different type  @typescript-eslint/no-explicit-any
  65:45  error  Unexpected any. Specify a different type  @typescript-eslint/no-explicit-any

C:\Users\Admin\Desktop\CogainCore\cogain-core\frontend\bizdoc\src\routes\_app\installation-management\installation-order\-components\installation-detail-tab\packing-selection-dialog.tsx
  453:5  warning  React Hook useMemo has unnecessary dependencies: 'checkIsAlreadyAdded' and 'existingPackingMap'. Either exclude them or remove the dependency array  react-hooks/exhaustive-deps

C:\Users\Admin\Desktop\CogainCore\cogain-core\frontend\bizdoc\src\routes\_app\installation-management\installation-order\-components\installation-detail-tab\packings-tab.tsx
  70:9  warning  The 'watchedFinishedGoods' logical expression could make the dependencies of useMemo Hook (at line 82) change on every render. Move it inside the useMemo callback. Alternatively, wrap the initialization of 'watchedFinishedGoods' in its own useMemo() Hook  react-hooks/exhaustive-deps

C:\Users\Admin\Desktop\CogainCore\cogain-core\frontend\bizdoc\src\routes\_app\installation-management\installation-order\-components\installation-order-detail-table.helper.tsx
   47:14  warning  Fast refresh only works when a file only exports components. Use a new file to share constants or functions between components  react-refresh/only-export-components
   65:14  warning  Fast refresh only works when a file only exports components. Use a new file to share constants or functions between components  react-refresh/only-export-components
   89:14  warning  Fast refresh only works when a file only exports components. Use a new file to share constants or functions between components  react-refresh/only-export-components
  108:14  warning  Fast refresh only works when a file only exports components. Use a new file to share constants or functions between components  react-refresh/only-export-components
  130:14  warning  Fast refresh only works when a file only exports components. Use a new file to share constants or functions between components  react-refresh/only-export-components
  146:17  warning  Fast refresh only works when a file only exports components. Use a new file to share constants or functions between components  react-refresh/only-export-components
  195:17  warning  Fast refresh only works when a file only exports components. Use a new file to share constants or functions between components  react-refresh/only-export-components
  243:14  warning  Fast refresh only works when a file only exports components. Use a new file to share constants or functions between components  react-refresh/only-export-components
  272:17  warning  Fast refresh only works when a file only exports components. Use a new file to share constants or functions between components  react-refresh/only-export-components
  426:5   warning  React Hook useMemo has an unnecessary dependency: 'lookups.costMap'. Either exclude it or remove the dependency array           react-hooks/exhaustive-deps
  670:14  warning  Fast refresh only works when a file only exports components. Use a new file to share constants or functions between components  react-refresh/only-export-components

C:\Users\Admin\Desktop\CogainCore\cogain-core\frontend\bizdoc\src\routes\_app\installation-management\installation-order\-components\installation-order-detail-view-config.tsx
   32:17  warning  Fast refresh only works when a file only exports components. Use a new file to share constants or functions between components  react-refresh/only-export-components
  106:14  warning  Fast refresh only works when a file only exports components. Use a new file to share constants or functions between components  react-refresh/only-export-components
  133:17  warning  Fast refresh only works when a file only exports components. Use a new file to share constants or functions between components  react-refresh/only-export-components
  657:14  warning  Fast refresh only works when a file only exports components. Use a new file to share constants or functions between components  react-refresh/only-export-components

C:\Users\Admin\Desktop\CogainCore\cogain-core\frontend\bizdoc\src\routes\_app\installation-management\installation-order\-components\installation-order-filter-popover.tsx
  29:13  error  '_statuses' is defined but never used  @typescript-eslint/no-unused-vars

C:\Users\Admin\Desktop\CogainCore\cogain-core\frontend\bizdoc\src\routes\_app\installation-management\installation-plan\$id\index.tsx
   80:55  error  Unexpected any. Specify a different type  @typescript-eslint/no-explicit-any
  123:26  error  Unexpected any. Specify a different type  @typescript-eslint/no-explicit-any
  129:47  error  Unexpected any. Specify a different type  @typescript-eslint/no-explicit-any
  160:54  error  Unexpected any. Specify a different type  @typescript-eslint/no-explicit-any

C:\Users\Admin\Desktop\CogainCore\cogain-core\frontend\bizdoc\src\routes\_app\installation-management\installation-plan\-components\installation-plan-copy-stages-popover.tsx
  31:9  warning  The 'allDetails' logical expression could make the dependencies of useMemo Hook (at line 38) change on every render. To fix this, wrap the initialization of 'allDetails' in its own useMemo() Hook  react-hooks/exhaustive-deps
  31:9  warning  The 'allDetails' logical expression could make the dependencies of useMemo Hook (at line 45) change on every render. To fix this, wrap the initialization of 'allDetails' in its own useMemo() Hook  react-hooks/exhaustive-deps

C:\Users\Admin\Desktop\CogainCore\cogain-core\frontend\bizdoc\src\routes\_app\installation-management\installation-plan\-components\installation-plan-table.tsx
   976:6   warning  React Hook useEffect has a missing dependency: 'details'. Either include it or remove the dependency array                                                         react-hooks/exhaustive-deps
  1009:52  error    Unexpected any. Specify a different type                                                                                                                           @typescript-eslint/no-explicit-any
  1361:6   warning  React Hook useEffect has a missing dependency: 'details'. Either include it or remove the dependency array                                                         react-hooks/exhaustive-deps
  2114:6   warning  React Hook useMemo has missing dependencies: 'handleAddStage' and 'handleRemoveRow'. Either include them or remove the dependency array                            react-hooks/exhaustive-deps
  2137:5   warning  React Hook useCallback has missing dependencies: 'handleAddStage', 'handleCopyStage', and 'handleRemoveStage'. Either include them or remove the dependency array  react-hooks/exhaustive-deps

C:\Users\Admin\Desktop\CogainCore\cogain-core\frontend\bizdoc\src\routes\_app\installation-management\installation-plan\-hooks\use-installation-gantt.ts
  30:38  error  Unexpected any. Specify a different type  @typescript-eslint/no-explicit-any
  39:39  error  Unexpected any. Specify a different type  @typescript-eslint/no-explicit-any

C:\Users\Admin\Desktop\CogainCore\cogain-core\frontend\bizdoc\src\routes\_app\installation-management\installation-plan\index.tsx
  448:5  warning  React Hook useMemo has unnecessary dependencies: 'queryParams.fromDate', 'queryParams.status', and 'queryParams.toDate'. Either exclude them or remove the dependency array  react-hooks/exhaustive-deps

C:\Users\Admin\Desktop\CogainCore\cogain-core\frontend\bizdoc\src\routes\_app\installation-management\progress\index.tsx
   50:9  warning  The 'projects' logical expression could make the dependencies of useMemo Hook (at line 326) change on every render. To fix this, wrap the initialization of 'projects' in its own useMemo() Hook                                     react-hooks/exhaustive-deps
   66:9  warning  The 'navPlans' logical expression could make the dependencies of useMemo Hook (at line 225) change on every render. To fix this, wrap the initialization of 'navPlans' in its own useMemo() Hook                                     react-hooks/exhaustive-deps
   66:9  warning  The 'navPlans' logical expression could make the dependencies of useMemo Hook (at line 321) change on every render. To fix this, wrap the initialization of 'navPlans' in its own useMemo() Hook                                     react-hooks/exhaustive-deps
  146:9  warning  The 'orders' logical expression could make the dependencies of useMemo Hook (at line 225) change on every render. Move it inside the useMemo callback. Alternatively, wrap the initialization of 'orders' in its own useMemo() Hook  react-hooks/exhaustive-deps

C:\Users\Admin\Desktop\CogainCore\cogain-core\frontend\bizdoc\src\routes\_app\inventory\finished-goods-receipt\_components\-finished-goods-receipt-form.tsx
  96:47  error  Unexpected any. Specify a different type  @typescript-eslint/no-explicit-any
  96:62  error  Unexpected any. Specify a different type  @typescript-eslint/no-explicit-any

C:\Users\Admin\Desktop\CogainCore\cogain-core\frontend\bizdoc\src\routes\_app\inventory\finished-goods-receipt\_components\select-packing-dialog.tsx
  78:9  warning  The 'projects' logical expression could make the dependencies of useMemo Hook (at line 85) change on every render. To fix this, wrap the initialization of 'projects' in its own useMemo() Hook                                          react-hooks/exhaustive-deps
  78:9  warning  The 'projects' logical expression could make the dependencies of useMemo Hook (at line 99) change on every render. To fix this, wrap the initialization of 'projects' in its own useMemo() Hook                                          react-hooks/exhaustive-deps
  79:9  warning  The 'packings' logical expression could make the dependencies of useMemo Hook (at line 111) change on every render. Move it inside the useMemo callback. Alternatively, wrap the initialization of 'packings' in its own useMemo() Hook  react-hooks/exhaustive-deps

C:\Users\Admin\Desktop\CogainCore\cogain-core\frontend\bizdoc\src\routes\_app\inventory\finished-goods-receipt\_hooks\use-finished-goods-receipt.tsx
  109:28  error  Unexpected any. Specify a different type  @typescript-eslint/no-explicit-any

C:\Users\Admin\Desktop\CogainCore\cogain-core\frontend\bizdoc\src\routes\_app\inventory\goods-transaction\_components\-goods-transaction-form-registry.tsx
  126:14  warning  Fast refresh only works when a file only exports components. Use a new file to share constants or functions between components  react-refresh/only-export-components

C:\Users\Admin\Desktop\CogainCore\cogain-core\frontend\bizdoc\src\routes\_app\inventory\goods-transaction\_components\-goods-transaction-list.tsx
   78:50  error    Unexpected any. Specify a different type                                                                                                                                                              @typescript-eslint/no-explicit-any
   79:24  error    Unexpected any. Specify a different type                                                                                                                                                              @typescript-eslint/no-explicit-any
   91:46  error    Unexpected any. Specify a different type                                                                                                                                                              @typescript-eslint/no-explicit-any
   92:24  error    Unexpected any. Specify a different type                                                                                                                                                              @typescript-eslint/no-explicit-any
  124:9   warning  The 'categories' logical expression could make the dependencies of useMemo Hook (at line 125) change on every render. To fix this, wrap the initialization of 'categories' in its own useMemo() Hook  react-hooks/exhaustive-deps
  124:9   warning  The 'categories' logical expression could make the dependencies of useMemo Hook (at line 129) change on every render. To fix this, wrap the initialization of 'categories' in its own useMemo() Hook  react-hooks/exhaustive-deps
  124:9   warning  The 'categories' logical expression could make the dependencies of useMemo Hook (at line 159) change on every render. To fix this, wrap the initialization of 'categories' in its own useMemo() Hook  react-hooks/exhaustive-deps
  186:42  error    Unexpected any. Specify a different type                                                                                                                                                              @typescript-eslint/no-explicit-any
  187:48  error    Unexpected any. Specify a different type                                                                                                                                                              @typescript-eslint/no-explicit-any

C:\Users\Admin\Desktop\CogainCore\cogain-core\frontend\bizdoc\src\routes\_app\kpi\kpi-evaluation-ticket\index.tsx
   48:5   error  React Hook "useHasPermission" is called conditionally. React Hooks must be called in the exact same order in every component render  react-hooks/rules-of-hooks
   51:5   error  React Hook "useHasPermission" is called conditionally. React Hooks must be called in the exact same order in every component render  react-hooks/rules-of-hooks
   54:5   error  React Hook "useHasPermission" is called conditionally. React Hooks must be called in the exact same order in every component render  react-hooks/rules-of-hooks
   57:5   error  React Hook "useHasPermission" is called conditionally. React Hooks must be called in the exact same order in every component render  react-hooks/rules-of-hooks
  103:21  error  Unexpected any. Specify a different type                                                                                             @typescript-eslint/no-explicit-any
  106:54  error  Unexpected any. Specify a different type                                                                                             @typescript-eslint/no-explicit-any
  107:52  error  Unexpected any. Specify a different type                                                                                             @typescript-eslint/no-explicit-any
  130:25  error  Unexpected any. Specify a different type                                                                                             @typescript-eslint/no-explicit-any
  142:13  error  Empty block statement                                                                                                                no-empty
  308:35  error  Unexpected any. Specify a different type                                                                                             @typescript-eslint/no-explicit-any

C:\Users\Admin\Desktop\CogainCore\cogain-core\frontend\bizdoc\src\routes\_app\labor-order\_components\attachment-section.tsx
   11:14  warning  Fast refresh only works when a file only exports components. Use a new file to share constants or functions between components  react-refresh/only-export-components
  161:35  error    Unexpected any. Specify a different type                                                                                        @typescript-eslint/no-explicit-any

C:\Users\Admin\Desktop\CogainCore\cogain-core\frontend\bizdoc\src\routes\_app\labor-order\_components\labor-order-detail-table.tsx
   95:14  warning  Fast refresh only works when a file only exports components. Use a new file to share constants or functions between components                                                                            react-refresh/only-export-components
  141:9   warning  The 'detailValues' logical expression could make the dependencies of useMemo Hook (at line 144) change on every render. To fix this, wrap the initialization of 'detailValues' in its own useMemo() Hook  react-hooks/exhaustive-deps
  141:9   warning  The 'detailValues' logical expression could make the dependencies of useMemo Hook (at line 155) change on every render. To fix this, wrap the initialization of 'detailValues' in its own useMemo() Hook  react-hooks/exhaustive-deps
  141:9   warning  The 'detailValues' logical expression could make the dependencies of useMemo Hook (at line 207) change on every render. To fix this, wrap the initialization of 'detailValues' in its own useMemo() Hook  react-hooks/exhaustive-deps
  141:9   warning  The 'detailValues' logical expression could make the dependencies of useMemo Hook (at line 422) change on every render. To fix this, wrap the initialization of 'detailValues' in its own useMemo() Hook  react-hooks/exhaustive-deps
  400:6   warning  React Hook useMemo has a missing dependency: 'handleEdit'. Either include it or remove the dependency array                                                                                               react-hooks/exhaustive-deps

C:\Users\Admin\Desktop\CogainCore\cogain-core\frontend\bizdoc\src\routes\_app\labor-order\_components\labor-order-filter-popover.tsx
  57:30  error  Unexpected any. Specify a different type  @typescript-eslint/no-explicit-any

C:\Users\Admin\Desktop\CogainCore\cogain-core\frontend\bizdoc\src\routes\_app\labor-order\_components\labor-order-form.tsx
  269:6  warning  React Hook useEffect has a missing dependency: 'productionOrderByIdQuery.data?.data'. Either include it or remove the dependency array  react-hooks/exhaustive-deps

C:\Users\Admin\Desktop\CogainCore\cogain-core\frontend\bizdoc\src\routes\_app\labor-order\index.tsx
  287:77  error  Unexpected any. Specify a different type  @typescript-eslint/no-explicit-any
  768:62  error  Unexpected any. Specify a different type  @typescript-eslint/no-explicit-any
  810:57  error  Unexpected any. Specify a different type  @typescript-eslint/no-explicit-any

C:\Users\Admin\Desktop\CogainCore\cogain-core\frontend\bizdoc\src\routes\_app\logistic\customs-declaration\$id\detail.tsx
   48:55  error  Unexpected any. Specify a different type  @typescript-eslint/no-explicit-any
   95:27  error  Unexpected any. Specify a different type  @typescript-eslint/no-explicit-any
  130:14  error  Unexpected any. Specify a different type  @typescript-eslint/no-explicit-any
  141:20  error  Unexpected any. Specify a different type  @typescript-eslint/no-explicit-any
  159:16  error  Unexpected any. Specify a different type  @typescript-eslint/no-explicit-any
  307:73  error  Unexpected any. Specify a different type  @typescript-eslint/no-explicit-any

C:\Users\Admin\Desktop\CogainCore\cogain-core\frontend\bizdoc\src\routes\_app\logistic\customs-declaration\-components\customs-declaration-container-table.tsx
  142:39  error  Unexpected any. Specify a different type  @typescript-eslint/no-explicit-any
  142:65  error  Unexpected any. Specify a different type  @typescript-eslint/no-explicit-any

C:\Users\Admin\Desktop\CogainCore\cogain-core\frontend\bizdoc\src\routes\_app\logistic\customs-declaration\-components\customs-declaration-delivery-packaging-table.tsx
  87:20  error  Unexpected any. Specify a different type  @typescript-eslint/no-explicit-any

C:\Users\Admin\Desktop\CogainCore\cogain-core\frontend\bizdoc\src\routes\_app\logistic\customs-declaration\-components\customs-declaration-detail-table.tsx
  156:55  error  Unexpected any. Specify a different type  @typescript-eslint/no-explicit-any

C:\Users\Admin\Desktop\CogainCore\cogain-core\frontend\bizdoc\src\routes\_app\logistic\customs-declaration\-components\customs-declaration-form.tsx
   99:37  error  Unexpected any. Specify a different type  @typescript-eslint/no-explicit-any
  890:26  error  Unexpected any. Specify a different type  @typescript-eslint/no-explicit-any
  897:42  error  Unexpected any. Specify a different type  @typescript-eslint/no-explicit-any
  904:38  error  Unexpected any. Specify a different type  @typescript-eslint/no-explicit-any

C:\Users\Admin\Desktop\CogainCore\cogain-core\frontend\bizdoc\src\routes\_app\logistic\customs-declaration\-helpers\customs-declaration.helper.tsx
   8:83  error  Unexpected any. Specify a different type  @typescript-eslint/no-explicit-any
   9:39  error  Unexpected any. Specify a different type  @typescript-eslint/no-explicit-any
  35:91  error  Unexpected any. Specify a different type  @typescript-eslint/no-explicit-any
  36:39  error  Unexpected any. Specify a different type  @typescript-eslint/no-explicit-any

C:\Users\Admin\Desktop\CogainCore\cogain-core\frontend\bizdoc\src\routes\_app\logistic\customs-declaration\index.tsx
  103:54  error    Unexpected any. Specify a different type                                                                          @typescript-eslint/no-explicit-any
  195:77  error    Unexpected any. Specify a different type                                                                          @typescript-eslint/no-explicit-any
  216:25  error    Unexpected any. Specify a different type                                                                          @typescript-eslint/no-explicit-any
  563:5   warning  React Hook useMemo has a missing dependency: 'handleDeleteRow'. Either include it or remove the dependency array  react-hooks/exhaustive-deps

C:\Users\Admin\Desktop\CogainCore\cogain-core\frontend\bizdoc\src\routes\_app\logistic\delivery-packaging\$id\detail\index.tsx
   64:89  error    Unexpected any. Specify a different type                                                                            @typescript-eslint/no-explicit-any
  156:6   warning  React Hook useEffect has a missing dependency: 'data?.projectId'. Either include it or remove the dependency array  react-hooks/exhaustive-deps
  202:6   warning  React Hook useMemo has a missing dependency: 't'. Either include it or remove the dependency array                  react-hooks/exhaustive-deps

C:\Users\Admin\Desktop\CogainCore\cogain-core\frontend\bizdoc\src\routes\_app\logistic\delivery-packaging\$id\detail\use-delivery-packaging-detail-filters.ts
  84:63  error  Unexpected any. Specify a different type  @typescript-eslint/no-explicit-any
  85:68  error  Unexpected any. Specify a different type  @typescript-eslint/no-explicit-any
  86:55  error  Unexpected any. Specify a different type  @typescript-eslint/no-explicit-any
  87:62  error  Unexpected any. Specify a different type  @typescript-eslint/no-explicit-any

C:\Users\Admin\Desktop\CogainCore\cogain-core\frontend\bizdoc\src\routes\_app\logistic\delivery-packaging\-components\delivery-detail-tab\bom-tab.tsx
    79:12  error    Unexpected any. Specify a different type                                                                                                                                                          @typescript-eslint/no-explicit-any
    81:13  error    Unexpected any. Specify a different type                                                                                                                                                          @typescript-eslint/no-explicit-any
   132:30  error    Unexpected any. Specify a different type                                                                                                                                                          @typescript-eslint/no-explicit-any
   218:30  error    Unexpected any. Specify a different type                                                                                                                                                          @typescript-eslint/no-explicit-any
   372:31  error    Unexpected any. Specify a different type                                                                                                                                                          @typescript-eslint/no-explicit-any
   622:5   warning  React Hook useCallback has missing dependencies: 'fk.material.map', 'fk.materialModel.map', and 'fk.productionOperation.map'. Either include them or remove the dependency array                  react-hooks/exhaustive-deps
  1049:5   warning  React Hook useMemo has missing dependencies: 'fk.warehouse.map', 'form', 'isWarehousesLoading', 'mergedWarehouseMap', and 'warehouseOptions'. Either include them or remove the dependency array  react-hooks/exhaustive-deps
  1084:93  error    Unexpected any. Specify a different type                                                                                                                                                          @typescript-eslint/no-explicit-any
  1087:37  error    Unexpected any. Specify a different type                                                                                                                                                          @typescript-eslint/no-explicit-any
  1107:48  error    Unexpected any. Specify a different type                                                                                                                                                          @typescript-eslint/no-explicit-any
  1122:44  error    Unexpected any. Specify a different type                                                                                                                                                          @typescript-eslint/no-explicit-any
  1124:68  error    Unexpected any. Specify a different type                                                                                                                                                          @typescript-eslint/no-explicit-any
  1131:33  error    Unexpected any. Specify a different type                                                                                                                                                          @typescript-eslint/no-explicit-any
  1133:26  error    Unexpected any. Specify a different type                                                                                                                                                          @typescript-eslint/no-explicit-any
  1134:32  error    Unexpected any. Specify a different type                                                                                                                                                          @typescript-eslint/no-explicit-any
  1609:5   warning  React Hook useCallback has a missing dependency: 'filterCount'. Either include it or remove the dependency array                                                                                  react-hooks/exhaustive-deps

C:\Users\Admin\Desktop\CogainCore\cogain-core\frontend\bizdoc\src\routes\_app\logistic\delivery-packaging\-components\delivery-detail-tab\bor-tab.tsx
    77:9   error    Unexpected any. Specify a different type                                                                                                    @typescript-eslint/no-explicit-any
    99:9   error    Unexpected any. Specify a different type                                                                                                    @typescript-eslint/no-explicit-any
   101:6   error    Unexpected any. Specify a different type                                                                                                    @typescript-eslint/no-explicit-any
   191:31  error    Unexpected any. Specify a different type                                                                                                    @typescript-eslint/no-explicit-any
   214:42  error    Unexpected any. Specify a different type                                                                                                    @typescript-eslint/no-explicit-any
   215:73  error    Unexpected any. Specify a different type                                                                                                    @typescript-eslint/no-explicit-any
   262:93  error    Unexpected any. Specify a different type                                                                                                    @typescript-eslint/no-explicit-any
   264:24  error    Unexpected any. Specify a different type                                                                                                    @typescript-eslint/no-explicit-any
   284:48  error    Unexpected any. Specify a different type                                                                                                    @typescript-eslint/no-explicit-any
   285:33  error    Unexpected any. Specify a different type                                                                                                    @typescript-eslint/no-explicit-any
   302:21  error    Unexpected any. Specify a different type                                                                                                    @typescript-eslint/no-explicit-any
   302:56  error    Unexpected any. Specify a different type                                                                                                    @typescript-eslint/no-explicit-any
   307:33  error    Unexpected any. Specify a different type                                                                                                    @typescript-eslint/no-explicit-any
   309:26  error    Unexpected any. Specify a different type                                                                                                    @typescript-eslint/no-explicit-any
   310:32  error    Unexpected any. Specify a different type                                                                                                    @typescript-eslint/no-explicit-any
   388:54  error    Unexpected any. Specify a different type                                                                                                    @typescript-eslint/no-explicit-any
   435:66  error    Unexpected any. Specify a different type                                                                                                    @typescript-eslint/no-explicit-any
   473:52  error    Unexpected any. Specify a different type                                                                                                    @typescript-eslint/no-explicit-any
   526:62  error    Unexpected any. Specify a different type                                                                                                    @typescript-eslint/no-explicit-any
   716:82  error    Unexpected any. Specify a different type                                                                                                    @typescript-eslint/no-explicit-any
   817:79  error    Unexpected any. Specify a different type                                                                                                    @typescript-eslint/no-explicit-any
  1469:5   warning  React Hook useMemo has missing dependencies: 'form' and 'getCandidateCostForOperation'. Either include them or remove the dependency array  react-hooks/exhaustive-deps

C:\Users\Admin\Desktop\CogainCore\cogain-core\frontend\bizdoc\src\routes\_app\logistic\delivery-packaging\-components\delivery-detail-tab\common.tsx
   53:14  warning  Fast refresh only works when a file only exports components. Use a new file to share constants or functions between components  react-refresh/only-export-components
   56:17  warning  Fast refresh only works when a file only exports components. Use a new file to share constants or functions between components  react-refresh/only-export-components
  148:14  warning  Fast refresh only works when a file only exports components. Use a new file to share constants or functions between components  react-refresh/only-export-components
  152:14  warning  Fast refresh only works when a file only exports components. Use a new file to share constants or functions between components  react-refresh/only-export-components
  155:14  warning  Fast refresh only works when a file only exports components. Use a new file to share constants or functions between components  react-refresh/only-export-components

C:\Users\Admin\Desktop\CogainCore\cogain-core\frontend\bizdoc\src\routes\_app\logistic\delivery-packaging\-components\delivery-detail-tab\goods-tab.tsx
    83:73  error    Unexpected any. Specify a different type                                                                                                       @typescript-eslint/no-explicit-any
   141:40  error    Unexpected any. Specify a different type                                                                                                       @typescript-eslint/no-explicit-any
   142:29  error    Unexpected any. Specify a different type                                                                                                       @typescript-eslint/no-explicit-any
  1049:6   warning  React Hook useMemo has a missing dependency: 'detailSources'. Either include it or remove the dependency array                                 react-hooks/exhaustive-deps
  1127:6   warning  React Hook useEffect has missing dependencies: 'detailSources.length' and 'isIndependent'. Either include them or remove the dependency array  react-hooks/exhaustive-deps

C:\Users\Admin\Desktop\CogainCore\cogain-core\frontend\bizdoc\src\routes\_app\logistic\delivery-packaging\-components\delivery-detail-tab\processes-tab.tsx
  262:5  warning  React Hook useMemo has unnecessary dependencies: 'businessProcessOptions' and 'watchedSemiFinishedGoods'. Either exclude them or remove the dependency array  react-hooks/exhaustive-deps

C:\Users\Admin\Desktop\CogainCore\cogain-core\frontend\bizdoc\src\routes\_app\logistic\delivery-packaging\-components\delivery-packaging-detail-view-config.tsx
   34:32  error    Unexpected any. Specify a different type                                                                                                                                                                                                          @typescript-eslint/no-explicit-any
   35:27  error    Unexpected any. Specify a different type                                                                                                                                                                                                          @typescript-eslint/no-explicit-any
   36:31  error    Unexpected any. Specify a different type                                                                                                                                                                                                          @typescript-eslint/no-explicit-any
   37:16  error    Unexpected any. Specify a different type                                                                                                                                                                                                          @typescript-eslint/no-explicit-any
   38:27  error    Unexpected any. Specify a different type                                                                                                                                                                                                          @typescript-eslint/no-explicit-any
   39:21  error    Unexpected any. Specify a different type                                                                                                                                                                                                          @typescript-eslint/no-explicit-any
   49:14  warning  Fast refresh only works when a file only exports components. Use a new file to share constants or functions between components                                                                                                                    react-refresh/only-export-components
   76:17  warning  Fast refresh only works when a file only exports components. Use a new file to share constants or functions between components                                                                                                                    react-refresh/only-export-components
  152:54  error    Unexpected any. Specify a different type                                                                                                                                                                                                          @typescript-eslint/no-explicit-any
  153:39  error    Unexpected any. Specify a different type                                                                                                                                                                                                          @typescript-eslint/no-explicit-any
  154:43  error    Unexpected any. Specify a different type                                                                                                                                                                                                          @typescript-eslint/no-explicit-any
  156:32  error    Unexpected any. Specify a different type                                                                                                                                                                                                          @typescript-eslint/no-explicit-any
  185:54  error    Unexpected any. Specify a different type                                                                                                                                                                                                          @typescript-eslint/no-explicit-any
  186:39  error    Unexpected any. Specify a different type                                                                                                                                                                                                          @typescript-eslint/no-explicit-any
  187:43  error    Unexpected any. Specify a different type                                                                                                                                                                                                          @typescript-eslint/no-explicit-any
  189:32  error    Unexpected any. Specify a different type                                                                                                                                                                                                          @typescript-eslint/no-explicit-any
  210:30  error    React Hook "useFormContext" is called in function "cell" that is neither a React function component nor a custom React Hook function. React component names must start with an uppercase letter. React Hook names must start with the word "use"  react-hooks/rules-of-hooks
  319:5   warning  React Hook useMemo has a missing dependency: 'lookups.costLookup'. Either include it or remove the dependency array                                                                                                                               react-hooks/exhaustive-deps
  729:14  warning  Fast refresh only works when a file only exports components. Use a new file to share constants or functions between components                                                                                                                    react-refresh/only-export-components

C:\Users\Admin\Desktop\CogainCore\cogain-core\frontend\bizdoc\src\routes\_app\logistic\delivery-packaging\-components\delivery-packaging-filter-popover.tsx
   46:13  error  '_statuses' is defined but never used     @typescript-eslint/no-unused-vars
  112:6   error  Unexpected any. Specify a different type  @typescript-eslint/no-explicit-any

C:\Users\Admin\Desktop\CogainCore\cogain-core\frontend\bizdoc\src\routes\_app\logistic\delivery-packaging\-components\delivery-packaging-form.tsx
  192:6  warning  React Hook useEffect has a missing dependency: 'getByIdQuery'. Either include it or remove the dependency array  react-hooks/exhaustive-deps

C:\Users\Admin\Desktop\CogainCore\cogain-core\frontend\bizdoc\src\routes\_app\logistic\delivery-packaging\-hooks\use-project-product-item-lookup.ts
  56:33  error  Unexpected any. Specify a different type  @typescript-eslint/no-explicit-any
  57:22  error  Unexpected any. Specify a different type  @typescript-eslint/no-explicit-any
  78:33  error  Unexpected any. Specify a different type  @typescript-eslint/no-explicit-any
  79:22  error  Unexpected any. Specify a different type  @typescript-eslint/no-explicit-any

C:\Users\Admin\Desktop\CogainCore\cogain-core\frontend\bizdoc\src\routes\_app\logistic\delivery-packaging\index.tsx
   825:13  error  Empty block statement                     no-empty
   994:67  error  Unexpected any. Specify a different type  @typescript-eslint/no-explicit-any
   995:61  error  Unexpected any. Specify a different type  @typescript-eslint/no-explicit-any
  1023:78  error  Unexpected any. Specify a different type  @typescript-eslint/no-explicit-any

C:\Users\Admin\Desktop\CogainCore\cogain-core\frontend\bizdoc\src\routes\_app\logistic\delivery-plan\$id\index.tsx
  112:26  error  Unexpected any. Specify a different type  @typescript-eslint/no-explicit-any
  118:47  error  Unexpected any. Specify a different type  @typescript-eslint/no-explicit-any
  326:36  error  Unexpected any. Specify a different type  @typescript-eslint/no-explicit-any

C:\Users\Admin\Desktop\CogainCore\cogain-core\frontend\bizdoc\src\routes\_app\logistic\delivery-plan\-components\delivery-plan-copy-stages-popover.tsx
  103:9  warning  The 'allDetails' logical expression could make the dependencies of useMemo Hook (at line 110) change on every render. To fix this, wrap the initialization of 'allDetails' in its own useMemo() Hook  react-hooks/exhaustive-deps
  103:9  warning  The 'allDetails' logical expression could make the dependencies of useMemo Hook (at line 117) change on every render. To fix this, wrap the initialization of 'allDetails' in its own useMemo() Hook  react-hooks/exhaustive-deps

C:\Users\Admin\Desktop\CogainCore\cogain-core\frontend\bizdoc\src\routes\_app\logistic\delivery-plan\-components\delivery-plan-form.tsx
  529:32  error  Unexpected any. Specify a different type  @typescript-eslint/no-explicit-any
  675:73  error  Unexpected any. Specify a different type  @typescript-eslint/no-explicit-any

C:\Users\Admin\Desktop\CogainCore\cogain-core\frontend\bizdoc\src\routes\_app\logistic\delivery-plan\-components\delivery-plan-table.tsx
   110:15  error  Unexpected any. Specify a different type  @typescript-eslint/no-explicit-any
   120:87  error  Unexpected any. Specify a different type  @typescript-eslint/no-explicit-any
   151:61  error  Unexpected any. Specify a different type  @typescript-eslint/no-explicit-any
   197:77  error  Unexpected any. Specify a different type  @typescript-eslint/no-explicit-any
   216:61  error  Unexpected any. Specify a different type  @typescript-eslint/no-explicit-any
  1017:38  error  Unexpected any. Specify a different type  @typescript-eslint/no-explicit-any
  1206:33  error  Unexpected any. Specify a different type  @typescript-eslint/no-explicit-any
  1281:21  error  Unexpected any. Specify a different type  @typescript-eslint/no-explicit-any
  1282:21  error  Unexpected any. Specify a different type  @typescript-eslint/no-explicit-any
  1283:22  error  Unexpected any. Specify a different type  @typescript-eslint/no-explicit-any
  1284:58  error  Unexpected any. Specify a different type  @typescript-eslint/no-explicit-any
  1344:21  error  Unexpected any. Specify a different type  @typescript-eslint/no-explicit-any
  1345:21  error  Unexpected any. Specify a different type  @typescript-eslint/no-explicit-any
  1346:22  error  Unexpected any. Specify a different type  @typescript-eslint/no-explicit-any
  1347:54  error  Unexpected any. Specify a different type  @typescript-eslint/no-explicit-any
  1407:21  error  Unexpected any. Specify a different type  @typescript-eslint/no-explicit-any
  1408:21  error  Unexpected any. Specify a different type  @typescript-eslint/no-explicit-any
  1409:22  error  Unexpected any. Specify a different type  @typescript-eslint/no-explicit-any
  1410:60  error  Unexpected any. Specify a different type  @typescript-eslint/no-explicit-any
  1430:24  error  Unexpected any. Specify a different type  @typescript-eslint/no-explicit-any
  1468:24  error  Unexpected any. Specify a different type  @typescript-eslint/no-explicit-any
  1506:24  error  Unexpected any. Specify a different type  @typescript-eslint/no-explicit-any
  1529:31  error  Unexpected any. Specify a different type  @typescript-eslint/no-explicit-any
  1556:42  error  Unexpected any. Specify a different type  @typescript-eslint/no-explicit-any
  1572:24  error  Unexpected any. Specify a different type  @typescript-eslint/no-explicit-any
  1572:64  error  Unexpected any. Specify a different type  @typescript-eslint/no-explicit-any
  1606:62  error  Unexpected any. Specify a different type  @typescript-eslint/no-explicit-any
  1640:84  error  Unexpected any. Specify a different type  @typescript-eslint/no-explicit-any
  1641:24  error  Unexpected any. Specify a different type  @typescript-eslint/no-explicit-any
  1654:34  error  Unexpected any. Specify a different type  @typescript-eslint/no-explicit-any
  1654:57  error  Unexpected any. Specify a different type  @typescript-eslint/no-explicit-any

C:\Users\Admin\Desktop\CogainCore\cogain-core\frontend\bizdoc\src\routes\_app\logistic\delivery-plan\-hooks\use-delivery-gantt.ts
  32:38  error  Unexpected any. Specify a different type  @typescript-eslint/no-explicit-any
  45:39  error  Unexpected any. Specify a different type  @typescript-eslint/no-explicit-any

C:\Users\Admin\Desktop\CogainCore\cogain-core\frontend\bizdoc\src\routes\_app\logistic\delivery-plan\cost\-components\delivery-cost-chart-view.tsx
  167:40  error  Unexpected any. Specify a different type  @typescript-eslint/no-explicit-any

C:\Users\Admin\Desktop\CogainCore\cogain-core\frontend\bizdoc\src\routes\_app\logistic\delivery-plan\cost\index.tsx
   81:9   warning  The 'navPlans' logical expression could make the dependencies of useMemo Hook (at line 220) change on every render. To fix this, wrap the initialization of 'navPlans' in its own useMemo() Hook                                             react-hooks/exhaustive-deps
   81:9   warning  The 'navPlans' logical expression could make the dependencies of useMemo Hook (at line 316) change on every render. To fix this, wrap the initialization of 'navPlans' in its own useMemo() Hook                                             react-hooks/exhaustive-deps
   96:55  error    Unexpected any. Specify a different type                                                                                                                                                                                                     @typescript-eslint/no-explicit-any
  140:9   warning  The 'packagings' logical expression could make the dependencies of useMemo Hook (at line 220) change on every render. Move it inside the useMemo callback. Alternatively, wrap the initialization of 'packagings' in its own useMemo() Hook  react-hooks/exhaustive-deps

C:\Users\Admin\Desktop\CogainCore\cogain-core\frontend\bizdoc\src\routes\_app\logistic\delivery-plan\index.tsx
  537:30  error  Unexpected any. Specify a different type  @typescript-eslint/no-explicit-any

C:\Users\Admin\Desktop\CogainCore\cogain-core\frontend\bizdoc\src\routes\_app\logistic\delivery-plan\progress\index.tsx
   81:9   warning  The 'navPlans' logical expression could make the dependencies of useMemo Hook (at line 220) change on every render. To fix this, wrap the initialization of 'navPlans' in its own useMemo() Hook                                             react-hooks/exhaustive-deps
   81:9   warning  The 'navPlans' logical expression could make the dependencies of useMemo Hook (at line 316) change on every render. To fix this, wrap the initialization of 'navPlans' in its own useMemo() Hook                                             react-hooks/exhaustive-deps
   96:55  error    Unexpected any. Specify a different type                                                                                                                                                                                                     @typescript-eslint/no-explicit-any
  140:9   warning  The 'packagings' logical expression could make the dependencies of useMemo Hook (at line 220) change on every render. Move it inside the useMemo callback. Alternatively, wrap the initialization of 'packagings' in its own useMemo() Hook  react-hooks/exhaustive-deps

C:\Users\Admin\Desktop\CogainCore\cogain-core\frontend\bizdoc\src\routes\_app\logistic\finished-goods-delivery-packing\$id\detail\index.tsx
  61:43  error  Unexpected any. Specify a different type  @typescript-eslint/no-explicit-any

C:\Users\Admin\Desktop\CogainCore\cogain-core\frontend\bizdoc\src\routes\_app\logistic\finished-goods-delivery-packing\-components\build-delivery-packing-items.ts
  16:12  error  Unexpected any. Specify a different type  @typescript-eslint/no-explicit-any

C:\Users\Admin\Desktop\CogainCore\cogain-core\frontend\bizdoc\src\routes\_app\logistic\finished-goods-delivery-packing\_components\finished-goods-delivery-packing-detail-table.tsx
  196:33  error    Unexpected any. Specify a different type                                                                       @typescript-eslint/no-explicit-any
  214:58  error    Unexpected any. Specify a different type                                                                       @typescript-eslint/no-explicit-any
  332:6   warning  React Hook useMemo has an unnecessary dependency: 'uomById'. Either exclude it or remove the dependency array  react-hooks/exhaustive-deps
  345:13  error    Unexpected any. Specify a different type                                                                       @typescript-eslint/no-explicit-any

C:\Users\Admin\Desktop\CogainCore\cogain-core\frontend\bizdoc\src\routes\_app\logistic\finished-goods-delivery-packing\_components\finished-goods-delivery-packing-form-detail-table.tsx
   14:14  warning  Fast refresh only works when a file only exports components. Use a new file to share constants or functions between components             react-refresh/only-export-components
   46:23  error    Unexpected any. Specify a different type                                                                                                   @typescript-eslint/no-explicit-any
  125:59  error    Unexpected any. Specify a different type                                                                                                   @typescript-eslint/no-explicit-any
  178:33  error    Unexpected any. Specify a different type                                                                                                   @typescript-eslint/no-explicit-any
  201:58  error    Unexpected any. Specify a different type                                                                                                   @typescript-eslint/no-explicit-any
  314:13  error    Unexpected any. Specify a different type                                                                                                   @typescript-eslint/no-explicit-any
  618:6   warning  React Hook useMemo has missing dependencies: 'getDetailError' and 'getSelectedDetail'. Either include them or remove the dependency array  react-hooks/exhaustive-deps

C:\Users\Admin\Desktop\CogainCore\cogain-core\frontend\bizdoc\src\routes\_app\logistic\finished-goods-delivery-packing\_components\finished-goods-delivery-packing-form.tsx
  302:58  error    Unexpected any. Specify a different type                                                                                                          @typescript-eslint/no-explicit-any
  454:6   warning  React Hook useCallback has a missing dependency: 'setSelectedRefDocument'. Either include it or remove the dependency array                       react-hooks/exhaustive-deps
  461:39  error    Unexpected any. Specify a different type                                                                                                          @typescript-eslint/no-explicit-any
  515:6   warning  React Hook useEffect has missing dependencies: 'form' and 'setSelectedRefDocument'. Either include them or remove the dependency array            react-hooks/exhaustive-deps
  520:37  error    Unexpected any. Specify a different type                                                                                                          @typescript-eslint/no-explicit-any
  522:22  error    Unexpected any. Specify a different type                                                                                                          @typescript-eslint/no-explicit-any
  522:65  error    Unexpected any. Specify a different type                                                                                                          @typescript-eslint/no-explicit-any
  552:6   warning  React Hook useEffect has missing dependencies: 'form', 'remove', and 'selectedProjectId'. Either include them or remove the dependency array      react-hooks/exhaustive-deps
  565:6   warning  React Hook useEffect has missing dependencies: 'form', 'replace', and 'selectedSalesOrderId'. Either include them or remove the dependency array  react-hooks/exhaustive-deps
  649:25  error    Unexpected any. Specify a different type                                                                                                          @typescript-eslint/no-explicit-any
  716:16  error    Unexpected any. Specify a different type                                                                                                          @typescript-eslint/no-explicit-any
  777:19  error    Unexpected any. Specify a different type                                                                                                          @typescript-eslint/no-explicit-any
  819:57  error    Unexpected any. Specify a different type                                                                                                          @typescript-eslint/no-explicit-any
  820:41  error    Unexpected any. Specify a different type                                                                                                          @typescript-eslint/no-explicit-any
  828:23  error    Unexpected any. Specify a different type                                                                                                          @typescript-eslint/no-explicit-any
  828:71  error    Unexpected any. Specify a different type                                                                                                          @typescript-eslint/no-explicit-any
  831:31  error    Unexpected any. Specify a different type                                                                                                          @typescript-eslint/no-explicit-any
  831:77  error    Unexpected any. Specify a different type                                                                                                          @typescript-eslint/no-explicit-any

C:\Users\Admin\Desktop\CogainCore\cogain-core\frontend\bizdoc\src\routes\_app\logistic\finished-goods-delivery-packing\_hooks\use-finished-goods-delivery-packing.tsx
   49:34  error  Unexpected any. Specify a different type  @typescript-eslint/no-explicit-any
  113:26  error  Unexpected any. Specify a different type  @typescript-eslint/no-explicit-any
  154:30  error  Unexpected any. Specify a different type  @typescript-eslint/no-explicit-any
  166:58  error  Unexpected any. Specify a different type  @typescript-eslint/no-explicit-any

C:\Users\Admin\Desktop\CogainCore\cogain-core\frontend\bizdoc\src\routes\_app\logistic\finished-goods-delivery-packing\_hooks\use-packing-codes.ts
  12:85  error  Unexpected any. Specify a different type  @typescript-eslint/no-explicit-any
  32:57  error  Unexpected any. Specify a different type  @typescript-eslint/no-explicit-any
  38:34  error  Unexpected any. Specify a different type  @typescript-eslint/no-explicit-any
  39:14  error  Unexpected any. Specify a different type  @typescript-eslint/no-explicit-any
  40:49  error  Unexpected any. Specify a different type  @typescript-eslint/no-explicit-any
  41:53  error  Unexpected any. Specify a different type  @typescript-eslint/no-explicit-any
  42:49  error  Unexpected any. Specify a different type  @typescript-eslint/no-explicit-any
  43:57  error  Unexpected any. Specify a different type  @typescript-eslint/no-explicit-any
  47:41  error  Unexpected any. Specify a different type  @typescript-eslint/no-explicit-any

C:\Users\Admin\Desktop\CogainCore\cogain-core\frontend\bizdoc\src\routes\_app\logistic\finished-goods-delivery-packing\index.tsx
  128:12  error    Unexpected any. Specify a different type                                                                           @typescript-eslint/no-explicit-any
  143:44  error    Unexpected any. Specify a different type                                                                           @typescript-eslint/no-explicit-any
  155:44  error    Unexpected any. Specify a different type                                                                           @typescript-eslint/no-explicit-any
  235:12  error    Unexpected any. Specify a different type                                                                           @typescript-eslint/no-explicit-any
  241:49  error    Unexpected any. Specify a different type                                                                           @typescript-eslint/no-explicit-any
  251:40  error    Unexpected any. Specify a different type                                                                           @typescript-eslint/no-explicit-any
  311:62  error    Unexpected any. Specify a different type                                                                           @typescript-eslint/no-explicit-any
  502:57  error    Unexpected any. Specify a different type                                                                           @typescript-eslint/no-explicit-any
  581:5   warning  React Hook useMemo has a missing dependency: 'handleViewDetail'. Either include it or remove the dependency array  react-hooks/exhaustive-deps
  764:35  error    Unexpected any. Specify a different type                                                                           @typescript-eslint/no-explicit-any

C:\Users\Admin\Desktop\CogainCore\cogain-core\frontend\bizdoc\src\routes\_app\logistic\finished-goods-packing\_components\finished-goods-packing-form.tsx
  248:58  error  Unexpected any. Specify a different type  @typescript-eslint/no-explicit-any
  249:48  error  Unexpected any. Specify a different type  @typescript-eslint/no-explicit-any
  273:59  error  Unexpected any. Specify a different type  @typescript-eslint/no-explicit-any
  290:58  error  Unexpected any. Specify a different type  @typescript-eslint/no-explicit-any
  291:50  error  Unexpected any. Specify a different type  @typescript-eslint/no-explicit-any
  299:38  error  Unexpected any. Specify a different type  @typescript-eslint/no-explicit-any
  338:28  error  Unexpected any. Specify a different type  @typescript-eslint/no-explicit-any
  466:42  error  Unexpected any. Specify a different type  @typescript-eslint/no-explicit-any
  474:36  error  Unexpected any. Specify a different type  @typescript-eslint/no-explicit-any
  475:36  error  Unexpected any. Specify a different type  @typescript-eslint/no-explicit-any
  694:19  error  Unexpected any. Specify a different type  @typescript-eslint/no-explicit-any
  709:57  error  Unexpected any. Specify a different type  @typescript-eslint/no-explicit-any
  710:41  error  Unexpected any. Specify a different type  @typescript-eslint/no-explicit-any
  718:23  error  Unexpected any. Specify a different type  @typescript-eslint/no-explicit-any
  718:71  error  Unexpected any. Specify a different type  @typescript-eslint/no-explicit-any
  721:31  error  Unexpected any. Specify a different type  @typescript-eslint/no-explicit-any
  721:77  error  Unexpected any. Specify a different type  @typescript-eslint/no-explicit-any

C:\Users\Admin\Desktop\CogainCore\cogain-core\frontend\bizdoc\src\routes\_app\logistic\finished-goods-packing\_components\packing-form-detail-table.tsx
   20:14  warning  Fast refresh only works when a file only exports components. Use a new file to share constants or functions between components             react-refresh/only-export-components
   89:23  error    Unexpected any. Specify a different type                                                                                                   @typescript-eslint/no-explicit-any
  173:59  error    Unexpected any. Specify a different type                                                                                                   @typescript-eslint/no-explicit-any
  179:3   error    Definition for rule 'react/no-unstable-nested-components' was not found                                                                    react/no-unstable-nested-components
  976:6   warning  React Hook useMemo has missing dependencies: 'getDetailError' and 'getSelectedDetail'. Either include them or remove the dependency array  react-hooks/exhaustive-deps

C:\Users\Admin\Desktop\CogainCore\cogain-core\frontend\bizdoc\src\routes\_app\logistic\finished-goods-packing\_hooks\use-finished-goods-packing.tsx
   81:34  error  Unexpected any. Specify a different type  @typescript-eslint/no-explicit-any
  147:26  error  Unexpected any. Specify a different type  @typescript-eslint/no-explicit-any
  200:30  error  Unexpected any. Specify a different type  @typescript-eslint/no-explicit-any
  210:58  error  Unexpected any. Specify a different type  @typescript-eslint/no-explicit-any

C:\Users\Admin\Desktop\CogainCore\cogain-core\frontend\bizdoc\src\routes\_app\logistic\finished-goods-packing\_hooks\use-packing-codes.ts
  12:85  error  Unexpected any. Specify a different type  @typescript-eslint/no-explicit-any
  31:57  error  Unexpected any. Specify a different type  @typescript-eslint/no-explicit-any
  37:34  error  Unexpected any. Specify a different type  @typescript-eslint/no-explicit-any
  38:14  error  Unexpected any. Specify a different type  @typescript-eslint/no-explicit-any
  39:49  error  Unexpected any. Specify a different type  @typescript-eslint/no-explicit-any
  40:53  error  Unexpected any. Specify a different type  @typescript-eslint/no-explicit-any
  41:49  error  Unexpected any. Specify a different type  @typescript-eslint/no-explicit-any
  42:57  error  Unexpected any. Specify a different type  @typescript-eslint/no-explicit-any
  46:41  error  Unexpected any. Specify a different type  @typescript-eslint/no-explicit-any

C:\Users\Admin\Desktop\CogainCore\cogain-core\frontend\bizdoc\src\routes\_app\logistic\finished-goods-packing\index.tsx
  139:12  error    Unexpected any. Specify a different type                                                                           @typescript-eslint/no-explicit-any
  154:44  error    Unexpected any. Specify a different type                                                                           @typescript-eslint/no-explicit-any
  166:44  error    Unexpected any. Specify a different type                                                                           @typescript-eslint/no-explicit-any
  248:12  error    Unexpected any. Specify a different type                                                                           @typescript-eslint/no-explicit-any
  254:49  error    Unexpected any. Specify a different type                                                                           @typescript-eslint/no-explicit-any
  264:40  error    Unexpected any. Specify a different type                                                                           @typescript-eslint/no-explicit-any
  342:62  error    Unexpected any. Specify a different type                                                                           @typescript-eslint/no-explicit-any
  642:57  error    Unexpected any. Specify a different type                                                                           @typescript-eslint/no-explicit-any
  721:5   warning  React Hook useMemo has a missing dependency: 'handleViewDetail'. Either include it or remove the dependency array  react-hooks/exhaustive-deps
  796:44  error    Unexpected any. Specify a different type                                                                           @typescript-eslint/no-explicit-any
  797:44  error    Unexpected any. Specify a different type                                                                           @typescript-eslint/no-explicit-any
  935:35  error    Unexpected any. Specify a different type                                                                           @typescript-eslint/no-explicit-any

C:\Users\Admin\Desktop\CogainCore\cogain-core\frontend\bizdoc\src\routes\_app\logistic\mechanical-packing-list\_components\packing-list-detail-table.tsx
  691:6  warning  React Hook useMemo has a missing dependency: 'translatePartName'. Either include it or remove the dependency array  react-hooks/exhaustive-deps

C:\Users\Admin\Desktop\CogainCore\cogain-core\frontend\bizdoc\src\routes\_app\logistic\mechanical-packing-list\_components\packing-list-form-table.tsx
  14:14  warning  Fast refresh only works when a file only exports components. Use a new file to share constants or functions between components  react-refresh/only-export-components
  38:23  error    Unexpected any. Specify a different type                                                                                        @typescript-eslint/no-explicit-any
  40:31  error    Unexpected any. Specify a different type                                                                                        @typescript-eslint/no-explicit-any
  41:31  error    Unexpected any. Specify a different type                                                                                        @typescript-eslint/no-explicit-any

C:\Users\Admin\Desktop\CogainCore\cogain-core\frontend\bizdoc\src\routes\_app\logistic\mechanical-packing-list\_components\packing-list-readonly-detail-table.tsx
  213:5  warning  React Hook useMemo has a missing dependency: 'uomLabel'. Either include it or remove the dependency array  react-hooks/exhaustive-deps

C:\Users\Admin\Desktop\CogainCore\cogain-core\frontend\bizdoc\src\routes\_app\logistic\mechanical-packing-list\index.tsx
  685:5  warning  React Hook useMemo has missing dependencies: 'handleViewDetail' and 'productionOrderMap'. Either include them or remove the dependency array  react-hooks/exhaustive-deps

C:\Users\Admin\Desktop\CogainCore\cogain-core\frontend\bizdoc\src\routes\_app\logistic\packing-list-report\_components\packing-list-report-columns.tsx
  323:14  warning  Fast refresh only works when a file only exports components. Use a new file to share constants or functions between components  react-refresh/only-export-components
  363:14  warning  Fast refresh only works when a file only exports components. Use a new file to share constants or functions between components  react-refresh/only-export-components

C:\Users\Admin\Desktop\CogainCore\cogain-core\frontend\bizdoc\src\routes\_app\logistic\packing-list-report\_components\status-badge.tsx
   4:14  warning  Fast refresh only works when a file only exports components. Use a new file to share constants or functions between components  react-refresh/only-export-components
  15:14  warning  Fast refresh only works when a file only exports components. Use a new file to share constants or functions between components  react-refresh/only-export-components

C:\Users\Admin\Desktop\CogainCore\cogain-core\frontend\bizdoc\src\routes\_app\logistic\site-delivery\$id.tsx
  302:5  warning  React Hook useCallback has a missing dependency: 'isClosed'. Either include it or remove the dependency array  react-hooks/exhaustive-deps

C:\Users\Admin\Desktop\CogainCore\cogain-core\frontend\bizdoc\src\routes\_app\logistic\site-delivery\_components\site-delivery-content.tsx
   81:9   warning  The 'toggleExpand' function makes the dependencies of useMemo Hook (at line 289) change on every render. Move it inside the useMemo callback. Alternatively, wrap the definition of 'toggleExpand' in its own useCallback() Hook                            react-hooks/exhaustive-deps
   96:9   warning  The 'handleDeletePackage' function makes the dependencies of useMemo Hook (at line 289) change on every render. Move it inside the useMemo callback. Alternatively, wrap the definition of 'handleDeletePackage' in its own useCallback() Hook              react-hooks/exhaustive-deps
  124:9   warning  The 'handleToggleSelectPackage' function makes the dependencies of useMemo Hook (at line 289) change on every render. Move it inside the useMemo callback. Alternatively, wrap the definition of 'handleToggleSelectPackage' in its own useCallback() Hook  react-hooks/exhaustive-deps
  134:9   warning  The 'toggleSelectAll' function makes the dependencies of useMemo Hook (at line 289) change on every render. Move it inside the useMemo callback. Alternatively, wrap the definition of 'toggleSelectAll' in its own useCallback() Hook                      react-hooks/exhaustive-deps
  451:55  error    Unexpected any. Specify a different type                                                                                                                                                                                                                    @typescript-eslint/no-explicit-any
  596:27  error    Unexpected any. Specify a different type                                                                                                                                                                                                                    @typescript-eslint/no-explicit-any

C:\Users\Admin\Desktop\CogainCore\cogain-core\frontend\bizdoc\src\routes\_app\logistic\site-delivery\_hooks\use-site-delivery.tsx
  163:20  error  Unexpected any. Specify a different type  @typescript-eslint/no-explicit-any

C:\Users\Admin\Desktop\CogainCore\cogain-core\frontend\bizdoc\src\routes\_app\maintenance-management\maintenance-acceptance-minute\$id\detail.tsx
  514:34  error  Unexpected any. Specify a different type  @typescript-eslint/no-explicit-any
  523:44  error  Unexpected any. Specify a different type  @typescript-eslint/no-explicit-any

C:\Users\Admin\Desktop\CogainCore\cogain-core\frontend\bizdoc\src\routes\_app\maintenance-management\maintenance-acceptance-minute\-components\acceptance-minute-detail-table.tsx
   68:55  error    Unexpected any. Specify a different type                                                                                                                                                         @typescript-eslint/no-explicit-any
   74:9   warning  The 'getOperation' function makes the dependencies of useMemo Hook (at line 339) change on every render. To fix this, wrap the definition of 'getOperation' in its own useCallback() Hook        react-hooks/exhaustive-deps
   75:62  error    Unexpected any. Specify a different type                                                                                                                                                         @typescript-eslint/no-explicit-any
   77:9   warning  The 'getStandardName' function makes the dependencies of useMemo Hook (at line 339) change on every render. To fix this, wrap the definition of 'getStandardName' in its own useCallback() Hook  react-hooks/exhaustive-deps
   82:9   warning  The 'getCost' function makes the dependencies of useMemo Hook (at line 339) change on every render. To fix this, wrap the definition of 'getCost' in its own useCallback() Hook                  react-hooks/exhaustive-deps
   83:57  error    Unexpected any. Specify a different type                                                                                                                                                         @typescript-eslint/no-explicit-any
   85:9   warning  The 'resolveCostUom' function makes the dependencies of useMemo Hook (at line 339) change on every render. To fix this, wrap the definition of 'resolveCostUom' in its own useCallback() Hook    react-hooks/exhaustive-deps
   87:56  error    Unexpected any. Specify a different type                                                                                                                                                         @typescript-eslint/no-explicit-any
   92:69  error    Unexpected any. Specify a different type                                                                                                                                                         @typescript-eslint/no-explicit-any
   98:9   warning  The 'getTeam' function makes the dependencies of useMemo Hook (at line 339) change on every render. To fix this, wrap the definition of 'getTeam' in its own useCallback() Hook                  react-hooks/exhaustive-deps
  160:6   warning  React Hook useMemo has missing dependencies: 'getSearchText' and 'resolveCostUom'. Either include them or remove the dependency array                                                            react-hooks/exhaustive-deps
  379:84  error    Unexpected any. Specify a different type                                                                                                                                                         @typescript-eslint/no-explicit-any
  406:73  error    Unexpected any. Specify a different type                                                                                                                                                         @typescript-eslint/no-explicit-any
  433:77  error    Unexpected any. Specify a different type                                                                                                                                                         @typescript-eslint/no-explicit-any
  458:62  error    Unexpected any. Specify a different type                                                                                                                                                         @typescript-eslint/no-explicit-any
  507:73  error    Unexpected any. Specify a different type                                                                                                                                                         @typescript-eslint/no-explicit-any

C:\Users\Admin\Desktop\CogainCore\cogain-core\frontend\bizdoc\src\routes\_app\maintenance-management\maintenance-acceptance-minute\-components\acceptance-minute-filter-popover.tsx
  44:29  error  Unexpected any. Specify a different type  @typescript-eslint/no-explicit-any

C:\Users\Admin\Desktop\CogainCore\cogain-core\frontend\bizdoc\src\routes\_app\maintenance-management\maintenance-acceptance-minute\-components\acceptance-minute-form.tsx
  163:84  error    Unexpected any. Specify a different type                                                                                     @typescript-eslint/no-explicit-any
  176:35  error    Unexpected any. Specify a different type                                                                                     @typescript-eslint/no-explicit-any
  179:15  error    Unexpected any. Specify a different type                                                                                     @typescript-eslint/no-explicit-any
  283:35  error    Unexpected any. Specify a different type                                                                                     @typescript-eslint/no-explicit-any
  284:35  error    Unexpected any. Specify a different type                                                                                     @typescript-eslint/no-explicit-any
  290:6   warning  React Hook useEffect has a missing dependency: 'selectedRefDocument.code'. Either include it or remove the dependency array  react-hooks/exhaustive-deps

C:\Users\Admin\Desktop\CogainCore\cogain-core\frontend\bizdoc\src\routes\_app\maintenance-management\maintenance-acceptance-minute\-components\acceptance-minute-modal.tsx
  267:83  error  Unexpected any. Specify a different type  @typescript-eslint/no-explicit-any
  302:43  error  Unexpected any. Specify a different type  @typescript-eslint/no-explicit-any

C:\Users\Admin\Desktop\CogainCore\cogain-core\frontend\bizdoc\src\routes\_app\maintenance-management\maintenance-acceptance-minute\-components\other-role-confirm-dialog.tsx
   72:62  error    Unexpected any. Specify a different type                                                                                                    @typescript-eslint/no-explicit-any
   75:5   warning  React Hook useCallback has a missing dependency: 'pendingDetail'. Either include it or remove the dependency array                          react-hooks/exhaustive-deps
   75:17  warning  React Hook useCallback has a complex expression in the dependency array. Extract it to a separate variable so it can be statically checked  react-hooks/exhaustive-deps
   75:35  error    Unexpected any. Specify a different type                                                                                                    @typescript-eslint/no-explicit-any
  143:38  error    Unexpected any. Specify a different type                                                                                                    @typescript-eslint/no-explicit-any

C:\Users\Admin\Desktop\CogainCore\cogain-core\frontend\bizdoc\src\routes\_app\maintenance-management\maintenance-acceptance-minute\index.tsx
  183:5   error    React Hook "useHasPermission" is called conditionally. React Hooks must be called in the exact same order in every component render  react-hooks/rules-of-hooks
  194:77  error    Unexpected any. Specify a different type                                                                                             @typescript-eslint/no-explicit-any
  712:32  error    Unexpected any. Specify a different type                                                                                             @typescript-eslint/no-explicit-any
  737:5   warning  React Hook useMemo has an unnecessary dependency: 'uomMap'. Either exclude it or remove the dependency array                         react-hooks/exhaustive-deps
  775:30  error    Unexpected any. Specify a different type                                                                                             @typescript-eslint/no-explicit-any
  788:30  error    Unexpected any. Specify a different type                                                                                             @typescript-eslint/no-explicit-any
  801:30  error    Unexpected any. Specify a different type                                                                                             @typescript-eslint/no-explicit-any

C:\Users\Admin\Desktop\CogainCore\cogain-core\frontend\bizdoc\src\routes\_app\maintenance-management\maintenance-order\$id\detail\index.tsx
   28:46  error  Unexpected any. Specify a different type  @typescript-eslint/no-explicit-any
  111:54  error  Unexpected any. Specify a different type  @typescript-eslint/no-explicit-any
  154:26  error  Unexpected any. Specify a different type  @typescript-eslint/no-explicit-any
  174:39  error  Unexpected any. Specify a different type  @typescript-eslint/no-explicit-any
  175:39  error  Unexpected any. Specify a different type  @typescript-eslint/no-explicit-any
  178:37  error  Unexpected any. Specify a different type  @typescript-eslint/no-explicit-any
  179:39  error  Unexpected any. Specify a different type  @typescript-eslint/no-explicit-any
  180:39  error  Unexpected any. Specify a different type  @typescript-eslint/no-explicit-any
  183:40  error  Unexpected any. Specify a different type  @typescript-eslint/no-explicit-any
  184:39  error  Unexpected any. Specify a different type  @typescript-eslint/no-explicit-any
  187:41  error  Unexpected any. Specify a different type  @typescript-eslint/no-explicit-any
  190:38  error  Unexpected any. Specify a different type  @typescript-eslint/no-explicit-any

C:\Users\Admin\Desktop\CogainCore\cogain-core\frontend\bizdoc\src\routes\_app\maintenance-management\maintenance-order\-components\maintenance-detail-tab\common.tsx
   50:14  warning  Fast refresh only works when a file only exports components. Use a new file to share constants or functions between components  react-refresh/only-export-components
  108:14  warning  Fast refresh only works when a file only exports components. Use a new file to share constants or functions between components  react-refresh/only-export-components
  112:14  warning  Fast refresh only works when a file only exports components. Use a new file to share constants or functions between components  react-refresh/only-export-components
  115:14  warning  Fast refresh only works when a file only exports components. Use a new file to share constants or functions between components  react-refresh/only-export-components

C:\Users\Admin\Desktop\CogainCore\cogain-core\frontend\bizdoc\src\routes\_app\maintenance-management\maintenance-order\-components\maintenance-detail-tab\details-tab.tsx
  427:84  error  Unexpected any. Specify a different type  @typescript-eslint/no-explicit-any

C:\Users\Admin\Desktop\CogainCore\cogain-core\frontend\bizdoc\src\routes\_app\maintenance-management\maintenance-order\-components\maintenance-detail-tab\processes-tab.tsx
  265:24  error  Unexpected any. Specify a different type  @typescript-eslint/no-explicit-any

C:\Users\Admin\Desktop\CogainCore\cogain-core\frontend\bizdoc\src\routes\_app\maintenance-management\maintenance-order\-components\maintenance-detail-tab\raw-mats-tab.tsx
  160:18  error  Unexpected any. Specify a different type  @typescript-eslint/no-explicit-any
  161:58  error  Unexpected any. Specify a different type  @typescript-eslint/no-explicit-any
  285:63  error  Unexpected any. Specify a different type  @typescript-eslint/no-explicit-any
  452:16  error  Unexpected any. Specify a different type  @typescript-eslint/no-explicit-any
  696:29  error  Unexpected any. Specify a different type  @typescript-eslint/no-explicit-any
  723:25  error  Unexpected any. Specify a different type  @typescript-eslint/no-explicit-any

C:\Users\Admin\Desktop\CogainCore\cogain-core\frontend\bizdoc\src\routes\_app\maintenance-management\maintenance-order\-components\maintenance-detail-tab\semi-finished-tab.tsx
  68:49  error  Unexpected any. Specify a different type  @typescript-eslint/no-explicit-any

C:\Users\Admin\Desktop\CogainCore\cogain-core\frontend\bizdoc\src\routes\_app\maintenance-management\maintenance-order\-components\maintenance-order-detail-table.helper.tsx
   81:23  error  Unexpected any. Specify a different type  @typescript-eslint/no-explicit-any
  117:46  error  Unexpected any. Specify a different type  @typescript-eslint/no-explicit-any
  232:20  error  Unexpected any. Specify a different type  @typescript-eslint/no-explicit-any

C:\Users\Admin\Desktop\CogainCore\cogain-core\frontend\bizdoc\src\routes\_app\maintenance-management\maintenance-order\-components\maintenance-order-detail-view-config.tsx
   32:17  warning  Fast refresh only works when a file only exports components. Use a new file to share constants or functions between components  react-refresh/only-export-components
   92:14  warning  Fast refresh only works when a file only exports components. Use a new file to share constants or functions between components  react-refresh/only-export-components
  119:17  warning  Fast refresh only works when a file only exports components. Use a new file to share constants or functions between components  react-refresh/only-export-components
  156:96  error    Unexpected any. Specify a different type                                                                                        @typescript-eslint/no-explicit-any
  178:92  error    Unexpected any. Specify a different type                                                                                        @typescript-eslint/no-explicit-any
  200:93  error    Unexpected any. Specify a different type                                                                                        @typescript-eslint/no-explicit-any
  212:68  error    Unexpected any. Specify a different type                                                                                        @typescript-eslint/no-explicit-any
  346:86  error    Unexpected any. Specify a different type                                                                                        @typescript-eslint/no-explicit-any
  353:39  error    Unexpected any. Specify a different type                                                                                        @typescript-eslint/no-explicit-any
  370:80  error    Unexpected any. Specify a different type                                                                                        @typescript-eslint/no-explicit-any
  379:39  error    Unexpected any. Specify a different type                                                                                        @typescript-eslint/no-explicit-any
  395:84  error    Unexpected any. Specify a different type                                                                                        @typescript-eslint/no-explicit-any
  401:39  error    Unexpected any. Specify a different type                                                                                        @typescript-eslint/no-explicit-any
  417:69  error    Unexpected any. Specify a different type                                                                                        @typescript-eslint/no-explicit-any
  423:39  error    Unexpected any. Specify a different type                                                                                        @typescript-eslint/no-explicit-any
  445:39  error    Unexpected any. Specify a different type                                                                                        @typescript-eslint/no-explicit-any
  458:80  error    Unexpected any. Specify a different type                                                                                        @typescript-eslint/no-explicit-any
  465:39  error    Unexpected any. Specify a different type                                                                                        @typescript-eslint/no-explicit-any
  488:39  error    Unexpected any. Specify a different type                                                                                        @typescript-eslint/no-explicit-any
  565:14  warning  Fast refresh only works when a file only exports components. Use a new file to share constants or functions between components  react-refresh/only-export-components

C:\Users\Admin\Desktop\CogainCore\cogain-core\frontend\bizdoc\src\routes\_app\maintenance-management\maintenance-order\-components\maintenance-order-form.tsx
   371:6   warning  React Hook useEffect has a missing dependency: 'getByIdQuery'. Either include it or remove the dependency array  react-hooks/exhaustive-deps
   587:20  error    Unexpected any. Specify a different type                                                                         @typescript-eslint/no-explicit-any
   640:22  error    Unexpected any. Specify a different type                                                                         @typescript-eslint/no-explicit-any
   671:20  error    Unexpected any. Specify a different type                                                                         @typescript-eslint/no-explicit-any
   724:20  error    Unexpected any. Specify a different type                                                                         @typescript-eslint/no-explicit-any
   732:20  error    Unexpected any. Specify a different type                                                                         @typescript-eslint/no-explicit-any
   740:20  error    Unexpected any. Specify a different type                                                                         @typescript-eslint/no-explicit-any
   917:70  error    Unexpected any. Specify a different type                                                                         @typescript-eslint/no-explicit-any
   932:17  error    Unexpected any. Specify a different type                                                                         @typescript-eslint/no-explicit-any
   935:20  error    Unexpected any. Specify a different type                                                                         @typescript-eslint/no-explicit-any
   940:17  error    Unexpected any. Specify a different type                                                                         @typescript-eslint/no-explicit-any
   943:20  error    Unexpected any. Specify a different type                                                                         @typescript-eslint/no-explicit-any
   949:13  error    Unexpected any. Specify a different type                                                                         @typescript-eslint/no-explicit-any
   988:45  error    Unexpected any. Specify a different type                                                                         @typescript-eslint/no-explicit-any
   993:49  error    Unexpected any. Specify a different type                                                                         @typescript-eslint/no-explicit-any
   998:49  error    Unexpected any. Specify a different type                                                                         @typescript-eslint/no-explicit-any
  1003:49  error    Unexpected any. Specify a different type                                                                         @typescript-eslint/no-explicit-any
  1007:45  error    Unexpected any. Specify a different type                                                                         @typescript-eslint/no-explicit-any
  1012:49  error    Unexpected any. Specify a different type                                                                         @typescript-eslint/no-explicit-any
  1246:75  error    Unexpected any. Specify a different type                                                                         @typescript-eslint/no-explicit-any
  1261:55  error    Unexpected any. Specify a different type                                                                         @typescript-eslint/no-explicit-any
  1269:59  error    Unexpected any. Specify a different type                                                                         @typescript-eslint/no-explicit-any
  1491:83  error    Unexpected any. Specify a different type                                                                         @typescript-eslint/no-explicit-any
  1493:57  error    Unexpected any. Specify a different type                                                                         @typescript-eslint/no-explicit-any

C:\Users\Admin\Desktop\CogainCore\cogain-core\frontend\bizdoc\src\routes\_app\maintenance-management\maintenance-order\index.tsx
  286:69  error  Unexpected any. Specify a different type  @typescript-eslint/no-explicit-any

C:\Users\Admin\Desktop\CogainCore\cogain-core\frontend\bizdoc\src\routes\_app\production-management\-components\work-item-cascade-filter.tsx
  73:14  error  Unexpected any. Specify a different type  @typescript-eslint/no-explicit-any
  74:86  error  Unexpected any. Specify a different type  @typescript-eslint/no-explicit-any
  75:74  error  Unexpected any. Specify a different type  @typescript-eslint/no-explicit-any

C:\Users\Admin\Desktop\CogainCore\cogain-core\frontend\bizdoc\src\routes\_app\production-management\acceptance-minute\-components\acceptance-minute-detail-table.tsx
   66:9   warning  The 'getStandardName' function makes the dependencies of useMemo Hook (at line 337) change on every render. To fix this, wrap the definition of 'getStandardName' in its own useCallback() Hook  react-hooks/exhaustive-deps
   67:9   warning  The 'getCost' function makes the dependencies of useMemo Hook (at line 337) change on every render. To fix this, wrap the definition of 'getCost' in its own useCallback() Hook                  react-hooks/exhaustive-deps
   68:9   warning  The 'getTeam' function makes the dependencies of useMemo Hook (at line 337) change on every render. To fix this, wrap the definition of 'getTeam' in its own useCallback() Hook                  react-hooks/exhaustive-deps
   70:9   warning  The 'resolveCostUom' function makes the dependencies of useMemo Hook (at line 337) change on every render. To fix this, wrap the definition of 'resolveCostUom' in its own useCallback() Hook    react-hooks/exhaustive-deps
   71:62  error    Unexpected any. Specify a different type                                                                                                                                                         @typescript-eslint/no-explicit-any
   76:65  error    Unexpected any. Specify a different type                                                                                                                                                         @typescript-eslint/no-explicit-any
  142:6   warning  React Hook useMemo has missing dependencies: 'getSearchText' and 'resolveCostUom'. Either include them or remove the dependency array                                                            react-hooks/exhaustive-deps
  379:71  error    Unexpected any. Specify a different type                                                                                                                                                         @typescript-eslint/no-explicit-any
  403:75  error    Unexpected any. Specify a different type                                                                                                                                                         @typescript-eslint/no-explicit-any
  425:70  error    Unexpected any. Specify a different type                                                                                                                                                         @typescript-eslint/no-explicit-any
  471:71  error    Unexpected any. Specify a different type                                                                                                                                                         @typescript-eslint/no-explicit-any

C:\Users\Admin\Desktop\CogainCore\cogain-core\frontend\bizdoc\src\routes\_app\production-management\acceptance-minute\-components\acceptance-minute-form.tsx
  269:33  error  Unexpected any. Specify a different type  @typescript-eslint/no-explicit-any
  272:25  error  Unexpected any. Specify a different type  @typescript-eslint/no-explicit-any
  353:53  error  Unexpected any. Specify a different type  @typescript-eslint/no-explicit-any
  356:65  error  Unexpected any. Specify a different type  @typescript-eslint/no-explicit-any
  391:59  error  Unexpected any. Specify a different type  @typescript-eslint/no-explicit-any
  393:45  error  Unexpected any. Specify a different type  @typescript-eslint/no-explicit-any
  482:48  error  Unexpected any. Specify a different type  @typescript-eslint/no-explicit-any

C:\Users\Admin\Desktop\CogainCore\cogain-core\frontend\bizdoc\src\routes\_app\production-management\acceptance-minute\-components\acceptance-minute-modal.tsx
   71:21  error  '_rejectedDetailId' is defined but never used  @typescript-eslint/no-unused-vars
  133:38  error  Unexpected any. Specify a different type       @typescript-eslint/no-explicit-any
  151:41  error  Unexpected any. Specify a different type       @typescript-eslint/no-explicit-any
  285:39  error  Unexpected any. Specify a different type       @typescript-eslint/no-explicit-any
  558:55  error  Unexpected any. Specify a different type       @typescript-eslint/no-explicit-any

C:\Users\Admin\Desktop\CogainCore\cogain-core\frontend\bizdoc\src\routes\_app\production-management\acceptance-minute\-components\acceptance-minute-print-dialog.tsx
  43:19  error    Unexpected any. Specify a different type                                                        @typescript-eslint/no-explicit-any
  54:20  error    Unexpected any. Specify a different type                                                        @typescript-eslint/no-explicit-any
  67:5   warning  Unused eslint-disable directive (no problems were reported from 'react-hooks/exhaustive-deps')

C:\Users\Admin\Desktop\CogainCore\cogain-core\frontend\bizdoc\src\routes\_app\production-management\acceptance-minute\-components\other-role-confirm-dialog.tsx
   55:38  error  Unexpected any. Specify a different type  @typescript-eslint/no-explicit-any
  150:42  error  Unexpected any. Specify a different type  @typescript-eslint/no-explicit-any

C:\Users\Admin\Desktop\CogainCore\cogain-core\frontend\bizdoc\src\routes\_app\production-management\acceptance-minute\-hooks\use-acceptance-detail-columns.tsx
  374:5  warning  React Hook useMemo has an unnecessary dependency: 'resolveCostUom'. Either exclude it or remove the dependency array  react-hooks/exhaustive-deps

C:\Users\Admin\Desktop\CogainCore\cogain-core\frontend\bizdoc\src\routes\_app\production-management\acceptance-minute\-hooks\use-acceptance-minute.tsx
  80:9  error  '_productionOperationsRes' is assigned a value but never used  @typescript-eslint/no-unused-vars

C:\Users\Admin\Desktop\CogainCore\cogain-core\frontend\bizdoc\src\routes\_app\production-management\acceptance-minute\-hooks\use-acceptance-signalr.ts
   31:17  error  Unexpected any. Specify a different type            @typescript-eslint/no-explicit-any
   32:22  error  Unexpected any. Specify a different type            @typescript-eslint/no-explicit-any
   33:26  error  Unexpected any. Specify a different type            @typescript-eslint/no-explicit-any
   34:17  error  Unexpected any. Specify a different type            @typescript-eslint/no-explicit-any
   35:29  error  Unexpected any. Specify a different type            @typescript-eslint/no-explicit-any
   36:19  error  Unexpected any. Specify a different type            @typescript-eslint/no-explicit-any
  131:52  error  Unexpected any. Specify a different type            @typescript-eslint/no-explicit-any
  135:32  error  Unexpected any. Specify a different type            @typescript-eslint/no-explicit-any
  136:71  error  Unexpected any. Specify a different type            @typescript-eslint/no-explicit-any
  158:28  error  Unexpected any. Specify a different type            @typescript-eslint/no-explicit-any
  197:34  error  Unexpected any. Specify a different type            @typescript-eslint/no-explicit-any
  230:33  error  Unexpected any. Specify a different type            @typescript-eslint/no-explicit-any
  233:51  error  Unexpected any. Specify a different type            @typescript-eslint/no-explicit-any
  247:31  error  Unexpected any. Specify a different type            @typescript-eslint/no-explicit-any
  254:11  error  'updated' is never reassigned. Use 'const' instead  prefer-const
  258:35  error  Unexpected any. Specify a different type            @typescript-eslint/no-explicit-any
  270:23  error  Unexpected any. Specify a different type            @typescript-eslint/no-explicit-any
  284:19  error  Unexpected any. Specify a different type            @typescript-eslint/no-explicit-any
  310:38  error  Unexpected any. Specify a different type            @typescript-eslint/no-explicit-any
  314:64  error  Unexpected any. Specify a different type            @typescript-eslint/no-explicit-any
  316:57  error  Unexpected any. Specify a different type            @typescript-eslint/no-explicit-any
  340:42  error  Unexpected any. Specify a different type            @typescript-eslint/no-explicit-any
  343:41  error  Unexpected any. Specify a different type            @typescript-eslint/no-explicit-any
  360:45  error  Unexpected any. Specify a different type            @typescript-eslint/no-explicit-any
  366:78  error  Unexpected any. Specify a different type            @typescript-eslint/no-explicit-any
  368:59  error  Unexpected any. Specify a different type            @typescript-eslint/no-explicit-any
  417:64  error  Unexpected any. Specify a different type            @typescript-eslint/no-explicit-any
  419:57  error  Unexpected any. Specify a different type            @typescript-eslint/no-explicit-any
  451:43  error  Unexpected any. Specify a different type            @typescript-eslint/no-explicit-any
  454:42  error  Unexpected any. Specify a different type            @typescript-eslint/no-explicit-any
  459:15  error  Unexpected any. Specify a different type            @typescript-eslint/no-explicit-any
  472:50  error  Unexpected any. Specify a different type            @typescript-eslint/no-explicit-any
  499:38  error  Unexpected any. Specify a different type            @typescript-eslint/no-explicit-any
  528:32  error  Unexpected any. Specify a different type            @typescript-eslint/no-explicit-any
  601:35  error  Unexpected any. Specify a different type            @typescript-eslint/no-explicit-any
  602:35  error  Unexpected any. Specify a different type            @typescript-eslint/no-explicit-any
  603:35  error  Unexpected any. Specify a different type            @typescript-eslint/no-explicit-any
  604:35  error  Unexpected any. Specify a different type            @typescript-eslint/no-explicit-any
  605:35  error  Unexpected any. Specify a different type            @typescript-eslint/no-explicit-any
  606:35  error  Unexpected any. Specify a different type            @typescript-eslint/no-explicit-any
  607:35  error  Unexpected any. Specify a different type            @typescript-eslint/no-explicit-any
  608:35  error  Unexpected any. Specify a different type            @typescript-eslint/no-explicit-any
  609:35  error  Unexpected any. Specify a different type            @typescript-eslint/no-explicit-any

C:\Users\Admin\Desktop\CogainCore\cogain-core\frontend\bizdoc\src\routes\_app\production-management\acceptance-minute\index.tsx
  194:36  error  Unexpected any. Specify a different type  @typescript-eslint/no-explicit-any
  209:15  error  Unexpected any. Specify a different type  @typescript-eslint/no-explicit-any
  223:34  error  Unexpected any. Specify a different type  @typescript-eslint/no-explicit-any
  260:19  error  Unexpected any. Specify a different type  @typescript-eslint/no-explicit-any
  303:77  error  Unexpected any. Specify a different type  @typescript-eslint/no-explicit-any
  697:74  error  Unexpected any. Specify a different type  @typescript-eslint/no-explicit-any
  821:32  error  Unexpected any. Specify a different type  @typescript-eslint/no-explicit-any
  886:30  error  Unexpected any. Specify a different type  @typescript-eslint/no-explicit-any
  899:30  error  Unexpected any. Specify a different type  @typescript-eslint/no-explicit-any
  912:30  error  Unexpected any. Specify a different type  @typescript-eslint/no-explicit-any

C:\Users\Admin\Desktop\CogainCore\cogain-core\frontend\bizdoc\src\routes\_app\production-management\budget\-components\production-budget-filter-popover.tsx
  38:29  error  Unexpected any. Specify a different type  @typescript-eslint/no-explicit-any

C:\Users\Admin\Desktop\CogainCore\cogain-core\frontend\bizdoc\src\routes\_app\production-management\contract-salary-advance\-components\contract-salary-advance-detail-table.tsx
  11:26  error  Unexpected any. Specify a different type  @typescript-eslint/no-explicit-any
  25:37  error  Unexpected any. Specify a different type  @typescript-eslint/no-explicit-any

C:\Users\Admin\Desktop\CogainCore\cogain-core\frontend\bizdoc\src\routes\_app\production-management\contract-salary-advance\-components\contract-salary-advance-form.tsx
  145:40  error  Unexpected any. Specify a different type  @typescript-eslint/no-explicit-any

C:\Users\Admin\Desktop\CogainCore\cogain-core\frontend\bizdoc\src\routes\_app\production-management\contract-salary-advance\index.tsx
  186:56  error  Unexpected any. Specify a different type  @typescript-eslint/no-explicit-any
  590:35  error  Unexpected any. Specify a different type  @typescript-eslint/no-explicit-any

C:\Users\Admin\Desktop\CogainCore\cogain-core\frontend\bizdoc\src\routes\_app\production-management\damage-deduction\$id\detail\index.tsx
  20:46  error  Unexpected any. Specify a different type  @typescript-eslint/no-explicit-any

C:\Users\Admin\Desktop\CogainCore\cogain-core\frontend\bizdoc\src\routes\_app\production-management\damage-deduction\_components\attachment-section.tsx
  140:76  error  Unexpected any. Specify a different type  @typescript-eslint/no-explicit-any

C:\Users\Admin\Desktop\CogainCore\cogain-core\frontend\bizdoc\src\routes\_app\production-management\damage-deduction\_components\damage-deduction-filter-popover.tsx
  79:29  error  Unexpected any. Specify a different type  @typescript-eslint/no-explicit-any

C:\Users\Admin\Desktop\CogainCore\cogain-core\frontend\bizdoc\src\routes\_app\production-management\damage-deduction\_hooks\use-damage-deduction.tsx
  167:64  error  Unexpected any. Specify a different type  @typescript-eslint/no-explicit-any

C:\Users\Admin\Desktop\CogainCore\cogain-core\frontend\bizdoc\src\routes\_app\production-management\damage-deduction\index.tsx
   94:5   error  React Hook "useHasPermission" is called conditionally. React Hooks must be called in the exact same order in every component render  react-hooks/rules-of-hooks
  105:77  error  Unexpected any. Specify a different type                                                                                             @typescript-eslint/no-explicit-any
  466:62  error  Unexpected any. Specify a different type                                                                                             @typescript-eslint/no-explicit-any

C:\Users\Admin\Desktop\CogainCore\cogain-core\frontend\bizdoc\src\routes\_app\production-management\goods-issue-receipt-request\-components\goods-issue-receipt-request-detail-table.tsx
  133:5   warning  React Hook useCallback has an unnecessary dependency: 'getOperation'. Either exclude it or remove the dependency array  react-hooks/exhaustive-deps
  204:6   warning  React Hook useMemo has a missing dependency: 'resolveCostUom'. Either include it or remove the dependency array         react-hooks/exhaustive-deps
  540:5   warning  React Hook useMemo has a missing dependency: 'productionOperationId'. Either include it or remove the dependency array  react-hooks/exhaustive-deps
  580:40  error    Unexpected any. Specify a different type                                                                                @typescript-eslint/no-explicit-any
  611:39  error    Unexpected any. Specify a different type                                                                                @typescript-eslint/no-explicit-any
  724:42  error    Unexpected any. Specify a different type                                                                                @typescript-eslint/no-explicit-any

C:\Users\Admin\Desktop\CogainCore\cogain-core\frontend\bizdoc\src\routes\_app\production-management\goods-issue-receipt-request\-components\goods-issue-receipt-request-filter-popover.tsx
  13:13  error  Unexpected any. Specify a different type  @typescript-eslint/no-explicit-any
  41:29  error  Unexpected any. Specify a different type  @typescript-eslint/no-explicit-any

C:\Users\Admin\Desktop\CogainCore\cogain-core\frontend\bizdoc\src\routes\_app\production-management\goods-issue-receipt-request\-components\goods-issue-receipt-request-form.tsx
  150:6  warning  React Hook useEffect has missing dependencies: 'resetForm' and 'setSelectedRefDocument'. Either include them or remove the dependency array  react-hooks/exhaustive-deps

C:\Users\Admin\Desktop\CogainCore\cogain-core\frontend\bizdoc\src\routes\_app\production-management\goods-issue-receipt-request\-components\packing-list-goods-issue-receipt-request-detail-table.tsx
  341:5  warning  React Hook useMemo has an unnecessary dependency: 'uomOptions'. Either exclude it or remove the dependency array  react-hooks/exhaustive-deps

C:\Users\Admin\Desktop\CogainCore\cogain-core\frontend\bizdoc\src\routes\_app\production-management\goods-issue-receipt-request\_hooks\use-goods-issue-receipt-request.ts
  45:34  error  Unexpected any. Specify a different type  @typescript-eslint/no-explicit-any

C:\Users\Admin\Desktop\CogainCore\cogain-core\frontend\bizdoc\src\routes\_app\production-management\goods-issue-receipt-request\index.tsx
  760:45  error  Unexpected any. Specify a different type  @typescript-eslint/no-explicit-any
  763:35  error  Unexpected any. Specify a different type  @typescript-eslint/no-explicit-any

C:\Users\Admin\Desktop\CogainCore\cogain-core\frontend\bizdoc\src\routes\_app\production-management\goods-issue-receipt\-components\goods-issue-receipt-detail-table.tsx
  133:5   warning  React Hook useCallback has an unnecessary dependency: 'getOperation'. Either exclude it or remove the dependency array  react-hooks/exhaustive-deps
  204:6   warning  React Hook useMemo has a missing dependency: 'resolveCostUom'. Either include it or remove the dependency array         react-hooks/exhaustive-deps
  537:5   warning  React Hook useMemo has a missing dependency: 'productionOperationId'. Either include it or remove the dependency array  react-hooks/exhaustive-deps
  577:40  error    Unexpected any. Specify a different type                                                                                @typescript-eslint/no-explicit-any
  608:39  error    Unexpected any. Specify a different type                                                                                @typescript-eslint/no-explicit-any
  719:42  error    Unexpected any. Specify a different type                                                                                @typescript-eslint/no-explicit-any

C:\Users\Admin\Desktop\CogainCore\cogain-core\frontend\bizdoc\src\routes\_app\production-management\goods-issue-receipt\-components\goods-issue-receipt-filter-popover.tsx
  12:13  error  Unexpected any. Specify a different type  @typescript-eslint/no-explicit-any
  40:29  error  Unexpected any. Specify a different type  @typescript-eslint/no-explicit-any

C:\Users\Admin\Desktop\CogainCore\cogain-core\frontend\bizdoc\src\routes\_app\production-management\goods-issue-receipt\-components\packing-list-goods-issue-receipt-detail-table.tsx
  337:5  warning  React Hook useMemo has an unnecessary dependency: 'uomOptions'. Either exclude it or remove the dependency array  react-hooks/exhaustive-deps

C:\Users\Admin\Desktop\CogainCore\cogain-core\frontend\bizdoc\src\routes\_app\production-management\goods-issue-receipt\_hooks\use-goods-issue-receipt.ts
  40:34  error  Unexpected any. Specify a different type  @typescript-eslint/no-explicit-any

C:\Users\Admin\Desktop\CogainCore\cogain-core\frontend\bizdoc\src\routes\_app\production-management\goods-issue-receipt\index.tsx
  796:45  error  Unexpected any. Specify a different type  @typescript-eslint/no-explicit-any
  799:35  error  Unexpected any. Specify a different type  @typescript-eslint/no-explicit-any

C:\Users\Admin\Desktop\CogainCore\cogain-core\frontend\bizdoc\src\routes\_app\production-management\manpower-dispatch\$id\detail\index.tsx
   44:46  error    Unexpected any. Specify a different type                                                                                                                                                                                        @typescript-eslint/no-explicit-any
  181:9   warning  The 'getEmployee' function makes the dependencies of useMemo Hook (at line 265) change on every render. Move it inside the useMemo callback. Alternatively, wrap the definition of 'getEmployee' in its own useCallback() Hook  react-hooks/exhaustive-deps
  411:6   warning  React Hook useMemo has missing dependencies: 'employeeInfo?.id' and 'workItemQuery.data?.data?.currentStepId'. Either include them or remove the dependency array                                                               react-hooks/exhaustive-deps

C:\Users\Admin\Desktop\CogainCore\cogain-core\frontend\bizdoc\src\routes\_app\production-management\manpower-dispatch\_components\attachment-section.tsx
  145:76  error  Unexpected any. Specify a different type  @typescript-eslint/no-explicit-any

C:\Users\Admin\Desktop\CogainCore\cogain-core\frontend\bizdoc\src\routes\_app\production-management\manpower-dispatch\_components\manpower-dispatch-form.tsx
  28:14  warning  Fast refresh only works when a file only exports components. Use a new file to share constants or functions between components  react-refresh/only-export-components

C:\Users\Admin\Desktop\CogainCore\cogain-core\frontend\bizdoc\src\routes\_app\production-management\manpower-dispatch\index.tsx
  209:9   warning  The 'getEmployee' function makes the dependencies of useMemo Hook (at line 547) change on every render. Move it inside the useMemo callback. Alternatively, wrap the definition of 'getEmployee' in its own useCallback() Hook  react-hooks/exhaustive-deps
  306:68  error    Unexpected any. Specify a different type                                                                                                                                                                                        @typescript-eslint/no-explicit-any
  321:66  error    Unexpected any. Specify a different type                                                                                                                                                                                        @typescript-eslint/no-explicit-any
  587:13  error    Empty block statement                                                                                                                                                                                                           no-empty
  596:13  error    Empty block statement                                                                                                                                                                                                           no-empty

C:\Users\Admin\Desktop\CogainCore\cogain-core\frontend\bizdoc\src\routes\_app\production-management\non-manpower-dispatch\$id\detail\index.tsx
   47:46  error    Unexpected any. Specify a different type                                                                                                                                                                                        @typescript-eslint/no-explicit-any
  183:9   warning  The 'getEmployee' function makes the dependencies of useMemo Hook (at line 265) change on every render. Move it inside the useMemo callback. Alternatively, wrap the definition of 'getEmployee' in its own useCallback() Hook  react-hooks/exhaustive-deps
  402:6   warning  React Hook useMemo has missing dependencies: 'employeeInfo?.id' and 'workItemQuery.data?.data?.currentStepId'. Either include them or remove the dependency array                                                               react-hooks/exhaustive-deps

C:\Users\Admin\Desktop\CogainCore\cogain-core\frontend\bizdoc\src\routes\_app\production-management\non-manpower-dispatch\_components\non-manpower-dispatch-form.tsx
  28:14  warning  Fast refresh only works when a file only exports components. Use a new file to share constants or functions between components  react-refresh/only-export-components

C:\Users\Admin\Desktop\CogainCore\cogain-core\frontend\bizdoc\src\routes\_app\production-management\non-manpower-dispatch\index.tsx
  204:9   warning  The 'getEmployee' function makes the dependencies of useMemo Hook (at line 527) change on every render. Move it inside the useMemo callback. Alternatively, wrap the definition of 'getEmployee' in its own useCallback() Hook  react-hooks/exhaustive-deps
  299:66  error    Unexpected any. Specify a different type                                                                                                                                                                                        @typescript-eslint/no-explicit-any
  567:13  error    Empty block statement                                                                                                                                                                                                           no-empty
  576:13  error    Empty block statement                                                                                                                                                                                                           no-empty

C:\Users\Admin\Desktop\CogainCore\cogain-core\frontend\bizdoc\src\routes\_app\production-management\norm\$id\detail\index.tsx
   34:46  error    Unexpected any. Specify a different type                                                                                                                                                                                    @typescript-eslint/no-explicit-any
  254:5   warning  React Hook useMemo has missing dependencies: 'getCostName', 'getOperationName', 'getStandardName', and 'getUomName'. Either include them or remove the dependency array                                                     react-hooks/exhaustive-deps
  260:9   warning  The 'productionCostOptions' logical expression could make the dependencies of useMemo Hook (at line 273) change on every render. To fix this, wrap the initialization of 'productionCostOptions' in its own useMemo() Hook  react-hooks/exhaustive-deps

C:\Users\Admin\Desktop\CogainCore\cogain-core\frontend\bizdoc\src\routes\_app\production-management\norm\$id\detail\use-production-norm-detail-filters.ts
  73:30  error  Unexpected any. Specify a different type  @typescript-eslint/no-explicit-any
  73:66  error  Unexpected any. Specify a different type  @typescript-eslint/no-explicit-any

C:\Users\Admin\Desktop\CogainCore\cogain-core\frontend\bizdoc\src\routes\_app\production-management\norm\-components\production-norm-detail-table.tsx
   90:35  error    Unexpected any. Specify a different type                                                                                               @typescript-eslint/no-explicit-any
  153:5   warning  React Hook useMemo has missing dependencies: 'getCostName' and 'getOperationName'. Either include them or remove the dependency array  react-hooks/exhaustive-deps
  164:28  error    Unexpected any. Specify a different type                                                                                               @typescript-eslint/no-explicit-any

C:\Users\Admin\Desktop\CogainCore\cogain-core\frontend\bizdoc\src\routes\_app\production-management\norm\-components\production-norm-filter-popover.tsx
  41:29  error  Unexpected any. Specify a different type  @typescript-eslint/no-explicit-any

C:\Users\Admin\Desktop\CogainCore\cogain-core\frontend\bizdoc\src\routes\_app\production-management\norm\index.tsx
   85:25  error    React Hook "useHasPermission" is called conditionally. React Hooks must be called in the exact same order in every component render                                                 react-hooks/rules-of-hooks
   87:25  error    React Hook "useHasPermission" is called conditionally. React Hooks must be called in the exact same order in every component render                                                 react-hooks/rules-of-hooks
   89:25  error    React Hook "useHasPermission" is called conditionally. React Hooks must be called in the exact same order in every component render                                                 react-hooks/rules-of-hooks
   91:25  error    React Hook "useHasPermission" is called conditionally. React Hooks must be called in the exact same order in every component render                                                 react-hooks/rules-of-hooks
  505:5   warning  React Hook useMemo has missing dependencies: 'getCostCode', 'getCostName', 'getOperation', 'getStandardName', and 'getUomName'. Either include them or remove the dependency array  react-hooks/exhaustive-deps

C:\Users\Admin\Desktop\CogainCore\cogain-core\frontend\bizdoc\src\routes\_app\production-management\order\$id\detail\index.tsx
  208:22  error  Unexpected any. Specify a different type  @typescript-eslint/no-explicit-any
  208:37  error  Unexpected any. Specify a different type  @typescript-eslint/no-explicit-any
  211:34  error  Unexpected any. Specify a different type  @typescript-eslint/no-explicit-any
  211:48  error  Unexpected any. Specify a different type  @typescript-eslint/no-explicit-any
  214:42  error  Unexpected any. Specify a different type  @typescript-eslint/no-explicit-any
  239:41  error  Unexpected any. Specify a different type  @typescript-eslint/no-explicit-any
  251:19  error  Unexpected any. Specify a different type  @typescript-eslint/no-explicit-any
  253:13  error  Unexpected any. Specify a different type  @typescript-eslint/no-explicit-any
  253:21  error  Unexpected any. Specify a different type  @typescript-eslint/no-explicit-any
  274:27  error  Unexpected any. Specify a different type  @typescript-eslint/no-explicit-any
  275:54  error  Unexpected any. Specify a different type  @typescript-eslint/no-explicit-any
  276:47  error  Unexpected any. Specify a different type  @typescript-eslint/no-explicit-any

C:\Users\Admin\Desktop\CogainCore\cogain-core\frontend\bizdoc\src\routes\_app\production-management\order\-components\production-detail-tab\common.tsx
   56:14  warning  Fast refresh only works when a file only exports components. Use a new file to share constants or functions between components  react-refresh/only-export-components
  120:14  warning  Fast refresh only works when a file only exports components. Use a new file to share constants or functions between components  react-refresh/only-export-components
  127:14  warning  Fast refresh only works when a file only exports components. Use a new file to share constants or functions between components  react-refresh/only-export-components
  132:14  warning  Fast refresh only works when a file only exports components. Use a new file to share constants or functions between components  react-refresh/only-export-components
  137:14  warning  Fast refresh only works when a file only exports components. Use a new file to share constants or functions between components  react-refresh/only-export-components

C:\Users\Admin\Desktop\CogainCore\cogain-core\frontend\bizdoc\src\routes\_app\production-management\order\-components\production-detail-tab\details-tab.tsx
  96:68  error  Unexpected any. Specify a different type  @typescript-eslint/no-explicit-any

C:\Users\Admin\Desktop\CogainCore\cogain-core\frontend\bizdoc\src\routes\_app\production-management\order\-components\production-detail-tab\semi-finished-tab.tsx
  180:26  error    Unexpected any. Specify a different type                                                                                                          @typescript-eslint/no-explicit-any
  194:26  error    Unexpected any. Specify a different type                                                                                                          @typescript-eslint/no-explicit-any
  206:26  error    Unexpected any. Specify a different type                                                                                                          @typescript-eslint/no-explicit-any
  342:5   warning  React Hook useMemo has missing dependencies: 'fk.model', 'fk.semiFinishedGood', and 'fk.uom'. Either include them or remove the dependency array  react-hooks/exhaustive-deps

C:\Users\Admin\Desktop\CogainCore\cogain-core\frontend\bizdoc\src\routes\_app\production-management\order\-components\production-order-detail-table.helper.tsx
   43:14  warning  Fast refresh only works when a file only exports components. Use a new file to share constants or functions between components  react-refresh/only-export-components
   66:14  warning  Fast refresh only works when a file only exports components. Use a new file to share constants or functions between components  react-refresh/only-export-components
   84:14  warning  Fast refresh only works when a file only exports components. Use a new file to share constants or functions between components  react-refresh/only-export-components
  106:14  warning  Fast refresh only works when a file only exports components. Use a new file to share constants or functions between components  react-refresh/only-export-components
  122:17  warning  Fast refresh only works when a file only exports components. Use a new file to share constants or functions between components  react-refresh/only-export-components
  170:17  warning  Fast refresh only works when a file only exports components. Use a new file to share constants or functions between components  react-refresh/only-export-components
  202:30  error    Unexpected any. Specify a different type                                                                                        @typescript-eslint/no-explicit-any
  215:14  warning  Fast refresh only works when a file only exports components. Use a new file to share constants or functions between components  react-refresh/only-export-components
  244:17  warning  Fast refresh only works when a file only exports components. Use a new file to share constants or functions between components  react-refresh/only-export-components
  380:5   warning  React Hook useMemo has an unnecessary dependency: 'lookups.costMap'. Either exclude it or remove the dependency array           react-hooks/exhaustive-deps
  600:14  warning  Fast refresh only works when a file only exports components. Use a new file to share constants or functions between components  react-refresh/only-export-components

C:\Users\Admin\Desktop\CogainCore\cogain-core\frontend\bizdoc\src\routes\_app\production-management\order\-components\production-order-form.schema.ts
  665:26  error  Unexpected any. Specify a different type  @typescript-eslint/no-explicit-any

C:\Users\Admin\Desktop\CogainCore\cogain-core\frontend\bizdoc\src\routes\_app\production-management\order\-hooks\use-production-order-form-event-handlers.ts
  199:46  error  Unexpected any. Specify a different type  @typescript-eslint/no-explicit-any
  257:58  error  Unexpected any. Specify a different type  @typescript-eslint/no-explicit-any
  261:45  error  Unexpected any. Specify a different type  @typescript-eslint/no-explicit-any
  262:65  error  Unexpected any. Specify a different type  @typescript-eslint/no-explicit-any
  263:45  error  Unexpected any. Specify a different type  @typescript-eslint/no-explicit-any
  264:55  error  Unexpected any. Specify a different type  @typescript-eslint/no-explicit-any
  269:65  error  Unexpected any. Specify a different type  @typescript-eslint/no-explicit-any
  277:45  error  Unexpected any. Specify a different type  @typescript-eslint/no-explicit-any
  289:49  error  Unexpected any. Specify a different type  @typescript-eslint/no-explicit-any
  296:45  error  Unexpected any. Specify a different type  @typescript-eslint/no-explicit-any
  303:55  error  Unexpected any. Specify a different type  @typescript-eslint/no-explicit-any

C:\Users\Admin\Desktop\CogainCore\cogain-core\frontend\bizdoc\src\routes\_app\production-management\order\-hooks\use-production-order.tsx
  125:92  error  Unexpected any. Specify a different type  @typescript-eslint/no-explicit-any

C:\Users\Admin\Desktop\CogainCore\cogain-core\frontend\bizdoc\src\routes\_app\production-management\order\index.tsx
  132:13  error    '_statuses' is defined but never used                                                                  @typescript-eslint/no-unused-vars
  788:5   warning  React Hook useMemo has a missing dependency: 'lang'. Either include it or remove the dependency array  react-hooks/exhaustive-deps
  839:62  error    Unexpected any. Specify a different type                                                               @typescript-eslint/no-explicit-any
  936:57  error    Unexpected any. Specify a different type                                                               @typescript-eslint/no-explicit-any
  942:35  error    Unexpected any. Specify a different type                                                               @typescript-eslint/no-explicit-any

C:\Users\Admin\Desktop\CogainCore\cogain-core\frontend\bizdoc\src\routes\_app\production-management\production-budget-report\index.tsx
  62:35  error  Unexpected any. Specify a different type  @typescript-eslint/no-explicit-any

C:\Users\Admin\Desktop\CogainCore\cogain-core\frontend\bizdoc\src\routes\_app\production-management\production-damage\_components\production-damage-form.tsx
  94:6  warning  React Hook useEffect has a missing dependency: 'blobUrl'. Either include it or remove the dependency array  react-hooks/exhaustive-deps

C:\Users\Admin\Desktop\CogainCore\cogain-core\frontend\bizdoc\src\routes\_app\production-management\production-damage\_hooks\use-production-damage.tsx
   74:30  error  Unexpected any. Specify a different type  @typescript-eslint/no-explicit-any
   84:58  error  Unexpected any. Specify a different type  @typescript-eslint/no-explicit-any
  123:30  error  Unexpected any. Specify a different type  @typescript-eslint/no-explicit-any

C:\Users\Admin\Desktop\CogainCore\cogain-core\frontend\bizdoc\src\routes\_app\production-management\production-damage\index.tsx
  208:74  error  Unexpected any. Specify a different type  @typescript-eslint/no-explicit-any
  309:13  error  Empty block statement                     no-empty
  318:13  error  Empty block statement                     no-empty
  403:46  error  Unexpected any. Specify a different type  @typescript-eslint/no-explicit-any

C:\Users\Admin\Desktop\CogainCore\cogain-core\frontend\bizdoc\src\routes\_app\production-management\production-estimate\-components\tab-create-estimate.tsx
  337:6  warning  React Hook useEffect has a missing dependency: 'approvable'. Either include it or remove the dependency array                             react-hooks/exhaustive-deps
  337:7  warning  React Hook useEffect has a complex expression in the dependency array. Extract it to a separate variable so it can be statically checked  react-hooks/exhaustive-deps

C:\Users\Admin\Desktop\CogainCore\cogain-core\frontend\bizdoc\src\routes\_app\production-management\production-order-completion\$id\detail.tsx
  138:27  error  Unexpected any. Specify a different type  @typescript-eslint/no-explicit-any

C:\Users\Admin\Desktop\CogainCore\cogain-core\frontend\bizdoc\src\routes\_app\production-management\production-request\$id\detail\index.tsx
   29:46  error    Unexpected any. Specify a different type                                                                          @typescript-eslint/no-explicit-any
  275:6   warning  React Hook useMemo has a missing dependency: 'finishedGoodMap'. Either include it or remove the dependency array  react-hooks/exhaustive-deps

C:\Users\Admin\Desktop\CogainCore\cogain-core\frontend\bizdoc\src\routes\_app\production-management\production-request\-components\production-request-detail-panel.tsx
  176:6  warning  React Hook useMemo has missing dependencies: 'finishedGoodMap' and 'projectMap'. Either include them or remove the dependency array  react-hooks/exhaustive-deps

C:\Users\Admin\Desktop\CogainCore\cogain-core\frontend\bizdoc\src\routes\_app\production-management\production-request\-components\production-request-form.tsx
  213:6  warning  React Hook useMemo has a missing dependency: 'effectiveId'. Either include it or remove the dependency array  react-hooks/exhaustive-deps

C:\Users\Admin\Desktop\CogainCore\cogain-core\frontend\bizdoc\src\routes\_app\production-management\production-request\-hooks\use-production-request.tsx
  223:66  error  Unexpected any. Specify a different type  @typescript-eslint/no-explicit-any

C:\Users\Admin\Desktop\CogainCore\cogain-core\frontend\bizdoc\src\routes\_app\production-management\production-request\index.tsx
  102:25  error  React Hook "useHasPermission" is called conditionally. React Hooks must be called in the exact same order in every component render                                                                                                               react-hooks/rules-of-hooks
  104:25  error  React Hook "useHasPermission" is called conditionally. React Hooks must be called in the exact same order in every component render                                                                                                               react-hooks/rules-of-hooks
  106:25  error  React Hook "useHasPermission" is called conditionally. React Hooks must be called in the exact same order in every component render                                                                                                               react-hooks/rules-of-hooks
  108:25  error  React Hook "useHasPermission" is called conditionally. React Hooks must be called in the exact same order in every component render                                                                                                               react-hooks/rules-of-hooks
  110:25  error  React Hook "useHasPermission" is called conditionally. React Hooks must be called in the exact same order in every component render                                                                                                               react-hooks/rules-of-hooks
  121:77  error  Unexpected any. Specify a different type                                                                                                                                                                                                          @typescript-eslint/no-explicit-any
  363:26  error  React Hook "useTranslation" is called in function "cell" that is neither a React function component nor a custom React Hook function. React component names must start with an uppercase letter. React Hook names must start with the word "use"  react-hooks/rules-of-hooks

C:\Users\Admin\Desktop\CogainCore\cogain-core\frontend\bizdoc\src\routes\_app\production-management\production-team-acceptance-report\index.tsx
   128:13  warning  Fast refresh only works when a file only exports components. Use a new file to share constants or functions between components  react-refresh/only-export-components
   167:14  warning  Fast refresh only works when a file only exports components. Use a new file to share constants or functions between components  react-refresh/only-export-components
   435:24  error    Unexpected any. Specify a different type                                                                                        @typescript-eslint/no-explicit-any
   436:24  error    Unexpected any. Specify a different type                                                                                        @typescript-eslint/no-explicit-any
   437:28  error    Unexpected any. Specify a different type                                                                                        @typescript-eslint/no-explicit-any
   438:23  error    Unexpected any. Specify a different type                                                                                        @typescript-eslint/no-explicit-any
   562:14  error    Unexpected any. Specify a different type                                                                                        @typescript-eslint/no-explicit-any
   563:27  error    Unexpected any. Specify a different type                                                                                        @typescript-eslint/no-explicit-any
   564:74  error    Unexpected any. Specify a different type                                                                                        @typescript-eslint/no-explicit-any
   606:27  error    Unexpected any. Specify a different type                                                                                        @typescript-eslint/no-explicit-any
   606:56  error    Unexpected any. Specify a different type                                                                                        @typescript-eslint/no-explicit-any
   610:27  error    Unexpected any. Specify a different type                                                                                        @typescript-eslint/no-explicit-any
   610:56  error    Unexpected any. Specify a different type                                                                                        @typescript-eslint/no-explicit-any
   614:27  error    Unexpected any. Specify a different type                                                                                        @typescript-eslint/no-explicit-any
   614:60  error    Unexpected any. Specify a different type                                                                                        @typescript-eslint/no-explicit-any
   617:48  error    Unexpected any. Specify a different type                                                                                        @typescript-eslint/no-explicit-any
   617:66  error    Unexpected any. Specify a different type                                                                                        @typescript-eslint/no-explicit-any
   635:21  error    Unexpected any. Specify a different type                                                                                        @typescript-eslint/no-explicit-any
   636:18  error    Unexpected any. Specify a different type                                                                                        @typescript-eslint/no-explicit-any
   724:32  error    Unexpected any. Specify a different type                                                                                        @typescript-eslint/no-explicit-any
  1346:53  error    Unexpected any. Specify a different type                                                                                        @typescript-eslint/no-explicit-any

C:\Users\Admin\Desktop\CogainCore\cogain-core\frontend\bizdoc\src\routes\_app\production-management\seasonal-labor-settlement\index.tsx
  180:56  error  Unexpected any. Specify a different type  @typescript-eslint/no-explicit-any
  580:35  error  Unexpected any. Specify a different type  @typescript-eslint/no-explicit-any

C:\Users\Admin\Desktop\CogainCore\cogain-core\frontend\bizdoc\src\routes\_app\production-management\seasonal-work-acceptance\_components\attachment-section.tsx
  140:76  error  Unexpected any. Specify a different type  @typescript-eslint/no-explicit-any

C:\Users\Admin\Desktop\CogainCore\cogain-core\frontend\bizdoc\src\routes\_app\production-management\seasonal-work-acceptance\index.tsx
  185:77  error  Unexpected any. Specify a different type  @typescript-eslint/no-explicit-any

C:\Users\Admin\Desktop\CogainCore\cogain-core\frontend\bizdoc\src\routes\_app\production-management\team-cost-summary-report\index.tsx
  100:9   warning  The 'reportData' logical expression could make the dependencies of useMemo Hook (at line 190) change on every render. To fix this, wrap the initialization of 'reportData' in its own useMemo() Hook  react-hooks/exhaustive-deps
  100:9   warning  The 'reportData' logical expression could make the dependencies of useMemo Hook (at line 237) change on every render. To fix this, wrap the initialization of 'reportData' in its own useMemo() Hook  react-hooks/exhaustive-deps
  541:14  error    'error' is defined but never used                                                                                                                                                                     @typescript-eslint/no-unused-vars

C:\Users\Admin\Desktop\CogainCore\cogain-core\frontend\bizdoc\src\routes\_app\project-management\cost\index.tsx
   72:44  error  Unexpected any. Specify a different type  @typescript-eslint/no-explicit-any
   74:42  error  Unexpected any. Specify a different type  @typescript-eslint/no-explicit-any
   83:44  error  Unexpected any. Specify a different type  @typescript-eslint/no-explicit-any
   84:48  error  Unexpected any. Specify a different type  @typescript-eslint/no-explicit-any
   85:46  error  Unexpected any. Specify a different type  @typescript-eslint/no-explicit-any
   86:60  error  Unexpected any. Specify a different type  @typescript-eslint/no-explicit-any
   89:62  error  Unexpected any. Specify a different type  @typescript-eslint/no-explicit-any
   90:57  error  Unexpected any. Specify a different type  @typescript-eslint/no-explicit-any
   91:46  error  Unexpected any. Specify a different type  @typescript-eslint/no-explicit-any
   96:65  error  Unexpected any. Specify a different type  @typescript-eslint/no-explicit-any
  100:19  error  Unexpected any. Specify a different type  @typescript-eslint/no-explicit-any
  158:39  error  Unexpected any. Specify a different type  @typescript-eslint/no-explicit-any
  181:38  error  Unexpected any. Specify a different type  @typescript-eslint/no-explicit-any
  412:37  error  Unexpected any. Specify a different type  @typescript-eslint/no-explicit-any
  415:32  error  Unexpected any. Specify a different type  @typescript-eslint/no-explicit-any
  454:49  error  Unexpected any. Specify a different type  @typescript-eslint/no-explicit-any
  456:36  error  Unexpected any. Specify a different type  @typescript-eslint/no-explicit-any
  466:41  error  Unexpected any. Specify a different type  @typescript-eslint/no-explicit-any
  468:36  error  Unexpected any. Specify a different type  @typescript-eslint/no-explicit-any
  478:43  error  Unexpected any. Specify a different type  @typescript-eslint/no-explicit-any
  480:36  error  Unexpected any. Specify a different type  @typescript-eslint/no-explicit-any
  490:42  error  Unexpected any. Specify a different type  @typescript-eslint/no-explicit-any
  492:36  error  Unexpected any. Specify a different type  @typescript-eslint/no-explicit-any
  522:30  error  Unexpected any. Specify a different type  @typescript-eslint/no-explicit-any
  589:68  error  Unexpected any. Specify a different type  @typescript-eslint/no-explicit-any

C:\Users\Admin\Desktop\CogainCore\cogain-core\frontend\bizdoc\src\routes\_app\project-management\planning\$id\detail\-components\update-actual-progress-dialog.tsx
  189:44  error  Unexpected any. Specify a different type  @typescript-eslint/no-explicit-any

C:\Users\Admin\Desktop\CogainCore\cogain-core\frontend\bizdoc\src\routes\_app\project-management\planning\$id\detail\index.tsx
   50:14  error    Unexpected any. Specify a different type                                                            @typescript-eslint/no-explicit-any
   51:19  error    Unexpected any. Specify a different type                                                            @typescript-eslint/no-explicit-any
   60:30  error    Unexpected any. Specify a different type                                                            @typescript-eslint/no-explicit-any
   60:49  error    Unexpected any. Specify a different type                                                            @typescript-eslint/no-explicit-any
   61:35  error    Unexpected any. Specify a different type                                                            @typescript-eslint/no-explicit-any
   61:54  error    Unexpected any. Specify a different type                                                            @typescript-eslint/no-explicit-any
  188:45  error    Unexpected any. Specify a different type                                                            @typescript-eslint/no-explicit-any
  204:50  error    Unexpected any. Specify a different type                                                            @typescript-eslint/no-explicit-any
  317:38  error    Unexpected any. Specify a different type                                                            @typescript-eslint/no-explicit-any
  318:36  error    Unexpected any. Specify a different type                                                            @typescript-eslint/no-explicit-any
  320:39  error    Unexpected any. Specify a different type                                                            @typescript-eslint/no-explicit-any
  321:42  error    Unexpected any. Specify a different type                                                            @typescript-eslint/no-explicit-any
  322:39  error    Unexpected any. Specify a different type                                                            @typescript-eslint/no-explicit-any
  328:58  error    Unexpected any. Specify a different type                                                            @typescript-eslint/no-explicit-any
  331:54  error    Unexpected any. Specify a different type                                                            @typescript-eslint/no-explicit-any
  347:33  error    Unexpected any. Specify a different type                                                            @typescript-eslint/no-explicit-any
  348:39  error    Unexpected any. Specify a different type                                                            @typescript-eslint/no-explicit-any
  357:33  error    Unexpected any. Specify a different type                                                            @typescript-eslint/no-explicit-any
  358:39  error    Unexpected any. Specify a different type                                                            @typescript-eslint/no-explicit-any
  367:14  error    Unexpected any. Specify a different type                                                            @typescript-eslint/no-explicit-any
  367:33  error    Unexpected any. Specify a different type                                                            @typescript-eslint/no-explicit-any
  368:37  error    Unexpected any. Specify a different type                                                            @typescript-eslint/no-explicit-any
  382:14  error    Unexpected any. Specify a different type                                                            @typescript-eslint/no-explicit-any
  382:33  error    Unexpected any. Specify a different type                                                            @typescript-eslint/no-explicit-any
  385:15  error    Unexpected any. Specify a different type                                                            @typescript-eslint/no-explicit-any
  399:33  error    Unexpected any. Specify a different type                                                            @typescript-eslint/no-explicit-any
  402:33  error    Unexpected any. Specify a different type                                                            @typescript-eslint/no-explicit-any
  405:33  error    Unexpected any. Specify a different type                                                            @typescript-eslint/no-explicit-any
  425:33  error    Unexpected any. Specify a different type                                                            @typescript-eslint/no-explicit-any
  429:33  error    Unexpected any. Specify a different type                                                            @typescript-eslint/no-explicit-any
  480:27  error    Unexpected any. Specify a different type                                                            @typescript-eslint/no-explicit-any
  481:47  error    Unexpected any. Specify a different type                                                            @typescript-eslint/no-explicit-any
  482:67  error    Unexpected any. Specify a different type                                                            @typescript-eslint/no-explicit-any
  506:17  error    Unexpected any. Specify a different type                                                            @typescript-eslint/no-explicit-any
  514:25  error    Unexpected any. Specify a different type                                                            @typescript-eslint/no-explicit-any
  522:25  error    Unexpected any. Specify a different type                                                            @typescript-eslint/no-explicit-any
  538:25  error    Unexpected any. Specify a different type                                                            @typescript-eslint/no-explicit-any
  554:25  error    Unexpected any. Specify a different type                                                            @typescript-eslint/no-explicit-any
  574:25  error    Unexpected any. Specify a different type                                                            @typescript-eslint/no-explicit-any
  587:25  error    Unexpected any. Specify a different type                                                            @typescript-eslint/no-explicit-any
  600:25  error    Unexpected any. Specify a different type                                                            @typescript-eslint/no-explicit-any
  618:25  error    Unexpected any. Specify a different type                                                            @typescript-eslint/no-explicit-any
  623:30  error    Unexpected any. Specify a different type                                                            @typescript-eslint/no-explicit-any
  625:19  error    Unexpected any. Specify a different type                                                            @typescript-eslint/no-explicit-any
  665:6   warning  React Hook useMemo has a missing dependency: 't'. Either include it or remove the dependency array  react-hooks/exhaustive-deps

C:\Users\Admin\Desktop\CogainCore\cogain-core\frontend\bizdoc\src\routes\_app\project-management\planning\-components\copy-fg-planning-dialog.tsx
   32:17  error  Unexpected any. Specify a different type  @typescript-eslint/no-explicit-any
   33:22  error  Unexpected any. Specify a different type  @typescript-eslint/no-explicit-any
   34:20  error  Unexpected any. Specify a different type  @typescript-eslint/no-explicit-any
   35:19  error  Unexpected any. Specify a different type  @typescript-eslint/no-explicit-any
  142:21  error  Unexpected any. Specify a different type  @typescript-eslint/no-explicit-any
  202:31  error  Unexpected any. Specify a different type  @typescript-eslint/no-explicit-any
  212:27  error  Unexpected any. Specify a different type  @typescript-eslint/no-explicit-any
  446:45  error  Unexpected any. Specify a different type  @typescript-eslint/no-explicit-any
  447:51  error  Unexpected any. Specify a different type  @typescript-eslint/no-explicit-any
  507:50  error  Unexpected any. Specify a different type  @typescript-eslint/no-explicit-any
  511:51  error  Unexpected any. Specify a different type  @typescript-eslint/no-explicit-any
  515:50  error  Unexpected any. Specify a different type  @typescript-eslint/no-explicit-any
  566:56  error  Unexpected any. Specify a different type  @typescript-eslint/no-explicit-any

C:\Users\Admin\Desktop\CogainCore\cogain-core\frontend\bizdoc\src\routes\_app\project-management\planning\-components\gantt-utils.ts
  10:13  error  Unexpected any. Specify a different type  @typescript-eslint/no-explicit-any
  12:18  error  Unexpected any. Specify a different type  @typescript-eslint/no-explicit-any
  46:7   error  Unexpected any. Specify a different type  @typescript-eslint/no-explicit-any

C:\Users\Admin\Desktop\CogainCore\cogain-core\frontend\bizdoc\src\routes\_app\project-management\planning\-components\gantt-view.tsx
  580:30  error  Unexpected any. Specify a different type  @typescript-eslint/no-explicit-any
  604:17  error  Unexpected any. Specify a different type  @typescript-eslint/no-explicit-any
  605:25  error  Unexpected any. Specify a different type  @typescript-eslint/no-explicit-any

C:\Users\Admin\Desktop\CogainCore\cogain-core\frontend\bizdoc\src\routes\_app\project-management\planning\-components\planning-filter-popover.tsx
   19:14  error  Unexpected any. Specify a different type  @typescript-eslint/no-explicit-any
   34:44  error  Unexpected any. Specify a different type  @typescript-eslint/no-explicit-any
   45:12  error  Unexpected any. Specify a different type  @typescript-eslint/no-explicit-any
   46:19  error  Unexpected any. Specify a different type  @typescript-eslint/no-explicit-any
  102:38  error  Unexpected any. Specify a different type  @typescript-eslint/no-explicit-any
  130:38  error  Unexpected any. Specify a different type  @typescript-eslint/no-explicit-any

C:\Users\Admin\Desktop\CogainCore\cogain-core\frontend\bizdoc\src\routes\_app\project-management\planning\-components\planning-form.tsx
   47:35  error    Unexpected any. Specify a different type                                                                                                @typescript-eslint/no-explicit-any
  118:44  error    Unexpected any. Specify a different type                                                                                                @typescript-eslint/no-explicit-any
  119:34  error    Unexpected any. Specify a different type                                                                                                @typescript-eslint/no-explicit-any
  120:44  error    Unexpected any. Specify a different type                                                                                                @typescript-eslint/no-explicit-any
  121:40  error    Unexpected any. Specify a different type                                                                                                @typescript-eslint/no-explicit-any
  122:48  error    Unexpected any. Specify a different type                                                                                                @typescript-eslint/no-explicit-any
  125:56  error    Unexpected any. Specify a different type                                                                                                @typescript-eslint/no-explicit-any
  164:11  error    Unexpected any. Specify a different type                                                                                                @typescript-eslint/no-explicit-any
  191:24  error    Unexpected any. Specify a different type                                                                                                @typescript-eslint/no-explicit-any
  248:16  error    Unexpected any. Specify a different type                                                                                                @typescript-eslint/no-explicit-any
  252:19  error    Unexpected any. Specify a different type                                                                                                @typescript-eslint/no-explicit-any
  308:14  error    Unexpected any. Specify a different type                                                                                                @typescript-eslint/no-explicit-any
  315:47  error    Unexpected any. Specify a different type                                                                                                @typescript-eslint/no-explicit-any
  321:14  error    Unexpected any. Specify a different type                                                                                                @typescript-eslint/no-explicit-any
  323:35  error    Unexpected any. Specify a different type                                                                                                @typescript-eslint/no-explicit-any
  327:6   warning  React Hook useMemo has a missing dependency: 'form'. Either include it or remove the dependency array                                   react-hooks/exhaustive-deps
  327:7   warning  React Hook useMemo has a complex expression in the dependency array. Extract it to a separate variable so it can be statically checked  react-hooks/exhaustive-deps
  331:38  error    Unexpected any. Specify a different type                                                                                                @typescript-eslint/no-explicit-any
  332:36  error    Unexpected any. Specify a different type                                                                                                @typescript-eslint/no-explicit-any
  334:42  error    Unexpected any. Specify a different type                                                                                                @typescript-eslint/no-explicit-any
  336:74  error    Unexpected any. Specify a different type                                                                                                @typescript-eslint/no-explicit-any
  355:58  error    Unexpected any. Specify a different type                                                                                                @typescript-eslint/no-explicit-any
  358:54  error    Unexpected any. Specify a different type                                                                                                @typescript-eslint/no-explicit-any
  372:6   warning  React Hook useMemo has missing dependencies: 'form' and 't'. Either include them or remove the dependency array                         react-hooks/exhaustive-deps
  372:7   warning  React Hook useMemo has a complex expression in the dependency array. Extract it to a separate variable so it can be statically checked  react-hooks/exhaustive-deps
  408:6   warning  React Hook useEffect has a missing dependency: 't'. Either include it or remove the dependency array                                    react-hooks/exhaustive-deps
  414:45  error    Unexpected any. Specify a different type                                                                                                @typescript-eslint/no-explicit-any
  415:50  error    Unexpected any. Specify a different type                                                                                                @typescript-eslint/no-explicit-any
  416:62  error    Unexpected any. Specify a different type                                                                                                @typescript-eslint/no-explicit-any
  417:52  error    Unexpected any. Specify a different type                                                                                                @typescript-eslint/no-explicit-any
  429:21  error    Unexpected any. Specify a different type                                                                                                @typescript-eslint/no-explicit-any
  431:48  error    Unexpected any. Specify a different type                                                                                                @typescript-eslint/no-explicit-any
  447:6   warning  React Hook useEffect has a missing dependency: 't'. Either include it or remove the dependency array                                    react-hooks/exhaustive-deps
  459:45  error    Unexpected any. Specify a different type                                                                                                @typescript-eslint/no-explicit-any
  515:35  error    Unexpected any. Specify a different type                                                                                                @typescript-eslint/no-explicit-any
  518:16  error    Unexpected any. Specify a different type                                                                                                @typescript-eslint/no-explicit-any
  543:42  error    Unexpected any. Specify a different type                                                                                                @typescript-eslint/no-explicit-any
  568:50  error    Unexpected any. Specify a different type                                                                                                @typescript-eslint/no-explicit-any

C:\Users\Admin\Desktop\CogainCore\cogain-core\frontend\bizdoc\src\routes\_app\project-management\planning\-components\planning-table.tsx
   52:23  error  Unexpected any. Specify a different type  @typescript-eslint/no-explicit-any
   54:11  error  Unexpected any. Specify a different type  @typescript-eslint/no-explicit-any
   55:10  error  Unexpected any. Specify a different type  @typescript-eslint/no-explicit-any
  293:13  error  Unexpected any. Specify a different type  @typescript-eslint/no-explicit-any
  298:23  error  Unexpected any. Specify a different type  @typescript-eslint/no-explicit-any
  299:28  error  Unexpected any. Specify a different type  @typescript-eslint/no-explicit-any
  300:11  error  Unexpected any. Specify a different type  @typescript-eslint/no-explicit-any
  301:10  error  Unexpected any. Specify a different type  @typescript-eslint/no-explicit-any
  486:23  error  Unexpected any. Specify a different type  @typescript-eslint/no-explicit-any
  487:28  error  Unexpected any. Specify a different type  @typescript-eslint/no-explicit-any
  489:13  error  Unexpected any. Specify a different type  @typescript-eslint/no-explicit-any
  490:11  error  Unexpected any. Specify a different type  @typescript-eslint/no-explicit-any
  491:10  error  Unexpected any. Specify a different type  @typescript-eslint/no-explicit-any
  492:19  error  Unexpected any. Specify a different type  @typescript-eslint/no-explicit-any
  556:78  error  Unexpected any. Specify a different type  @typescript-eslint/no-explicit-any
  563:33  error  Unexpected any. Specify a different type  @typescript-eslint/no-explicit-any
  570:28  error  Unexpected any. Specify a different type  @typescript-eslint/no-explicit-any

C:\Users\Admin\Desktop\CogainCore\cogain-core\frontend\bizdoc\src\routes\_app\project-management\planning\-hooks\use-project-management-gantt.tsx
  25:36  error  Unexpected any. Specify a different type  @typescript-eslint/no-explicit-any
  26:42  error  Unexpected any. Specify a different type  @typescript-eslint/no-explicit-any
  64:29  error  Unexpected any. Specify a different type  @typescript-eslint/no-explicit-any
  65:33  error  Unexpected any. Specify a different type  @typescript-eslint/no-explicit-any

C:\Users\Admin\Desktop\CogainCore\cogain-core\frontend\bizdoc\src\routes\_app\project-management\planning\-hooks\use-project-planning.tsx
  148:36  error  Unexpected any. Specify a different type  @typescript-eslint/no-explicit-any
  149:42  error  Unexpected any. Specify a different type  @typescript-eslint/no-explicit-any

C:\Users\Admin\Desktop\CogainCore\cogain-core\frontend\bizdoc\src\routes\_app\project-management\planning\index.tsx
   68:44  error    Unexpected any. Specify a different type                                                            @typescript-eslint/no-explicit-any
   77:56  error    Unexpected any. Specify a different type                                                            @typescript-eslint/no-explicit-any
   78:58  error    Unexpected any. Specify a different type                                                            @typescript-eslint/no-explicit-any
   82:68  error    Unexpected any. Specify a different type                                                            @typescript-eslint/no-explicit-any
   97:39  error    Unexpected any. Specify a different type                                                            @typescript-eslint/no-explicit-any
  143:48  error    Unexpected any. Specify a different type                                                            @typescript-eslint/no-explicit-any
  275:67  error    Unexpected any. Specify a different type                                                            @typescript-eslint/no-explicit-any
  316:6   warning  React Hook useMemo has a missing dependency: 't'. Either include it or remove the dependency array  react-hooks/exhaustive-deps
  344:30  error    Unexpected any. Specify a different type                                                            @typescript-eslint/no-explicit-any
  389:39  error    Unexpected any. Specify a different type                                                            @typescript-eslint/no-explicit-any
  405:38  error    Unexpected any. Specify a different type                                                            @typescript-eslint/no-explicit-any
  460:46  error    Unexpected any. Specify a different type                                                            @typescript-eslint/no-explicit-any
  469:33  error    Unexpected any. Specify a different type                                                            @typescript-eslint/no-explicit-any
  527:46  error    Unexpected any. Specify a different type                                                            @typescript-eslint/no-explicit-any

C:\Users\Admin\Desktop\CogainCore\cogain-core\frontend\bizdoc\src\routes\_app\project-management\progress\index.tsx
  477:35  error  Unexpected any. Specify a different type  @typescript-eslint/no-explicit-any

C:\Users\Admin\Desktop\CogainCore\cogain-core\frontend\bizdoc\src\routes\_app\purchase-request\$id\index.tsx
  147:9   warning  The 'uoms' logical expression could make the dependencies of useMemo Hook (at line 244) change on every render. To fix this, wrap the initialization of 'uoms' in its own useMemo() Hook  react-hooks/exhaustive-deps
  147:9   warning  The 'uoms' logical expression could make the dependencies of useMemo Hook (at line 428) change on every render. To fix this, wrap the initialization of 'uoms' in its own useMemo() Hook  react-hooks/exhaustive-deps
  174:42  error    Unexpected any. Specify a different type                                                                                                                                                  @typescript-eslint/no-explicit-any
  179:42  error    Unexpected any. Specify a different type                                                                                                                                                  @typescript-eslint/no-explicit-any
  184:42  error    Unexpected any. Specify a different type                                                                                                                                                  @typescript-eslint/no-explicit-any
  195:27  error    Unexpected any. Specify a different type                                                                                                                                                  @typescript-eslint/no-explicit-any

C:\Users\Admin\Desktop\CogainCore\cogain-core\frontend\bizdoc\src\routes\_app\purchase-request\index.tsx
   237:9   warning  The 'uoms' logical expression could make the dependencies of useMemo Hook (at line 372) change on every render. To fix this, wrap the initialization of 'uoms' in its own useMemo() Hook  react-hooks/exhaustive-deps
   390:77  error    Unexpected any. Specify a different type                                                                                                                                                  @typescript-eslint/no-explicit-any
   674:5   warning  React Hook useMemo has a missing dependency: 'navigate'. Either include it or remove the dependency array                                                                                 react-hooks/exhaustive-deps
  1103:55  error    Unexpected any. Specify a different type                                                                                                                                                  @typescript-eslint/no-explicit-any

C:\Users\Admin\Desktop\CogainCore\cogain-core\frontend\bizdoc\src\routes\_app\purchase\pq\$id\index.tsx
  103:9   warning  The 'uoms' logical expression could make the dependencies of useMemo Hook (at line 422) change on every render. Move it inside the useMemo callback. Alternatively, wrap the initialization of 'uoms' in its own useMemo() Hook  react-hooks/exhaustive-deps
  133:27  error    Unexpected any. Specify a different type                                                                                                                                                                                         @typescript-eslint/no-explicit-any
  153:9   warning  The 'rawDetails' logical expression could make the dependencies of useMemo Hook (at line 164) change on every render. To fix this, wrap the initialization of 'rawDetails' in its own useMemo() Hook                             react-hooks/exhaustive-deps
  153:9   warning  The 'rawDetails' logical expression could make the dependencies of useMemo Hook (at line 497) change on every render. To fix this, wrap the initialization of 'rawDetails' in its own useMemo() Hook                             react-hooks/exhaustive-deps
  525:9   error    Unexpected any. Specify a different type                                                                                                                                                                                         @typescript-eslint/no-explicit-any
  529:17  error    Unexpected any. Specify a different type                                                                                                                                                                                         @typescript-eslint/no-explicit-any
  530:17  error    Unexpected any. Specify a different type                                                                                                                                                                                         @typescript-eslint/no-explicit-any
  532:72  error    Unexpected any. Specify a different type                                                                                                                                                                                         @typescript-eslint/no-explicit-any

C:\Users\Admin\Desktop\CogainCore\cogain-core\frontend\bizdoc\src\routes\_app\purchase\pq\-components\pq-form.tsx
  399:17  error  'code' is assigned a value but never used  @typescript-eslint/no-unused-vars

C:\Users\Admin\Desktop\CogainCore\cogain-core\frontend\bizdoc\src\routes\_app\purchase\pq\index.tsx
  232:9  warning  The 'suppliers' logical expression could make the dependencies of useMemo Hook (at line 527) change on every render. Move it inside the useMemo callback. Alternatively, wrap the initialization of 'suppliers' in its own useMemo() Hook  react-hooks/exhaustive-deps
  233:9  warning  The 'currencies' logical expression could make the dependencies of useMemo Hook (at line 527) change on every render. To fix this, wrap the initialization of 'currencies' in its own useMemo() Hook                                       react-hooks/exhaustive-deps
  234:9  warning  The 'uoms' logical expression could make the dependencies of useMemo Hook (at line 765) change on every render. Move it inside the useMemo callback. Alternatively, wrap the initialization of 'uoms' in its own useMemo() Hook            react-hooks/exhaustive-deps
  236:9  warning  The 'handleEdit' function makes the dependencies of useMemo Hook (at line 527) change on every render. Move it inside the useMemo callback. Alternatively, wrap the definition of 'handleEdit' in its own useCallback() Hook               react-hooks/exhaustive-deps
  538:9  warning  The 'rawDetails' logical expression could make the dependencies of useMemo Hook (at line 544) change on every render. To fix this, wrap the initialization of 'rawDetails' in its own useMemo() Hook                                       react-hooks/exhaustive-deps
  538:9  warning  The 'rawDetails' logical expression could make the dependencies of useMemo Hook (at line 813) change on every render. To fix this, wrap the initialization of 'rawDetails' in its own useMemo() Hook                                       react-hooks/exhaustive-deps

C:\Users\Admin\Desktop\CogainCore\cogain-core\frontend\bizdoc\src\routes\_app\purchase\pqr\$id\index.tsx
  155:9   warning  The 'pqList' logical expression could make the dependencies of useMemo Hook (at line 432) change on every render. To fix this, wrap the initialization of 'pqList' in its own useMemo() Hook  react-hooks/exhaustive-deps
  170:9   warning  The 'uoms' logical expression could make the dependencies of useMemo Hook (at line 420) change on every render. To fix this, wrap the initialization of 'uoms' in its own useMemo() Hook      react-hooks/exhaustive-deps
  170:9   warning  The 'uoms' logical expression could make the dependencies of useMemo Hook (at line 605) change on every render. To fix this, wrap the initialization of 'uoms' in its own useMemo() Hook      react-hooks/exhaustive-deps
  227:27  error    Unexpected any. Specify a different type                                                                                                                                                      @typescript-eslint/no-explicit-any

C:\Users\Admin\Desktop\CogainCore\cogain-core\frontend\bizdoc\src\routes\_app\purchase\pqr\-components\attachment-section.tsx
  68:23  error  Unexpected any. Specify a different type  @typescript-eslint/no-explicit-any

C:\Users\Admin\Desktop\CogainCore\cogain-core\frontend\bizdoc\src\routes\_app\purchase\pqr\-components\pqr-detail-table.tsx
   67:12  error    Unexpected any. Specify a different type                                                                       @typescript-eslint/no-explicit-any
   69:15  error    Unexpected any. Specify a different type                                                                       @typescript-eslint/no-explicit-any
   71:37  error    Unexpected any. Specify a different type                                                                       @typescript-eslint/no-explicit-any
  487:6   warning  React Hook useMemo has a missing dependency: 'modelOptions'. Either include it or remove the dependency array  react-hooks/exhaustive-deps

C:\Users\Admin\Desktop\CogainCore\cogain-core\frontend\bizdoc\src\routes\_app\purchase\pqr\-components\pqr-form.tsx
  431:49  error    Unexpected any. Specify a different type                                                                                                                       @typescript-eslint/no-explicit-any
  432:53  error    Unexpected any. Specify a different type                                                                                                                       @typescript-eslint/no-explicit-any
  441:34  error    Unexpected any. Specify a different type                                                                                                                       @typescript-eslint/no-explicit-any
  444:55  error    Unexpected any. Specify a different type                                                                                                                       @typescript-eslint/no-explicit-any
  502:14  error    Unexpected any. Specify a different type                                                                                                                       @typescript-eslint/no-explicit-any
  511:38  error    Unexpected any. Specify a different type                                                                                                                       @typescript-eslint/no-explicit-any
  679:6   warning  React Hook useEffect has missing dependencies: 'form' and 'setSelectedRefDocument'. Either include them or remove the dependency array                         react-hooks/exhaustive-deps
  710:6   warning  React Hook useEffect has missing dependencies: 'form', 'resetRefDocMapping', and 'setSelectedRefDocument'. Either include them or remove the dependency array  react-hooks/exhaustive-deps
  722:15  error    'assetGroupId' is defined but never used                                                                                                                       @typescript-eslint/no-unused-vars
  723:15  error    'materialGroupId' is defined but never used                                                                                                                    @typescript-eslint/no-unused-vars
  724:15  error    'serviceGroupId' is defined but never used                                                                                                                     @typescript-eslint/no-unused-vars
  783:64  error    Unexpected any. Specify a different type                                                                                                                       @typescript-eslint/no-explicit-any
  786:35  error    Unexpected any. Specify a different type                                                                                                                       @typescript-eslint/no-explicit-any
  796:17  error    Unexpected any. Specify a different type                                                                                                                       @typescript-eslint/no-explicit-any
  833:25  error    Unexpected any. Specify a different type                                                                                                                       @typescript-eslint/no-explicit-any
  840:17  error    'code' is assigned a value but never used                                                                                                                      @typescript-eslint/no-unused-vars

C:\Users\Admin\Desktop\CogainCore\cogain-core\frontend\bizdoc\src\routes\_app\purchase\pqr\-components\pqr-suppliers-section.tsx
  71:9  warning  The 'supplierList' logical expression could make the dependencies of useMemo Hook (at line 80) change on every render. To fix this, wrap the initialization of 'supplierList' in its own useMemo() Hook  react-hooks/exhaustive-deps

C:\Users\Admin\Desktop\CogainCore\cogain-core\frontend\bizdoc\src\routes\_app\purchase\pqr\-hooks\use-pqr.tsx
  237:22  error  Unexpected any. Specify a different type  @typescript-eslint/no-explicit-any

C:\Users\Admin\Desktop\CogainCore\cogain-core\frontend\bizdoc\src\routes\_app\purchase\pqr\-utils\build-pqr-groups.ts
   27:37  error  Unexpected any. Specify a different type  @typescript-eslint/no-explicit-any
   52:9   error  Unexpected any. Specify a different type  @typescript-eslint/no-explicit-any
   59:40  error  Unexpected any. Specify a different type  @typescript-eslint/no-explicit-any
   59:62  error  Unexpected any. Specify a different type  @typescript-eslint/no-explicit-any
   63:70  error  Unexpected any. Specify a different type  @typescript-eslint/no-explicit-any
  115:18  error  Unexpected any. Specify a different type  @typescript-eslint/no-explicit-any

C:\Users\Admin\Desktop\CogainCore\cogain-core\frontend\bizdoc\src\routes\_app\purchase\pqr\index.tsx
  223:9  warning  The 'uoms' logical expression could make the dependencies of useMemo Hook (at line 680) change on every render. To fix this, wrap the initialization of 'uoms' in its own useMemo() Hook                                                     react-hooks/exhaustive-deps
  224:9  warning  The 'employees' logical expression could make the dependencies of useMemo Hook (at line 518) change on every render. Move it inside the useMemo callback. Alternatively, wrap the initialization of 'employees' in its own useMemo() Hook    react-hooks/exhaustive-deps
  225:9  warning  The 'currencies' logical expression could make the dependencies of useMemo Hook (at line 518) change on every render. Move it inside the useMemo callback. Alternatively, wrap the initialization of 'currencies' in its own useMemo() Hook  react-hooks/exhaustive-deps
  822:6  warning  React Hook useMemo has an unnecessary dependency: 'inlineDetailQuery.data'. Either exclude it or remove the dependency array                                                                                                                 react-hooks/exhaustive-deps

C:\Users\Admin\Desktop\CogainCore\cogain-core\frontend\bizdoc\src\routes\_app\purchase\purchase-order\$id\index.tsx
  156:9  warning  The 'rawDetails' logical expression could make the dependencies of useMemo Hook (at line 159) change on every render. To fix this, wrap the initialization of 'rawDetails' in its own useMemo() Hook  react-hooks/exhaustive-deps

C:\Users\Admin\Desktop\CogainCore\cogain-core\frontend\bizdoc\src\routes\_app\purchase\purchase-order\-components\purchase-order-detail-table.tsx
   214:9  warning  The 'detailValues' logical expression could make the dependencies of useMemo Hook (at line 219) change on every render. Move it inside the useMemo callback. Alternatively, wrap the initialization of 'detailValues' in its own useMemo() Hook  react-hooks/exhaustive-deps
  1177:5  warning  React Hook useMemo has missing dependencies: 'form', 'handleDuplicateRow', 'handleModelChange', and 'handleRecalculate'. Either include them or remove the dependency array                                                                      react-hooks/exhaustive-deps

C:\Users\Admin\Desktop\CogainCore\cogain-core\frontend\bizdoc\src\routes\_app\purchase\purchase-order\-components\purchase-order-form.tsx
  43:14  warning  Fast refresh only works when a file only exports components. Use a new file to share constants or functions between components  react-refresh/only-export-components

C:\Users\Admin\Desktop\CogainCore\cogain-core\frontend\bizdoc\src\routes\_app\purchase\purchase-order\index.tsx
  239:9  warning  The 'partners' logical expression could make the dependencies of useMemo Hook (at line 468) change on every render. Move it inside the useMemo callback. Alternatively, wrap the initialization of 'partners' in its own useMemo() Hook  react-hooks/exhaustive-deps
  474:9  warning  The 'rawDetails' logical expression could make the dependencies of useMemo Hook (at line 522) change on every render. To fix this, wrap the initialization of 'rawDetails' in its own useMemo() Hook                                     react-hooks/exhaustive-deps

C:\Users\Admin\Desktop\CogainCore\cogain-core\frontend\bizdoc\src\routes\_app\purchase\purchase-request\$id\index.tsx
  148:9   warning  The 'uoms' logical expression could make the dependencies of useMemo Hook (at line 232) change on every render. To fix this, wrap the initialization of 'uoms' in its own useMemo() Hook  react-hooks/exhaustive-deps
  148:9   warning  The 'uoms' logical expression could make the dependencies of useMemo Hook (at line 420) change on every render. To fix this, wrap the initialization of 'uoms' in its own useMemo() Hook  react-hooks/exhaustive-deps
  269:77  error    Unexpected any. Specify a different type                                                                                                                                                  @typescript-eslint/no-explicit-any

C:\Users\Admin\Desktop\CogainCore\cogain-core\frontend\bizdoc\src\routes\_app\purchase\purchase-request\-components\purchase-request-detail-table.tsx
  214:6  warning  React Hook useMemo has an unnecessary dependency: 'assetGroupOptions'. Either exclude it or remove the dependency array  react-hooks/exhaustive-deps

C:\Users\Admin\Desktop\CogainCore\cogain-core\frontend\bizdoc\src\routes\_app\purchase\purchase-request\index.tsx
  162:9   warning  The 'uoms' logical expression could make the dependencies of useMemo Hook (at line 251) change on every render. To fix this, wrap the initialization of 'uoms' in its own useMemo() Hook  react-hooks/exhaustive-deps
  461:5   warning  React Hook useMemo has a missing dependency: 'navigate'. Either include it or remove the dependency array                                                                                 react-hooks/exhaustive-deps
  875:55  error    Unexpected any. Specify a different type                                                                                                                                                  @typescript-eslint/no-explicit-any

C:\Users\Admin\Desktop\CogainCore\cogain-core\frontend\bizdoc\src\routes\_app\recruitment-request\$id\index.tsx
  224:6  warning  React Hook useMemo has a missing dependency: 't'. Either include it or remove the dependency array  react-hooks/exhaustive-deps

C:\Users\Admin\Desktop\CogainCore\cogain-core\frontend\bizdoc\src\routes\_app\recruitment-request\index.tsx
  491:6  warning  React Hook useEffect has missing dependencies: 'pagingQuery?.data?.totalPages' and 'searchParams'. Either include them or remove the dependency array  react-hooks/exhaustive-deps

C:\Users\Admin\Desktop\CogainCore\cogain-core\frontend\bizdoc\src\routes\_app\resignation\$id\detail\index.tsx
  141:27  error  Unexpected any. Specify a different type  @typescript-eslint/no-explicit-any
  326:51  error  Unexpected any. Specify a different type  @typescript-eslint/no-explicit-any

C:\Users\Admin\Desktop\CogainCore\cogain-core\frontend\bizdoc\src\routes\_app\resignation\-components\resignation-detail-sheet.tsx
  137:68   error  Unexpected any. Specify a different type  @typescript-eslint/no-explicit-any
  137:101  error  Unexpected any. Specify a different type  @typescript-eslint/no-explicit-any
  138:68   error  Unexpected any. Specify a different type  @typescript-eslint/no-explicit-any
  139:74   error  Unexpected any. Specify a different type  @typescript-eslint/no-explicit-any
  139:109  error  Unexpected any. Specify a different type  @typescript-eslint/no-explicit-any
  140:68   error  Unexpected any. Specify a different type  @typescript-eslint/no-explicit-any
  140:101  error  Unexpected any. Specify a different type  @typescript-eslint/no-explicit-any

C:\Users\Admin\Desktop\CogainCore\cogain-core\frontend\bizdoc\src\routes\_app\resignation\-components\resignation-form-dialog.tsx
   82:54  error  Unexpected any. Specify a different type  @typescript-eslint/no-explicit-any
   85:53  error  Unexpected any. Specify a different type  @typescript-eslint/no-explicit-any
  218:52  error  Unexpected any. Specify a different type  @typescript-eslint/no-explicit-any
  356:52  error  Unexpected any. Specify a different type  @typescript-eslint/no-explicit-any
  381:52  error  Unexpected any. Specify a different type  @typescript-eslint/no-explicit-any

C:\Users\Admin\Desktop\CogainCore\cogain-core\frontend\bizdoc\src\routes\_app\resignation\-components\resignation-form-sheet.tsx
  138:41  error  Unexpected any. Specify a different type  @typescript-eslint/no-explicit-any
  141:30  error  Unexpected any. Specify a different type  @typescript-eslint/no-explicit-any
  161:53  error  Unexpected any. Specify a different type  @typescript-eslint/no-explicit-any
  279:14  error  'err' is defined but never used           @typescript-eslint/no-unused-vars

C:\Users\Admin\Desktop\CogainCore\cogain-core\frontend\bizdoc\src\routes\_app\resignation\index.tsx
  86:54  error  Unexpected any. Specify a different type  @typescript-eslint/no-explicit-any
  88:19  error  Unexpected any. Specify a different type  @typescript-eslint/no-explicit-any
  88:53  error  Unexpected any. Specify a different type  @typescript-eslint/no-explicit-any
  89:43  error  Unexpected any. Specify a different type  @typescript-eslint/no-explicit-any

C:\Users\Admin\Desktop\CogainCore\cogain-core\frontend\bizdoc\src\routes\_app\rnd\design-profile\-components\design-profile-detail-sheet.tsx
   98:49  error  Unexpected any. Specify a different type  @typescript-eslint/no-explicit-any
  106:57  error  Unexpected any. Specify a different type  @typescript-eslint/no-explicit-any
  117:55  error  Unexpected any. Specify a different type  @typescript-eslint/no-explicit-any
  121:55  error  Unexpected any. Specify a different type  @typescript-eslint/no-explicit-any
  135:39  error  Unexpected any. Specify a different type  @typescript-eslint/no-explicit-any
  318:39  error  Unexpected any. Specify a different type  @typescript-eslint/no-explicit-any
  322:33  error  Unexpected any. Specify a different type  @typescript-eslint/no-explicit-any

C:\Users\Admin\Desktop\CogainCore\cogain-core\frontend\bizdoc\src\routes\_app\rnd\design-profile\-components\design-profile-detail-view.tsx
  136:22  error  Unexpected any. Specify a different type  @typescript-eslint/no-explicit-any
  136:37  error  Unexpected any. Specify a different type  @typescript-eslint/no-explicit-any
  142:41  error  Unexpected any. Specify a different type  @typescript-eslint/no-explicit-any
  149:27  error  Unexpected any. Specify a different type  @typescript-eslint/no-explicit-any
  150:54  error  Unexpected any. Specify a different type  @typescript-eslint/no-explicit-any
  151:47  error  Unexpected any. Specify a different type  @typescript-eslint/no-explicit-any

C:\Users\Admin\Desktop\CogainCore\cogain-core\frontend\bizdoc\src\routes\_app\rnd\design-profile\-components\design-profile-form.tsx
  218:14  warning  Fast refresh only works when a file only exports components. Use a new file to share constants or functions between components  react-refresh/only-export-components
  221:17  warning  Fast refresh only works when a file only exports components. Use a new file to share constants or functions between components  react-refresh/only-export-components

C:\Users\Admin\Desktop\CogainCore\cogain-core\frontend\bizdoc\src\routes\_app\rnd\design-profile\-components\design-profile-page-content.tsx
   114:36  error    Unexpected any. Specify a different type                                                                                                               @typescript-eslint/no-explicit-any
   127:36  error    Unexpected any. Specify a different type                                                                                                               @typescript-eslint/no-explicit-any
   142:36  error    Unexpected any. Specify a different type                                                                                                               @typescript-eslint/no-explicit-any
   711:51  error    Unexpected any. Specify a different type                                                                                                               @typescript-eslint/no-explicit-any
   715:44  error    Unexpected any. Specify a different type                                                                                                               @typescript-eslint/no-explicit-any
   848:5   warning  React Hook useMemo has unnecessary dependencies: 'searchParams.designModelId' and 'updateFilters'. Either exclude them or remove the dependency array  react-hooks/exhaustive-deps
  1021:32  error    Unexpected any. Specify a different type                                                                                                               @typescript-eslint/no-explicit-any

C:\Users\Admin\Desktop\CogainCore\cogain-core\frontend\bizdoc\src\routes\_app\rnd\design-profile\-components\design-profile-tab\design-profile-bom-tab.tsx
   65:54  error  Unexpected any. Specify a different type  @typescript-eslint/no-explicit-any
   78:51  error  Unexpected any. Specify a different type  @typescript-eslint/no-explicit-any
   79:55  error  Unexpected any. Specify a different type  @typescript-eslint/no-explicit-any
   80:60  error  Unexpected any. Specify a different type  @typescript-eslint/no-explicit-any
  102:54  error  Unexpected any. Specify a different type  @typescript-eslint/no-explicit-any
  120:32  error  Unexpected any. Specify a different type  @typescript-eslint/no-explicit-any
  121:55  error  Unexpected any. Specify a different type  @typescript-eslint/no-explicit-any
  125:60  error  Unexpected any. Specify a different type  @typescript-eslint/no-explicit-any
  126:51  error  Unexpected any. Specify a different type  @typescript-eslint/no-explicit-any
  127:46  error  Unexpected any. Specify a different type  @typescript-eslint/no-explicit-any
  150:54  error  Unexpected any. Specify a different type  @typescript-eslint/no-explicit-any
  165:62  error  Unexpected any. Specify a different type  @typescript-eslint/no-explicit-any
  200:54  error  Unexpected any. Specify a different type  @typescript-eslint/no-explicit-any
  208:34  error  Unexpected any. Specify a different type  @typescript-eslint/no-explicit-any
  209:49  error  Unexpected any. Specify a different type  @typescript-eslint/no-explicit-any
  213:40  error  Unexpected any. Specify a different type  @typescript-eslint/no-explicit-any
  225:54  error  Unexpected any. Specify a different type  @typescript-eslint/no-explicit-any
  226:52  error  Unexpected any. Specify a different type  @typescript-eslint/no-explicit-any
  227:54  error  Unexpected any. Specify a different type  @typescript-eslint/no-explicit-any
  232:47  error  Unexpected any. Specify a different type  @typescript-eslint/no-explicit-any
  241:54  error  Unexpected any. Specify a different type  @typescript-eslint/no-explicit-any
  275:54  error  Unexpected any. Specify a different type  @typescript-eslint/no-explicit-any
  287:52  error  Unexpected any. Specify a different type  @typescript-eslint/no-explicit-any
  290:50  error  Unexpected any. Specify a different type  @typescript-eslint/no-explicit-any
  318:26  error  Unexpected any. Specify a different type  @typescript-eslint/no-explicit-any
  348:54  error  Unexpected any. Specify a different type  @typescript-eslint/no-explicit-any
  358:32  error  Unexpected any. Specify a different type  @typescript-eslint/no-explicit-any
  359:52  error  Unexpected any. Specify a different type  @typescript-eslint/no-explicit-any
  363:43  error  Unexpected any. Specify a different type  @typescript-eslint/no-explicit-any
  394:81  error  Unexpected any. Specify a different type  @typescript-eslint/no-explicit-any
  406:49  error  Unexpected any. Specify a different type  @typescript-eslint/no-explicit-any
  426:54  error  Unexpected any. Specify a different type  @typescript-eslint/no-explicit-any
  436:32  error  Unexpected any. Specify a different type  @typescript-eslint/no-explicit-any
  437:58  error  Unexpected any. Specify a different type  @typescript-eslint/no-explicit-any
  441:49  error  Unexpected any. Specify a different type  @typescript-eslint/no-explicit-any
  475:72  error  Unexpected any. Specify a different type  @typescript-eslint/no-explicit-any

C:\Users\Admin\Desktop\CogainCore\cogain-core\frontend\bizdoc\src\routes\_app\rnd\design-profile\-components\design-profile-tab\design-profile-bor-tab.tsx
   82:40  error  Unexpected any. Specify a different type  @typescript-eslint/no-explicit-any
   82:48  error  Unexpected any. Specify a different type  @typescript-eslint/no-explicit-any
   83:52  error  Unexpected any. Specify a different type  @typescript-eslint/no-explicit-any
   84:56  error  Unexpected any. Specify a different type  @typescript-eslint/no-explicit-any
  217:52  error  Unexpected any. Specify a different type  @typescript-eslint/no-explicit-any
  669:24  error  Unexpected any. Specify a different type  @typescript-eslint/no-explicit-any
  679:24  error  Unexpected any. Specify a different type  @typescript-eslint/no-explicit-any
  690:24  error  Unexpected any. Specify a different type  @typescript-eslint/no-explicit-any

C:\Users\Admin\Desktop\CogainCore\cogain-core\frontend\bizdoc\src\routes\_app\rnd\design-profile\-components\design-profile-tab\design-profile-btp-tab.tsx
   53:12  error    Unexpected any. Specify a different type                                                                                                                                                  @typescript-eslint/no-explicit-any
   57:9   warning  The 'rows' logical expression could make the dependencies of useMemo Hook (at line 375) change on every render. To fix this, wrap the initialization of 'rows' in its own useMemo() Hook  react-hooks/exhaustive-deps
   89:12  error    Unexpected any. Specify a different type                                                                                                                                                  @typescript-eslint/no-explicit-any
   99:70  error    Unexpected any. Specify a different type                                                                                                                                                  @typescript-eslint/no-explicit-any
  109:76  error    Unexpected any. Specify a different type                                                                                                                                                  @typescript-eslint/no-explicit-any
  119:51  error    Unexpected any. Specify a different type                                                                                                                                                  @typescript-eslint/no-explicit-any
  129:54  error    Unexpected any. Specify a different type                                                                                                                                                  @typescript-eslint/no-explicit-any
  139:65  error    Unexpected any. Specify a different type                                                                                                                                                  @typescript-eslint/no-explicit-any

C:\Users\Admin\Desktop\CogainCore\cogain-core\frontend\bizdoc\src\routes\_app\rnd\design-profile\-components\design-profile-tab\design-profile-doc-tab.tsx
  42:9  warning  The 'onRemove' function makes the dependencies of useMemo Hook (at line 100) change on every render. Move it inside the useMemo callback. Alternatively, wrap the definition of 'onRemove' in its own useCallback() Hook  react-hooks/exhaustive-deps

C:\Users\Admin\Desktop\CogainCore\cogain-core\frontend\bizdoc\src\routes\_app\rnd\design-profile\-components\design-profile-tab\design-profile-packing-tab.tsx
   66:42  error    Unexpected any. Specify a different type                                                                                                       @typescript-eslint/no-explicit-any
   87:50  error    Unexpected any. Specify a different type                                                                                                       @typescript-eslint/no-explicit-any
   97:15  error    Unexpected any. Specify a different type                                                                                                       @typescript-eslint/no-explicit-any
   98:15  error    Unexpected any. Specify a different type                                                                                                       @typescript-eslint/no-explicit-any
  270:6   warning  React Hook useMemo has missing dependencies: 'getSemiFinishedGood' and 'getUnitOfMeasure'. Either include them or remove the dependency array  react-hooks/exhaustive-deps

C:\Users\Admin\Desktop\CogainCore\cogain-core\frontend\bizdoc\src\routes\_app\rnd\design-profile\-components\design-profile-tab\design-profile-tabs.tsx
   42:17  warning  Fast refresh only works when a file only exports components. Use a new file to share constants or functions between components  react-refresh/only-export-components
  106:61  error    Unexpected any. Specify a different type                                                                                        @typescript-eslint/no-explicit-any
  106:71  error    Unexpected any. Specify a different type                                                                                        @typescript-eslint/no-explicit-any
  107:73  error    Unexpected any. Specify a different type                                                                                        @typescript-eslint/no-explicit-any
  107:83  error    Unexpected any. Specify a different type                                                                                        @typescript-eslint/no-explicit-any
  108:65  error    Unexpected any. Specify a different type                                                                                        @typescript-eslint/no-explicit-any
  108:75  error    Unexpected any. Specify a different type                                                                                        @typescript-eslint/no-explicit-any
  109:65  error    Unexpected any. Specify a different type                                                                                        @typescript-eslint/no-explicit-any
  109:75  error    Unexpected any. Specify a different type                                                                                        @typescript-eslint/no-explicit-any
  111:57  error    Unexpected any. Specify a different type                                                                                        @typescript-eslint/no-explicit-any
  111:67  error    Unexpected any. Specify a different type                                                                                        @typescript-eslint/no-explicit-any
  112:63  error    Unexpected any. Specify a different type                                                                                        @typescript-eslint/no-explicit-any
  112:73  error    Unexpected any. Specify a different type                                                                                        @typescript-eslint/no-explicit-any
  113:71  error    Unexpected any. Specify a different type                                                                                        @typescript-eslint/no-explicit-any
  113:81  error    Unexpected any. Specify a different type                                                                                        @typescript-eslint/no-explicit-any
  192:25  error    Redundant double negation                                                                                                       no-extra-boolean-cast
  197:27  error    Redundant double negation                                                                                                       no-extra-boolean-cast
  219:25  error    Redundant double negation                                                                                                       no-extra-boolean-cast
  224:27  error    Redundant double negation                                                                                                       no-extra-boolean-cast

C:\Users\Admin\Desktop\CogainCore\cogain-core\frontend\bizdoc\src\routes\_app\rnd\design-profile\-components\tech-description-picker-dialog.tsx
  47:14  error  Unexpected any. Specify a different type  @typescript-eslint/no-explicit-any
  92:75  error  Unexpected any. Specify a different type  @typescript-eslint/no-explicit-any

C:\Users\Admin\Desktop\CogainCore\cogain-core\frontend\bizdoc\src\routes\_app\rnd\design-profile\-components\template-picker-dialog.tsx
  189:45  error  Unexpected any. Specify a different type  @typescript-eslint/no-explicit-any
  190:54  error  Unexpected any. Specify a different type  @typescript-eslint/no-explicit-any
  209:45  error  Unexpected any. Specify a different type  @typescript-eslint/no-explicit-any
  210:59  error  Unexpected any. Specify a different type  @typescript-eslint/no-explicit-any
  230:45  error  Unexpected any. Specify a different type  @typescript-eslint/no-explicit-any
  231:58  error  Unexpected any. Specify a different type  @typescript-eslint/no-explicit-any
  259:45  error  Unexpected any. Specify a different type  @typescript-eslint/no-explicit-any
  260:68  error  Unexpected any. Specify a different type  @typescript-eslint/no-explicit-any
  289:45  error  Unexpected any. Specify a different type  @typescript-eslint/no-explicit-any
  290:62  error  Unexpected any. Specify a different type  @typescript-eslint/no-explicit-any

C:\Users\Admin\Desktop\CogainCore\cogain-core\frontend\bizdoc\src\routes\_app\rnd\drawing-group\index.tsx
  177:27  error  Unexpected any. Specify a different type  @typescript-eslint/no-explicit-any

C:\Users\Admin\Desktop\CogainCore\cogain-core\frontend\bizdoc\src\routes\_app\rnd\drawing-purpose\index.tsx
  133:10  error    Unexpected any. Specify a different type                                                                       @typescript-eslint/no-explicit-any
  265:5   warning  React Hook useMemo has a missing dependency: 'handleDelete'. Either include it or remove the dependency array  react-hooks/exhaustive-deps

C:\Users\Admin\Desktop\CogainCore\cogain-core\frontend\bizdoc\src\routes\_app\rnd\drawing-status\index.tsx
  133:10  error    Unexpected any. Specify a different type                                                                       @typescript-eslint/no-explicit-any
  265:5   warning  React Hook useMemo has a missing dependency: 'handleDelete'. Either include it or remove the dependency array  react-hooks/exhaustive-deps

C:\Users\Admin\Desktop\CogainCore\cogain-core\frontend\bizdoc\src\routes\_app\rnd\drawing-type\index.tsx
  146:27  error  Unexpected any. Specify a different type  @typescript-eslint/no-explicit-any

C:\Users\Admin\Desktop\CogainCore\cogain-core\frontend\bizdoc\src\routes\_app\rnd\drawing\$id\index.tsx
  487:5  warning  React Hook useMemo has unnecessary dependencies: 'drawing.id', 'isReceivedDrawingStep', and 'issueDistributionsMutation'. Either exclude them or remove the dependency array  react-hooks/exhaustive-deps

C:\Users\Admin\Desktop\CogainCore\cogain-core\frontend\bizdoc\src\routes\_app\rnd\drawing\_components\confirm-drawing-dialog.tsx
  103:17  error  Unexpected any. Specify a different type  @typescript-eslint/no-explicit-any

C:\Users\Admin\Desktop\CogainCore\cogain-core\frontend\bizdoc\src\routes\_app\rnd\drawing\_components\drawing-filter-popover.tsx
  43:13  error  '_statuses' is assigned a value but never used  @typescript-eslint/no-unused-vars

C:\Users\Admin\Desktop\CogainCore\cogain-core\frontend\bizdoc\src\routes\_app\rnd\drawing\_components\drawing-form.tsx
   139:20  error    Unexpected any. Specify a different type                                                               @typescript-eslint/no-explicit-any
   327:30  error    Unexpected any. Specify a different type                                                               @typescript-eslint/no-explicit-any
   328:40  error    Unexpected any. Specify a different type                                                               @typescript-eslint/no-explicit-any
   354:27  error    Unexpected any. Specify a different type                                                               @typescript-eslint/no-explicit-any
   355:61  error    Unexpected any. Specify a different type                                                               @typescript-eslint/no-explicit-any
   389:21  error    Unexpected any. Specify a different type                                                               @typescript-eslint/no-explicit-any
   396:40  error    Unexpected any. Specify a different type                                                               @typescript-eslint/no-explicit-any
   400:28  error    Unexpected any. Specify a different type                                                               @typescript-eslint/no-explicit-any
   403:27  error    Unexpected any. Specify a different type                                                               @typescript-eslint/no-explicit-any
   500:21  error    Unexpected any. Specify a different type                                                               @typescript-eslint/no-explicit-any
   549:57  error    Unexpected any. Specify a different type                                                               @typescript-eslint/no-explicit-any
   875:25  error    Unexpected any. Specify a different type                                                               @typescript-eslint/no-explicit-any
   876:27  error    Unexpected any. Specify a different type                                                               @typescript-eslint/no-explicit-any
   877:28  error    Unexpected any. Specify a different type                                                               @typescript-eslint/no-explicit-any
   878:24  error    Unexpected any. Specify a different type                                                               @typescript-eslint/no-explicit-any
   879:26  error    Unexpected any. Specify a different type                                                               @typescript-eslint/no-explicit-any
   880:29  error    Unexpected any. Specify a different type                                                               @typescript-eslint/no-explicit-any
   924:26  error    Unexpected any. Specify a different type                                                               @typescript-eslint/no-explicit-any
   929:26  error    Unexpected any. Specify a different type                                                               @typescript-eslint/no-explicit-any
  1017:48  error    Unexpected any. Specify a different type                                                               @typescript-eslint/no-explicit-any
  1019:13  error    Unexpected any. Specify a different type                                                               @typescript-eslint/no-explicit-any
  1030:36  error    Unexpected any. Specify a different type                                                               @typescript-eslint/no-explicit-any
  1140:41  error    Unexpected any. Specify a different type                                                               @typescript-eslint/no-explicit-any
  1140:65  error    Unexpected any. Specify a different type                                                               @typescript-eslint/no-explicit-any
  1151:38  error    Unexpected any. Specify a different type                                                               @typescript-eslint/no-explicit-any
  1231:21  error    Unexpected any. Specify a different type                                                               @typescript-eslint/no-explicit-any
  1636:6   warning  React Hook useMemo has a missing dependency: 'mode'. Either include it or remove the dependency array  react-hooks/exhaustive-deps

C:\Users\Admin\Desktop\CogainCore\cogain-core\frontend\bizdoc\src\routes\_app\rnd\drawing\_hooks\use-drawing.tsx
  189:82  error  Unexpected any. Specify a different type  @typescript-eslint/no-explicit-any

C:\Users\Admin\Desktop\CogainCore\cogain-core\frontend\bizdoc\src\routes\_app\rnd\drawing\index.tsx
  804:5  warning  React Hook useMemo has an unnecessary dependency: 't'. Either exclude it or remove the dependency array  react-hooks/exhaustive-deps

C:\Users\Admin\Desktop\CogainCore\cogain-core\frontend\bizdoc\src\routes\_app\rnd\item-template-group\_components\item-template-group-form.tsx
  35:14  warning  Fast refresh only works when a file only exports components. Use a new file to share constants or functions between components  react-refresh/only-export-components

C:\Users\Admin\Desktop\CogainCore\cogain-core\frontend\bizdoc\src\routes\_app\rnd\item-template-group\index.tsx
  421:5  warning  React Hook useMemo has a missing dependency: 'typeDropdownQuery'. Either include it or remove the dependency array  react-hooks/exhaustive-deps

C:\Users\Admin\Desktop\CogainCore\cogain-core\frontend\bizdoc\src\routes\_app\rnd\material-group\_components\material-group-form.tsx
  243:67  error  Unexpected any. Specify a different type  @typescript-eslint/no-explicit-any

C:\Users\Admin\Desktop\CogainCore\cogain-core\frontend\bizdoc\src\routes\_app\rnd\material-group\index.tsx
  227:27  error  Unexpected any. Specify a different type  @typescript-eslint/no-explicit-any
  320:56  error  Unexpected any. Specify a different type  @typescript-eslint/no-explicit-any

C:\Users\Admin\Desktop\CogainCore\cogain-core\frontend\bizdoc\src\routes\_app\rnd\material-type\index.tsx
  146:27  error  Unexpected any. Specify a different type  @typescript-eslint/no-explicit-any

C:\Users\Admin\Desktop\CogainCore\cogain-core\frontend\bizdoc\src\routes\_app\rnd\material\_components\material-form.tsx
  201:55  error  Unexpected any. Specify a different type  @typescript-eslint/no-explicit-any
  256:27  error  Unexpected any. Specify a different type  @typescript-eslint/no-explicit-any
  262:30  error  Unexpected any. Specify a different type  @typescript-eslint/no-explicit-any
  266:27  error  Unexpected any. Specify a different type  @typescript-eslint/no-explicit-any
  272:30  error  Unexpected any. Specify a different type  @typescript-eslint/no-explicit-any
  276:27  error  Unexpected any. Specify a different type  @typescript-eslint/no-explicit-any
  282:30  error  Unexpected any. Specify a different type  @typescript-eslint/no-explicit-any
  287:39  error  Unexpected any. Specify a different type  @typescript-eslint/no-explicit-any
  417:77  error  Unexpected any. Specify a different type  @typescript-eslint/no-explicit-any
  495:79  error  Unexpected any. Specify a different type  @typescript-eslint/no-explicit-any
  758:79  error  Unexpected any. Specify a different type  @typescript-eslint/no-explicit-any

C:\Users\Admin\Desktop\CogainCore\cogain-core\frontend\bizdoc\src\routes\_app\rnd\material\index.tsx
  210:27  error  Unexpected any. Specify a different type  @typescript-eslint/no-explicit-any
  372:36  error  Unexpected any. Specify a different type  @typescript-eslint/no-explicit-any
  452:36  error  Unexpected any. Specify a different type  @typescript-eslint/no-explicit-any

C:\Users\Admin\Desktop\CogainCore\cogain-core\frontend\bizdoc\src\routes\_app\rnd\raw-material-template\_components\raw-material-template-form.tsx
  113:42  error    Unexpected any. Specify a different type                                                                      @typescript-eslint/no-explicit-any
  150:46  error    Unexpected any. Specify a different type                                                                      @typescript-eslint/no-explicit-any
  161:17  error    '_' is defined but never used                                                                                 @typescript-eslint/no-unused-vars
  177:39  error    Unexpected any. Specify a different type                                                                      @typescript-eslint/no-explicit-any
  194:75  error    Unexpected any. Specify a different type                                                                      @typescript-eslint/no-explicit-any
  256:6   warning  React Hook useEffect has a missing dependency: 'resetForm'. Either include it or remove the dependency array  react-hooks/exhaustive-deps
  267:19  error    Unexpected any. Specify a different type                                                                      @typescript-eslint/no-explicit-any
  269:38  error    Unexpected any. Specify a different type                                                                      @typescript-eslint/no-explicit-any
  278:6   warning  React Hook useEffect has a missing dependency: 'form'. Either include it or remove the dependency array       react-hooks/exhaustive-deps
  607:45  error    Unexpected any. Specify a different type                                                                      @typescript-eslint/no-explicit-any
  607:53  error    Unexpected any. Specify a different type                                                                      @typescript-eslint/no-explicit-any
  608:45  error    Unexpected any. Specify a different type                                                                      @typescript-eslint/no-explicit-any

C:\Users\Admin\Desktop\CogainCore\cogain-core\frontend\bizdoc\src\routes\_app\rnd\raw-material-template\index.tsx
  139:19  error  Unexpected any. Specify a different type  @typescript-eslint/no-explicit-any
  140:16  error  Unexpected any. Specify a different type  @typescript-eslint/no-explicit-any
  149:14  error  Unexpected any. Specify a different type  @typescript-eslint/no-explicit-any
  195:77  error  Unexpected any. Specify a different type  @typescript-eslint/no-explicit-any
  271:38  error  Unexpected any. Specify a different type  @typescript-eslint/no-explicit-any
  306:40  error  Unexpected any. Specify a different type  @typescript-eslint/no-explicit-any

C:\Users\Admin\Desktop\CogainCore\cogain-core\frontend\bizdoc\src\routes\_app\rnd\semi-finished-good\_components\semi-finished-good-form-children-selection-dialog.tsx
   31:24  error  Unexpected any. Specify a different type  @typescript-eslint/no-explicit-any
  114:14  error  Unexpected any. Specify a different type  @typescript-eslint/no-explicit-any
  122:22  error  Unexpected any. Specify a different type  @typescript-eslint/no-explicit-any
  162:19  error  Unexpected any. Specify a different type  @typescript-eslint/no-explicit-any
  163:16  error  Unexpected any. Specify a different type  @typescript-eslint/no-explicit-any
  197:33  error  Unexpected any. Specify a different type  @typescript-eslint/no-explicit-any

C:\Users\Admin\Desktop\CogainCore\cogain-core\frontend\bizdoc\src\routes\_app\rnd\semi-finished-good\_components\semi-finished-good-form.tsx
  112:74  error  Unexpected any. Specify a different type  @typescript-eslint/no-explicit-any
  270:12  error  Unexpected any. Specify a different type  @typescript-eslint/no-explicit-any
  307:16  error  Unexpected any. Specify a different type  @typescript-eslint/no-explicit-any
  341:48  error  Unexpected any. Specify a different type  @typescript-eslint/no-explicit-any
  362:88  error  Unexpected any. Specify a different type  @typescript-eslint/no-explicit-any
  608:54  error  Unexpected any. Specify a different type  @typescript-eslint/no-explicit-any
  839:37  error  Unexpected any. Specify a different type  @typescript-eslint/no-explicit-any

C:\Users\Admin\Desktop\CogainCore\cogain-core\frontend\bizdoc\src\routes\_app\rnd\semi-finished-good\index.tsx
  319:27  error  Unexpected any. Specify a different type  @typescript-eslint/no-explicit-any

C:\Users\Admin\Desktop\CogainCore\cogain-core\frontend\bizdoc\src\routes\_app\rnd\technical-description\index.tsx
   52:45  error    Unexpected any. Specify a different type                                                                       @typescript-eslint/no-explicit-any
  149:5   warning  React Hook useMemo has a missing dependency: 'handleDelete'. Either include it or remove the dependency array  react-hooks/exhaustive-deps

C:\Users\Admin\Desktop\CogainCore\cogain-core\frontend\bizdoc\src\routes\_app\sale\business-role\index.tsx
  47:9  warning  The 'allRoles' logical expression could make the dependencies of useMemo Hook (at line 52) change on every render. To fix this, wrap the initialization of 'allRoles' in its own useMemo() Hook  react-hooks/exhaustive-deps
  47:9  warning  The 'allRoles' logical expression could make the dependencies of useMemo Hook (at line 56) change on every render. To fix this, wrap the initialization of 'allRoles' in its own useMemo() Hook  react-hooks/exhaustive-deps
  47:9  warning  The 'allRoles' logical expression could make the dependencies of useMemo Hook (at line 58) change on every render. To fix this, wrap the initialization of 'allRoles' in its own useMemo() Hook  react-hooks/exhaustive-deps

C:\Users\Admin\Desktop\CogainCore\cogain-core\frontend\bizdoc\src\routes\_app\sale\compare-quotation\$id\index.tsx
   71:59  error  Unexpected any. Specify a different type  @typescript-eslint/no-explicit-any
   73:48  error  Unexpected any. Specify a different type  @typescript-eslint/no-explicit-any
  141:56  error  Unexpected any. Specify a different type  @typescript-eslint/no-explicit-any
  170:21  error  Unexpected any. Specify a different type  @typescript-eslint/no-explicit-any
  247:21  error  Unexpected any. Specify a different type  @typescript-eslint/no-explicit-any
  263:21  error  Unexpected any. Specify a different type  @typescript-eslint/no-explicit-any
  278:21  error  Unexpected any. Specify a different type  @typescript-eslint/no-explicit-any
  294:21  error  Unexpected any. Specify a different type  @typescript-eslint/no-explicit-any

C:\Users\Admin\Desktop\CogainCore\cogain-core\frontend\bizdoc\src\routes\_app\sale\compare-quotation\-components\compare-detail.tsx
  25:55  error  Unexpected any. Specify a different type  @typescript-eslint/no-explicit-any
  28:28  error  Unexpected any. Specify a different type  @typescript-eslint/no-explicit-any
  35:30  error  Unexpected any. Specify a different type  @typescript-eslint/no-explicit-any
  37:46  error  Unexpected any. Specify a different type  @typescript-eslint/no-explicit-any

C:\Users\Admin\Desktop\CogainCore\cogain-core\frontend\bizdoc\src\routes\_app\sale\compare-quotation\-components\compare-general.tsx
  41:47  error  Unexpected any. Specify a different type  @typescript-eslint/no-explicit-any

C:\Users\Admin\Desktop\CogainCore\cogain-core\frontend\bizdoc\src\routes\_app\sale\compare-quotation\-components\request-accordion-content.tsx
   38:47  error    Unexpected any. Specify a different type                                                                          @typescript-eslint/no-explicit-any
  378:5   warning  React Hook useMemo has missing dependencies: 'isBOD' and 't'. Either include them or remove the dependency array  react-hooks/exhaustive-deps

C:\Users\Admin\Desktop\CogainCore\cogain-core\frontend\bizdoc\src\routes\_app\sale\compare-quotation\index.tsx
  153:72  error    Unexpected any. Specify a different type                                                                                @typescript-eslint/no-explicit-any
  222:6   warning  React Hook useEffect has a missing dependency: 'infinitePagingQuery'. Either include it or remove the dependency array  react-hooks/exhaustive-deps

C:\Users\Admin\Desktop\CogainCore\cogain-core\frontend\bizdoc\src\routes\_app\sale\material-quotation\$id\index.tsx
  152:30  error  Unexpected any. Specify a different type  @typescript-eslint/no-explicit-any
  157:58  error  Unexpected any. Specify a different type  @typescript-eslint/no-explicit-any
  158:45  error  Unexpected any. Specify a different type  @typescript-eslint/no-explicit-any
  164:19  error  Unexpected any. Specify a different type  @typescript-eslint/no-explicit-any
  174:21  error  Unexpected any. Specify a different type  @typescript-eslint/no-explicit-any
  189:21  error  Unexpected any. Specify a different type  @typescript-eslint/no-explicit-any
  196:21  error  Unexpected any. Specify a different type  @typescript-eslint/no-explicit-any
  204:21  error  Unexpected any. Specify a different type  @typescript-eslint/no-explicit-any
  212:21  error  Unexpected any. Specify a different type  @typescript-eslint/no-explicit-any
  222:21  error  Unexpected any. Specify a different type  @typescript-eslint/no-explicit-any
  236:23  error  Unexpected any. Specify a different type  @typescript-eslint/no-explicit-any
  246:23  error  Unexpected any. Specify a different type  @typescript-eslint/no-explicit-any
  258:23  error  Unexpected any. Specify a different type  @typescript-eslint/no-explicit-any
  268:23  error  Unexpected any. Specify a different type  @typescript-eslint/no-explicit-any
  278:23  error  Unexpected any. Specify a different type  @typescript-eslint/no-explicit-any
  290:23  error  Unexpected any. Specify a different type  @typescript-eslint/no-explicit-any
  310:23  error  Unexpected any. Specify a different type  @typescript-eslint/no-explicit-any

C:\Users\Admin\Desktop\CogainCore\cogain-core\frontend\bizdoc\src\routes\_app\sale\material-quotation\-components\material-quotation-detail-table.tsx
   64:9   warning  The 'detailValues' logical expression could make the dependencies of useEffect Hook (at line 205) change on every render. To fix this, wrap the initialization of 'detailValues' in its own useMemo() Hook  react-hooks/exhaustive-deps
  197:33  error    Unexpected any. Specify a different type                                                                                                                                                                    @typescript-eslint/no-explicit-any
  262:51  error    '_' is assigned a value but never used                                                                                                                                                                      @typescript-eslint/no-unused-vars
  333:40  error    '_' is assigned a value but never used                                                                                                                                                                      @typescript-eslint/no-unused-vars
  760:5   warning  React Hook useMemo has unnecessary dependencies: 'form.control', 'insert', 'materialDropdown.data.data', and 'stockQuantities'. Either exclude them or remove the dependency array                          react-hooks/exhaustive-deps

C:\Users\Admin\Desktop\CogainCore\cogain-core\frontend\bizdoc\src\routes\_app\sale\material-quotation\-components\material-quotation-form.tsx
  888:12  error  Unexpected any. Specify a different type  @typescript-eslint/no-explicit-any

C:\Users\Admin\Desktop\CogainCore\cogain-core\frontend\bizdoc\src\routes\_app\sale\material-quotation\-components\model-uom-selector.tsx
  25:9   warning  The 'rawEntries' logical expression could make the dependencies of useMemo Hook (at line 43) change on every render. To fix this, wrap the initialization of 'rawEntries' in its own useMemo() Hook  react-hooks/exhaustive-deps
  25:21  error    Unexpected any. Specify a different type                                                                                                                                                             @typescript-eslint/no-explicit-any
  25:56  error    Unexpected any. Specify a different type                                                                                                                                                             @typescript-eslint/no-explicit-any

C:\Users\Admin\Desktop\CogainCore\cogain-core\frontend\bizdoc\src\routes\_app\sale\material-quotation\index.tsx
  504:5   warning  React Hook useMemo has a missing dependency: 'navigate'. Either include it or remove the dependency array  react-hooks/exhaustive-deps
  516:19  error    Unexpected any. Specify a different type                                                                   @typescript-eslint/no-explicit-any
  526:21  error    Unexpected any. Specify a different type                                                                   @typescript-eslint/no-explicit-any
  541:21  error    Unexpected any. Specify a different type                                                                   @typescript-eslint/no-explicit-any
  549:21  error    Unexpected any. Specify a different type                                                                   @typescript-eslint/no-explicit-any
  559:21  error    Unexpected any. Specify a different type                                                                   @typescript-eslint/no-explicit-any
  567:21  error    Unexpected any. Specify a different type                                                                   @typescript-eslint/no-explicit-any
  577:21  error    Unexpected any. Specify a different type                                                                   @typescript-eslint/no-explicit-any
  587:21  error    Unexpected any. Specify a different type                                                                   @typescript-eslint/no-explicit-any
  597:21  error    Unexpected any. Specify a different type                                                                   @typescript-eslint/no-explicit-any
  609:21  error    Unexpected any. Specify a different type                                                                   @typescript-eslint/no-explicit-any
  619:21  error    Unexpected any. Specify a different type                                                                   @typescript-eslint/no-explicit-any
  629:21  error    Unexpected any. Specify a different type                                                                   @typescript-eslint/no-explicit-any
  641:21  error    Unexpected any. Specify a different type                                                                   @typescript-eslint/no-explicit-any
  661:21  error    Unexpected any. Specify a different type                                                                   @typescript-eslint/no-explicit-any
  689:25  error    Unexpected any. Specify a different type                                                                   @typescript-eslint/no-explicit-any

C:\Users\Admin\Desktop\CogainCore\cogain-core\frontend\bizdoc\src\routes\_app\sale\pre-sales-survey\-components\pre-sales-survey-form.tsx
  909:55  error  Unexpected any. Specify a different type  @typescript-eslint/no-explicit-any
  909:79  error  Unexpected any. Specify a different type  @typescript-eslint/no-explicit-any
  918:53  error  Unexpected any. Specify a different type  @typescript-eslint/no-explicit-any
  918:77  error  Unexpected any. Specify a different type  @typescript-eslint/no-explicit-any
  939:43  error  Unexpected any. Specify a different type  @typescript-eslint/no-explicit-any
  940:43  error  Unexpected any. Specify a different type  @typescript-eslint/no-explicit-any

C:\Users\Admin\Desktop\CogainCore\cogain-core\frontend\bizdoc\src\routes\_app\sale\pre-sales-survey\index.tsx
  70:9  warning  The 'data' logical expression could make the dependencies of useEffect Hook (at line 79) change on every render. To fix this, wrap the initialization of 'data' in its own useMemo() Hook  react-hooks/exhaustive-deps

C:\Users\Admin\Desktop\CogainCore\cogain-core\frontend\bizdoc\src\routes\_app\sale\project\$id\detail\index.tsx
   89:77  error  Unexpected any. Specify a different type  @typescript-eslint/no-explicit-any
  157:27  error  Unexpected any. Specify a different type  @typescript-eslint/no-explicit-any

C:\Users\Admin\Desktop\CogainCore\cogain-core\frontend\bizdoc\src\routes\_app\sale\project\_components\project-detail-filter-popover.tsx
  257:12  error    Unexpected any. Specify a different type                                                                                        @typescript-eslint/no-explicit-any
  258:17  error    Unexpected any. Specify a different type                                                                                        @typescript-eslint/no-explicit-any
  259:6   error    Unexpected any. Specify a different type                                                                                        @typescript-eslint/no-explicit-any
  263:17  warning  Fast refresh only works when a file only exports components. Use a new file to share constants or functions between components  react-refresh/only-export-components
  286:30  error    Unexpected any. Specify a different type                                                                                        @typescript-eslint/no-explicit-any
  301:30  error    Unexpected any. Specify a different type                                                                                        @typescript-eslint/no-explicit-any
  316:30  error    Unexpected any. Specify a different type                                                                                        @typescript-eslint/no-explicit-any
  331:30  error    Unexpected any. Specify a different type                                                                                        @typescript-eslint/no-explicit-any
  346:30  error    Unexpected any. Specify a different type                                                                                        @typescript-eslint/no-explicit-any
  390:30  error    Unexpected any. Specify a different type                                                                                        @typescript-eslint/no-explicit-any
  406:27  error    Unexpected any. Specify a different type                                                                                        @typescript-eslint/no-explicit-any

C:\Users\Admin\Desktop\CogainCore\cogain-core\frontend\bizdoc\src\routes\_app\sale\project\_components\project-detail-table.tsx
  345:5   warning  React Hook useMemo has a missing dependency: 'fk.employee'. Either include it or remove the dependency array  react-hooks/exhaustive-deps
  368:32  error    '_close' is defined but never used                                                                            @typescript-eslint/no-unused-vars

C:\Users\Admin\Desktop\CogainCore\cogain-core\frontend\bizdoc\src\routes\_app\sale\project\_components\project-form-detail-table.tsx
   46:14  warning  Fast refresh only works when a file only exports components. Use a new file to share constants or functions between components                                                                                react-refresh/only-export-components
   65:23  error    Unexpected any. Specify a different type                                                                                                                                                                      @typescript-eslint/no-explicit-any
   90:23  error    Unexpected any. Specify a different type                                                                                                                                                                      @typescript-eslint/no-explicit-any
   92:33  error    Unexpected any. Specify a different type                                                                                                                                                                      @typescript-eslint/no-explicit-any
   93:31  error    Unexpected any. Specify a different type                                                                                                                                                                      @typescript-eslint/no-explicit-any
   94:31  error    Unexpected any. Specify a different type                                                                                                                                                                      @typescript-eslint/no-explicit-any
   95:31  error    Unexpected any. Specify a different type                                                                                                                                                                      @typescript-eslint/no-explicit-any
  100:81  error    Unexpected any. Specify a different type                                                                                                                                                                      @typescript-eslint/no-explicit-any
  162:9   warning  The 'detailValues' logical expression could make the dependencies of useMemo Hook (at line 275) change on every render. To fix this, wrap the initialization of 'detailValues' in its own useMemo() Hook      react-hooks/exhaustive-deps
  162:9   warning  The 'detailValues' logical expression could make the dependencies of useCallback Hook (at line 320) change on every render. To fix this, wrap the initialization of 'detailValues' in its own useMemo() Hook  react-hooks/exhaustive-deps
  162:9   warning  The 'detailValues' logical expression could make the dependencies of useMemo Hook (at line 761) change on every render. To fix this, wrap the initialization of 'detailValues' in its own useMemo() Hook      react-hooks/exhaustive-deps
  226:42  error    Unexpected any. Specify a different type                                                                                                                                                                      @typescript-eslint/no-explicit-any
  231:42  error    Unexpected any. Specify a different type                                                                                                                                                                      @typescript-eslint/no-explicit-any
  236:42  error    Unexpected any. Specify a different type                                                                                                                                                                      @typescript-eslint/no-explicit-any
  241:42  error    Unexpected any. Specify a different type                                                                                                                                                                      @typescript-eslint/no-explicit-any
  246:42  error    Unexpected any. Specify a different type                                                                                                                                                                      @typescript-eslint/no-explicit-any
  251:42  error    Unexpected any. Specify a different type                                                                                                                                                                      @typescript-eslint/no-explicit-any
  256:42  error    Unexpected any. Specify a different type                                                                                                                                                                      @typescript-eslint/no-explicit-any
  261:42  error    Unexpected any. Specify a different type                                                                                                                                                                      @typescript-eslint/no-explicit-any
  273:50  error    Unexpected any. Specify a different type                                                                                                                                                                      @typescript-eslint/no-explicit-any
  301:32  error    '_close' is defined but never used                                                                                                                                                                            @typescript-eslint/no-unused-vars

C:\Users\Admin\Desktop\CogainCore\cogain-core\frontend\bizdoc\src\routes\_app\sale\project\_components\project-form.tsx
  135:34  error    Unexpected any. Specify a different type                                                                                                                                                       @typescript-eslint/no-explicit-any
  137:45  error    Unexpected any. Specify a different type                                                                                                                                                       @typescript-eslint/no-explicit-any
  191:63  error    Unexpected any. Specify a different type                                                                                                                                                       @typescript-eslint/no-explicit-any
  229:53  error    Unexpected any. Specify a different type                                                                                                                                                       @typescript-eslint/no-explicit-any
  297:74  error    Unexpected any. Specify a different type                                                                                                                                                       @typescript-eslint/no-explicit-any
  377:18  error    Unexpected any. Specify a different type                                                                                                                                                       @typescript-eslint/no-explicit-any
  469:41  error    Unexpected any. Specify a different type                                                                                                                                                       @typescript-eslint/no-explicit-any
  486:44  error    Unexpected any. Specify a different type                                                                                                                                                       @typescript-eslint/no-explicit-any
  525:6   warning  React Hook useEffect has missing dependencies: 'resetForm' and 'setSelectedRefDocument'. Either include them or remove the dependency array                                                    react-hooks/exhaustive-deps
  554:6   warning  React Hook useEffect has missing dependencies: 'defaultCreatedById', 'defaultCreatedOrganizationId', 'form', and 'setSelectedRefDocument'. Either include them or remove the dependency array  react-hooks/exhaustive-deps
  560:6   warning  React Hook useEffect has a missing dependency: 'resetForm'. Either include it or remove the dependency array                                                                                   react-hooks/exhaustive-deps
  634:68  error    Unexpected any. Specify a different type                                                                                                                                                       @typescript-eslint/no-explicit-any
  647:34  error    Unexpected any. Specify a different type                                                                                                                                                       @typescript-eslint/no-explicit-any
  668:36  error    Unexpected any. Specify a different type                                                                                                                                                       @typescript-eslint/no-explicit-any
  800:57  error    Unexpected any. Specify a different type                                                                                                                                                       @typescript-eslint/no-explicit-any

C:\Users\Admin\Desktop\CogainCore\cogain-core\frontend\bizdoc\src\routes\_app\sale\project\_components\project-sub-form-row.tsx
    41:14  warning  Fast refresh only works when a file only exports components. Use a new file to share constants or functions between components  react-refresh/only-export-components
    41:43  error    Unexpected any. Specify a different type                                                                                        @typescript-eslint/no-explicit-any
    96:14  warning  Fast refresh only works when a file only exports components. Use a new file to share constants or functions between components  react-refresh/only-export-components
   156:24  error    Unexpected any. Specify a different type                                                                                        @typescript-eslint/no-explicit-any
   157:17  error    Unexpected any. Specify a different type                                                                                        @typescript-eslint/no-explicit-any
   179:57  error    Unexpected any. Specify a different type                                                                                        @typescript-eslint/no-explicit-any
   383:25  error    Unexpected any. Specify a different type                                                                                        @typescript-eslint/no-explicit-any
   383:49  error    Unexpected any. Specify a different type                                                                                        @typescript-eslint/no-explicit-any
   386:19  error    Unexpected any. Specify a different type                                                                                        @typescript-eslint/no-explicit-any
   387:19  error    Unexpected any. Specify a different type                                                                                        @typescript-eslint/no-explicit-any
   388:32  error    Unexpected any. Specify a different type                                                                                        @typescript-eslint/no-explicit-any
   545:53  error    Unexpected any. Specify a different type                                                                                        @typescript-eslint/no-explicit-any
   611:48  error    Unexpected any. Specify a different type                                                                                        @typescript-eslint/no-explicit-any
  1135:6   warning  React Hook useMemo has a missing dependency: 'resetFinishedGoodFields'. Either include it or remove the dependency array        react-hooks/exhaustive-deps

C:\Users\Admin\Desktop\CogainCore\cogain-core\frontend\bizdoc\src\routes\_app\sale\project\_hooks\use-project.tsx
  65:72  error  Unexpected any. Specify a different type  @typescript-eslint/no-explicit-any

C:\Users\Admin\Desktop\CogainCore\cogain-core\frontend\bizdoc\src\routes\_app\sale\project\index.tsx
  329:50  error    Unexpected any. Specify a different type                                                                                            @typescript-eslint/no-explicit-any
  333:39  error    Unexpected any. Specify a different type                                                                                            @typescript-eslint/no-explicit-any
  342:6   warning  React Hook useEffect has missing dependencies: 'location.state' and 'navigate'. Either include them or remove the dependency array  react-hooks/exhaustive-deps
  482:66  error    Unexpected any. Specify a different type                                                                                            @typescript-eslint/no-explicit-any
  832:33  error    Unexpected any. Specify a different type                                                                                            @typescript-eslint/no-explicit-any

C:\Users\Admin\Desktop\CogainCore\cogain-core\frontend\bizdoc\src\routes\_app\sale\sale-order\-components\sale-order-detail-filter-popover.tsx
   25:14  warning  Fast refresh only works when a file only exports components. Use a new file to share constants or functions between components  react-refresh/only-export-components
   86:61  error    Unexpected any. Specify a different type                                                                                        @typescript-eslint/no-explicit-any
   91:6   error    Unexpected any. Specify a different type                                                                                        @typescript-eslint/no-explicit-any
  109:75  error    Unexpected any. Specify a different type                                                                                        @typescript-eslint/no-explicit-any
  288:12  error    Unexpected any. Specify a different type                                                                                        @typescript-eslint/no-explicit-any
  289:17  error    Unexpected any. Specify a different type                                                                                        @typescript-eslint/no-explicit-any
  290:6   error    Unexpected any. Specify a different type                                                                                        @typescript-eslint/no-explicit-any
  294:17  warning  Fast refresh only works when a file only exports components. Use a new file to share constants or functions between components  react-refresh/only-export-components
  306:30  error    Unexpected any. Specify a different type                                                                                        @typescript-eslint/no-explicit-any
  321:30  error    Unexpected any. Specify a different type                                                                                        @typescript-eslint/no-explicit-any
  336:30  error    Unexpected any. Specify a different type                                                                                        @typescript-eslint/no-explicit-any
  351:30  error    Unexpected any. Specify a different type                                                                                        @typescript-eslint/no-explicit-any
  366:30  error    Unexpected any. Specify a different type                                                                                        @typescript-eslint/no-explicit-any
  410:30  error    Unexpected any. Specify a different type                                                                                        @typescript-eslint/no-explicit-any
  434:85  error    Unexpected any. Specify a different type                                                                                        @typescript-eslint/no-explicit-any
  499:27  error    Unexpected any. Specify a different type                                                                                        @typescript-eslint/no-explicit-any

C:\Users\Admin\Desktop\CogainCore\cogain-core\frontend\bizdoc\src\routes\_app\sale\sale-order\-components\sale-order-form-table.tsx
   369:51  error    Unexpected any. Specify a different type                                                                                                                                                                       @typescript-eslint/no-explicit-any
   370:27  error    Unexpected any. Specify a different type                                                                                                                                                                       @typescript-eslint/no-explicit-any
   498:56  error    Unexpected any. Specify a different type                                                                                                                                                                       @typescript-eslint/no-explicit-any
   503:56  error    Unexpected any. Specify a different type                                                                                                                                                                       @typescript-eslint/no-explicit-any
   554:42  error    Unexpected any. Specify a different type                                                                                                                                                                       @typescript-eslint/no-explicit-any
   559:42  error    Unexpected any. Specify a different type                                                                                                                                                                       @typescript-eslint/no-explicit-any
   564:42  error    Unexpected any. Specify a different type                                                                                                                                                                       @typescript-eslint/no-explicit-any
   569:42  error    Unexpected any. Specify a different type                                                                                                                                                                       @typescript-eslint/no-explicit-any
   574:42  error    Unexpected any. Specify a different type                                                                                                                                                                       @typescript-eslint/no-explicit-any
   579:42  error    Unexpected any. Specify a different type                                                                                                                                                                       @typescript-eslint/no-explicit-any
   696:49  error    Unexpected any. Specify a different type                                                                                                                                                                       @typescript-eslint/no-explicit-any
   696:78  error    Unexpected any. Specify a different type                                                                                                                                                                       @typescript-eslint/no-explicit-any
  1023:47  error    Unexpected any. Specify a different type                                                                                                                                                                       @typescript-eslint/no-explicit-any
  1029:24  error    Unexpected any. Specify a different type                                                                                                                                                                       @typescript-eslint/no-explicit-any
  1099:5   warning  React Hook useMemo has unnecessary dependencies: 'fgOptions', 'getRowModelOptions', 'materialOptions', 'modelOptions', 'productOptions', and 'uomOptions'. Either exclude them or remove the dependency array  react-hooks/exhaustive-deps

C:\Users\Admin\Desktop\CogainCore\cogain-core\frontend\bizdoc\src\routes\_app\sale\sale-order\-components\sale-order-form.tsx
  27:14  warning  Fast refresh only works when a file only exports components. Use a new file to share constants or functions between components  react-refresh/only-export-components

C:\Users\Admin\Desktop\CogainCore\cogain-core\frontend\bizdoc\src\routes\_app\sale\sale-order\-hooks\use-sale-order.tsx
  1:10  warning  Fast refresh only works when a file only exports components. Use a new file to share constants or functions between components  react-refresh/only-export-components

C:\Users\Admin\Desktop\CogainCore\cogain-core\frontend\bizdoc\src\routes\_app\sale\sale-order\index.tsx
  119:77  error  Unexpected any. Specify a different type  @typescript-eslint/no-explicit-any
  552:23  error  Unexpected any. Specify a different type  @typescript-eslint/no-explicit-any

C:\Users\Admin\Desktop\CogainCore\cogain-core\frontend\bizdoc\src\routes\_app\sale\sale-quotation-request\$id\index.tsx
  216:56  error  Unexpected any. Specify a different type  @typescript-eslint/no-explicit-any
  223:19  error  Unexpected any. Specify a different type  @typescript-eslint/no-explicit-any
  234:21  error  Unexpected any. Specify a different type  @typescript-eslint/no-explicit-any
  245:21  error  Unexpected any. Specify a different type  @typescript-eslint/no-explicit-any
  273:21  error  Unexpected any. Specify a different type  @typescript-eslint/no-explicit-any
  291:21  error  Unexpected any. Specify a different type  @typescript-eslint/no-explicit-any
  302:21  error  Unexpected any. Specify a different type  @typescript-eslint/no-explicit-any
  306:54  error  Unexpected any. Specify a different type  @typescript-eslint/no-explicit-any
  309:22  error  Unexpected any. Specify a different type  @typescript-eslint/no-explicit-any
  321:21  error  Unexpected any. Specify a different type  @typescript-eslint/no-explicit-any
  330:21  error  Unexpected any. Specify a different type  @typescript-eslint/no-explicit-any
  339:21  error  Unexpected any. Specify a different type  @typescript-eslint/no-explicit-any
  345:61  error  Unexpected any. Specify a different type  @typescript-eslint/no-explicit-any

C:\Users\Admin\Desktop\CogainCore\cogain-core\frontend\bizdoc\src\routes\_app\sale\sale-quotation-request\-components\quotation-request-info.tsx
  127:13  error  Unexpected constant truthiness on the left-hand side of a `||` expression  no-constant-binary-expression

C:\Users\Admin\Desktop\CogainCore\cogain-core\frontend\bizdoc\src\routes\_app\sale\sale-quotation-request\-components\sale-quotation-request-detail-table.tsx
   37:14  warning  Fast refresh only works when a file only exports components. Use a new file to share constants or functions between components                                                     react-refresh/only-export-components
  166:11  error    'updated' is never reassigned. Use 'const' instead                                                                                                                                 prefer-const
  664:5   warning  React Hook useMemo has missing dependencies: 'allItemTemplateQuery.data?.data', 'fields.length', 'form', and 'serviceOptions'. Either include them or remove the dependency array  react-hooks/exhaustive-deps

C:\Users\Admin\Desktop\CogainCore\cogain-core\frontend\bizdoc\src\routes\_app\sale\sale-quotation-request\-components\sale-quotation-request-form.tsx
   324:48  error    Unexpected any. Specify a different type                                                                                   @typescript-eslint/no-explicit-any
   370:6   warning  React Hook useEffect has a missing dependency: 'setSelectedRefDocument'. Either include it or remove the dependency array  react-hooks/exhaustive-deps
  1001:12  error    Unexpected any. Specify a different type                                                                                   @typescript-eslint/no-explicit-any

C:\Users\Admin\Desktop\CogainCore\cogain-core\frontend\bizdoc\src\routes\_app\sale\sale-quotation-request\-hooks\use-sale-quotation-request.tsx
  324:33  error  Unexpected any. Specify a different type  @typescript-eslint/no-explicit-any

C:\Users\Admin\Desktop\CogainCore\cogain-core\frontend\bizdoc\src\routes\_app\sale\sale-quotation-request\index.tsx
  172:5   error    React Hook "useHasPermission" is called conditionally. React Hooks must be called in the exact same order in every component render   react-hooks/rules-of-hooks
  175:5   error    React Hook "useHasPermission" is called conditionally. React Hooks must be called in the exact same order in every component render   react-hooks/rules-of-hooks
  178:5   error    React Hook "useHasPermission" is called conditionally. React Hooks must be called in the exact same order in every component render   react-hooks/rules-of-hooks
  181:5   error    React Hook "useHasPermission" is called conditionally. React Hooks must be called in the exact same order in every component render   react-hooks/rules-of-hooks
  465:71  error    Unexpected any. Specify a different type                                                                                              @typescript-eslint/no-explicit-any
  624:5   warning  React Hook useMemo has a missing dependency: 'navigate'. Either include it or remove the dependency array                             react-hooks/exhaustive-deps
  655:42  error    Unexpected any. Specify a different type                                                                                              @typescript-eslint/no-explicit-any
  660:58  error    Unexpected any. Specify a different type                                                                                              @typescript-eslint/no-explicit-any
  667:19  error    Unexpected any. Specify a different type                                                                                              @typescript-eslint/no-explicit-any
  677:21  error    Unexpected any. Specify a different type                                                                                              @typescript-eslint/no-explicit-any
  689:21  error    Unexpected any. Specify a different type                                                                                              @typescript-eslint/no-explicit-any
  724:21  error    Unexpected any. Specify a different type                                                                                              @typescript-eslint/no-explicit-any
  742:21  error    Unexpected any. Specify a different type                                                                                              @typescript-eslint/no-explicit-any
  753:21  error    Unexpected any. Specify a different type                                                                                              @typescript-eslint/no-explicit-any
  757:22  error    Unexpected any. Specify a different type                                                                                              @typescript-eslint/no-explicit-any
  771:21  error    Unexpected any. Specify a different type                                                                                              @typescript-eslint/no-explicit-any
  779:21  error    Unexpected any. Specify a different type                                                                                              @typescript-eslint/no-explicit-any
  794:21  error    Unexpected any. Specify a different type                                                                                              @typescript-eslint/no-explicit-any
  797:5   warning  React Hook useMemo has an unnecessary dependency: 'finishedGoodDropdownQuery.data'. Either exclude it or remove the dependency array  react-hooks/exhaustive-deps
  818:25  error    Unexpected any. Specify a different type                                                                                              @typescript-eslint/no-explicit-any

C:\Users\Admin\Desktop\CogainCore\cogain-core\frontend\bizdoc\src\routes\_app\sale\sale-quotation\$id\index.tsx
   68:25  error  React Hook "useHasPermission" is called conditionally. React Hooks must be called in the exact same order in every component render  react-hooks/rules-of-hooks
  194:27  error  Unexpected any. Specify a different type                                                                                             @typescript-eslint/no-explicit-any
  263:19  error  Unexpected any. Specify a different type                                                                                             @typescript-eslint/no-explicit-any
  274:21  error  Unexpected any. Specify a different type                                                                                             @typescript-eslint/no-explicit-any
  285:21  error  Unexpected any. Specify a different type                                                                                             @typescript-eslint/no-explicit-any
  304:21  error  Unexpected any. Specify a different type                                                                                             @typescript-eslint/no-explicit-any
  323:21  error  Unexpected any. Specify a different type                                                                                             @typescript-eslint/no-explicit-any
  342:21  error  Unexpected any. Specify a different type                                                                                             @typescript-eslint/no-explicit-any
  361:21  error  Unexpected any. Specify a different type                                                                                             @typescript-eslint/no-explicit-any
  384:21  error  Unexpected any. Specify a different type                                                                                             @typescript-eslint/no-explicit-any
  387:43  error  Unexpected any. Specify a different type                                                                                             @typescript-eslint/no-explicit-any
  398:21  error  Unexpected any. Specify a different type                                                                                             @typescript-eslint/no-explicit-any
  407:21  error  Unexpected any. Specify a different type                                                                                             @typescript-eslint/no-explicit-any
  416:21  error  Unexpected any. Specify a different type                                                                                             @typescript-eslint/no-explicit-any

C:\Users\Admin\Desktop\CogainCore\cogain-core\frontend\bizdoc\src\routes\_app\sale\sale-quotation\-components\installation-cost\installation-cost-form.tsx
  100:19  error  Optional chain expressions can return undefined by design - using a non-null assertion is unsafe and wrong  @typescript-eslint/no-non-null-asserted-optional-chain

C:\Users\Admin\Desktop\CogainCore\cogain-core\frontend\bizdoc\src\routes\_app\sale\sale-quotation\-components\installation-cost\installation-cost-table.tsx
  55:21  error  Unexpected any. Specify a different type  @typescript-eslint/no-explicit-any
  62:18  error  Unexpected any. Specify a different type  @typescript-eslint/no-explicit-any

C:\Users\Admin\Desktop\CogainCore\cogain-core\frontend\bizdoc\src\routes\_app\sale\sale-quotation\-components\maintenance-cost\maintenance-cost-form.tsx
  100:19  error  Optional chain expressions can return undefined by design - using a non-null assertion is unsafe and wrong  @typescript-eslint/no-non-null-asserted-optional-chain

C:\Users\Admin\Desktop\CogainCore\cogain-core\frontend\bizdoc\src\routes\_app\sale\sale-quotation\-components\maintenance-cost\maintenance-cost-table.tsx
  55:21  error  Unexpected any. Specify a different type  @typescript-eslint/no-explicit-any
  62:18  error  Unexpected any. Specify a different type  @typescript-eslint/no-explicit-any

C:\Users\Admin\Desktop\CogainCore\cogain-core\frontend\bizdoc\src\routes\_app\sale\sale-quotation\-components\payment-term-form.tsx
   43:14  warning  Fast refresh only works when a file only exports components. Use a new file to share constants or functions between components                                                                                        react-refresh/only-export-components
   51:14  warning  Fast refresh only works when a file only exports components. Use a new file to share constants or functions between components                                                                                        react-refresh/only-export-components
   55:14  warning  Fast refresh only works when a file only exports components. Use a new file to share constants or functions between components                                                                                        react-refresh/only-export-components
  207:36  error    Unexpected any. Specify a different type                                                                                                                                                                              @typescript-eslint/no-explicit-any
  323:9   warning  The 'fp' function makes the dependencies of useEffect Hook (at line 423) change on every render. To fix this, wrap the definition of 'fp' in its own useCallback() Hook                                               react-hooks/exhaustive-deps
  323:9   warning  The 'fp' function makes the dependencies of useCallback Hook (at line 433) change on every render. To fix this, wrap the definition of 'fp' in its own useCallback() Hook                                             react-hooks/exhaustive-deps
  323:9   warning  The 'fp' function makes the dependencies of useCallback Hook (at line 457) change on every render. To fix this, wrap the definition of 'fp' in its own useCallback() Hook                                             react-hooks/exhaustive-deps
  323:9   warning  The 'fp' function makes the dependencies of useEffect Hook (at line 563) change on every render. To fix this, wrap the definition of 'fp' in its own useCallback() Hook                                               react-hooks/exhaustive-deps
  323:9   warning  The 'fp' function makes the dependencies of useCallback Hook (at line 587) change on every render. To fix this, wrap the definition of 'fp' in its own useCallback() Hook                                             react-hooks/exhaustive-deps
  323:9   warning  The 'fp' function makes the dependencies of useCallback Hook (at line 599) change on every render. To fix this, wrap the definition of 'fp' in its own useCallback() Hook                                             react-hooks/exhaustive-deps
  323:9   warning  The 'fp' function makes the dependencies of useCallback Hook (at line 629) change on every render. To fix this, wrap the definition of 'fp' in its own useCallback() Hook                                             react-hooks/exhaustive-deps
  323:9   warning  The 'fp' function makes the dependencies of useCallback Hook (at line 638) change on every render. To fix this, wrap the definition of 'fp' in its own useCallback() Hook                                             react-hooks/exhaustive-deps
  345:9   warning  The 'paymentProcesses' logical expression could make the dependencies of useCallback Hook (at line 587) change on every render. To fix this, wrap the initialization of 'paymentProcesses' in its own useMemo() Hook  react-hooks/exhaustive-deps
  345:9   warning  The 'paymentProcesses' logical expression could make the dependencies of useCallback Hook (at line 599) change on every render. To fix this, wrap the initialization of 'paymentProcesses' in its own useMemo() Hook  react-hooks/exhaustive-deps
  345:9   warning  The 'paymentProcesses' logical expression could make the dependencies of useMemo Hook (at line 612) change on every render. To fix this, wrap the initialization of 'paymentProcesses' in its own useMemo() Hook      react-hooks/exhaustive-deps
  345:9   warning  The 'paymentProcesses' logical expression could make the dependencies of useCallback Hook (at line 629) change on every render. To fix this, wrap the initialization of 'paymentProcesses' in its own useMemo() Hook  react-hooks/exhaustive-deps
  345:9   warning  The 'paymentProcesses' logical expression could make the dependencies of useCallback Hook (at line 638) change on every render. To fix this, wrap the initialization of 'paymentProcesses' in its own useMemo() Hook  react-hooks/exhaustive-deps
  393:72  error    Unexpected any. Specify a different type                                                                                                                                                                              @typescript-eslint/no-explicit-any
  539:67  error    Unexpected any. Specify a different type                                                                                                                                                                              @typescript-eslint/no-explicit-any
  554:65  error    Unexpected any. Specify a different type                                                                                                                                                                              @typescript-eslint/no-explicit-any
  568:28  error    Unexpected any. Specify a different type                                                                                                                                                                              @typescript-eslint/no-explicit-any
  633:43  error    Unexpected any. Specify a different type                                                                                                                                                                              @typescript-eslint/no-explicit-any

C:\Users\Admin\Desktop\CogainCore\cogain-core\frontend\bizdoc\src\routes\_app\sale\sale-quotation\-components\production-cost\production-cost-form.tsx
  108:19  error  Optional chain expressions can return undefined by design - using a non-null assertion is unsafe and wrong  @typescript-eslint/no-non-null-asserted-optional-chain

C:\Users\Admin\Desktop\CogainCore\cogain-core\frontend\bizdoc\src\routes\_app\sale\sale-quotation\-components\production-cost\production-cost-table.tsx
   72:21  error  Unexpected any. Specify a different type  @typescript-eslint/no-explicit-any
   79:18  error  Unexpected any. Specify a different type  @typescript-eslint/no-explicit-any
  157:44  error  Unexpected any. Specify a different type  @typescript-eslint/no-explicit-any
  158:49  error  Unexpected any. Specify a different type  @typescript-eslint/no-explicit-any
  159:49  error  Unexpected any. Specify a different type  @typescript-eslint/no-explicit-any
  159:73  error  Unexpected any. Specify a different type  @typescript-eslint/no-explicit-any

C:\Users\Admin\Desktop\CogainCore\cogain-core\frontend\bizdoc\src\routes\_app\sale\sale-quotation\-components\sale-quotation-detail-table.tsx
   47:9   warning  The 'detailValues' logical expression could make the dependencies of useCallback Hook (at line 156) change on every render. To fix this, wrap the initialization of 'detailValues' in its own useMemo() Hook  react-hooks/exhaustive-deps
  417:35  error    Unexpected any. Specify a different type                                                                                                                                                                      @typescript-eslint/no-explicit-any
  424:35  error    Unexpected any. Specify a different type                                                                                                                                                                      @typescript-eslint/no-explicit-any
  425:38  error    Unexpected any. Specify a different type                                                                                                                                                                      @typescript-eslint/no-explicit-any
  427:39  error    Unexpected any. Specify a different type                                                                                                                                                                      @typescript-eslint/no-explicit-any
  442:22  error    Unexpected any. Specify a different type                                                                                                                                                                      @typescript-eslint/no-explicit-any
  567:5   warning  React Hook useMemo has an unnecessary dependency: 'designModelOptions'. Either exclude it or remove the dependency array                                                                                      react-hooks/exhaustive-deps

C:\Users\Admin\Desktop\CogainCore\cogain-core\frontend\bizdoc\src\routes\_app\sale\sale-quotation\-components\sale-quotation-form.tsx
   35:14  warning  Fast refresh only works when a file only exports components. Use a new file to share constants or functions between components  react-refresh/only-export-components
  159:47  error    Unexpected any. Specify a different type                                                                                        @typescript-eslint/no-explicit-any
  185:46  error    Unexpected any. Specify a different type                                                                                        @typescript-eslint/no-explicit-any
  188:90  error    Unexpected any. Specify a different type                                                                                        @typescript-eslint/no-explicit-any
  215:52  error    Unexpected any. Specify a different type                                                                                        @typescript-eslint/no-explicit-any
  269:55  error    Unexpected any. Specify a different type                                                                                        @typescript-eslint/no-explicit-any
  288:6   warning  React Hook useEffect has a missing dependency: 'setSelectedRefDocument'. Either include it or remove the dependency array       react-hooks/exhaustive-deps

C:\Users\Admin\Desktop\CogainCore\cogain-core\frontend\bizdoc\src\routes\_app\sale\sale-quotation\-hooks\use-sale-quotation.tsx
  358:33  error  Unexpected any. Specify a different type  @typescript-eslint/no-explicit-any
  364:64  error  Unexpected any. Specify a different type  @typescript-eslint/no-explicit-any

C:\Users\Admin\Desktop\CogainCore\cogain-core\frontend\bizdoc\src\routes\_app\sale\sale-quotation\index.tsx
  126:25  error    React Hook "useHasPermission" is called conditionally. React Hooks must be called in the exact same order in every component render  react-hooks/rules-of-hooks
  128:25  error    React Hook "useHasPermission" is called conditionally. React Hooks must be called in the exact same order in every component render  react-hooks/rules-of-hooks
  130:25  error    React Hook "useHasPermission" is called conditionally. React Hooks must be called in the exact same order in every component render  react-hooks/rules-of-hooks
  132:25  error    React Hook "useHasPermission" is called conditionally. React Hooks must be called in the exact same order in every component render  react-hooks/rules-of-hooks
  481:5   warning  React Hook useMemo has a missing dependency: 'navigate'. Either include it or remove the dependency array                            react-hooks/exhaustive-deps
  503:19  error    Unexpected any. Specify a different type                                                                                             @typescript-eslint/no-explicit-any
  601:21  error    Unexpected any. Specify a different type                                                                                             @typescript-eslint/no-explicit-any
  682:25  error    Unexpected any. Specify a different type                                                                                             @typescript-eslint/no-explicit-any

C:\Users\Admin\Desktop\CogainCore\cogain-core\frontend\bizdoc\src\routes\_app\sale\sq-saleman\$id\index.tsx
   59:5   error    React Hook "useHasPermission" is called conditionally. React Hooks must be called in the exact same order in every component render                                                                                                        react-hooks/rules-of-hooks
  138:9   warning  The 'decisions' logical expression could make the dependencies of useMemo Hook (at line 147) change on every render. Move it inside the useMemo callback. Alternatively, wrap the initialization of 'decisions' in its own useMemo() Hook  react-hooks/exhaustive-deps
  558:21  error    Unexpected any. Specify a different type                                                                                                                                                                                                   @typescript-eslint/no-explicit-any
  573:21  error    Unexpected any. Specify a different type                                                                                                                                                                                                   @typescript-eslint/no-explicit-any
  591:21  error    Unexpected any. Specify a different type                                                                                                                                                                                                   @typescript-eslint/no-explicit-any
  609:21  error    Unexpected any. Specify a different type                                                                                                                                                                                                   @typescript-eslint/no-explicit-any
  636:21  error    Unexpected any. Specify a different type                                                                                                                                                                                                   @typescript-eslint/no-explicit-any

C:\Users\Admin\Desktop\CogainCore\cogain-core\frontend\bizdoc\src\routes\_app\sale\sq-saleman\-components\discount-form.tsx
  63:14  error  Unexpected any. Specify a different type  @typescript-eslint/no-explicit-any

C:\Users\Admin\Desktop\CogainCore\cogain-core\frontend\bizdoc\src\routes\_app\sale\sq-saleman\-components\payment-term-form.tsx
   62:14  warning  Fast refresh only works when a file only exports components. Use a new file to share constants or functions between components                                                                                        react-refresh/only-export-components
   87:14  warning  Fast refresh only works when a file only exports components. Use a new file to share constants or functions between components                                                                                        react-refresh/only-export-components
   93:14  warning  Fast refresh only works when a file only exports components. Use a new file to share constants or functions between components                                                                                        react-refresh/only-export-components
  253:36  error    Unexpected any. Specify a different type                                                                                                                                                                              @typescript-eslint/no-explicit-any
  401:35  error    Unexpected any. Specify a different type                                                                                                                                                                              @typescript-eslint/no-explicit-any
  407:35  error    Unexpected any. Specify a different type                                                                                                                                                                              @typescript-eslint/no-explicit-any
  416:35  error    Unexpected any. Specify a different type                                                                                                                                                                              @typescript-eslint/no-explicit-any
  422:35  error    Unexpected any. Specify a different type                                                                                                                                                                              @typescript-eslint/no-explicit-any
  431:35  error    Unexpected any. Specify a different type                                                                                                                                                                              @typescript-eslint/no-explicit-any
  437:35  error    Unexpected any. Specify a different type                                                                                                                                                                              @typescript-eslint/no-explicit-any
  446:35  error    Unexpected any. Specify a different type                                                                                                                                                                              @typescript-eslint/no-explicit-any
  452:35  error    Unexpected any. Specify a different type                                                                                                                                                                              @typescript-eslint/no-explicit-any
  461:35  error    Unexpected any. Specify a different type                                                                                                                                                                              @typescript-eslint/no-explicit-any
  467:35  error    Unexpected any. Specify a different type                                                                                                                                                                              @typescript-eslint/no-explicit-any
  476:35  error    Unexpected any. Specify a different type                                                                                                                                                                              @typescript-eslint/no-explicit-any
  482:35  error    Unexpected any. Specify a different type                                                                                                                                                                              @typescript-eslint/no-explicit-any
  491:35  error    Unexpected any. Specify a different type                                                                                                                                                                              @typescript-eslint/no-explicit-any
  497:35  error    Unexpected any. Specify a different type                                                                                                                                                                              @typescript-eslint/no-explicit-any
  506:35  error    Unexpected any. Specify a different type                                                                                                                                                                              @typescript-eslint/no-explicit-any
  512:35  error    Unexpected any. Specify a different type                                                                                                                                                                              @typescript-eslint/no-explicit-any
  526:47  error    Unexpected any. Specify a different type                                                                                                                                                                              @typescript-eslint/no-explicit-any
  559:47  error    Unexpected any. Specify a different type                                                                                                                                                                              @typescript-eslint/no-explicit-any
  600:9   warning  The 'paymentProcesses' logical expression could make the dependencies of useCallback Hook (at line 843) change on every render. To fix this, wrap the initialization of 'paymentProcesses' in its own useMemo() Hook  react-hooks/exhaustive-deps
  600:9   warning  The 'paymentProcesses' logical expression could make the dependencies of useCallback Hook (at line 855) change on every render. To fix this, wrap the initialization of 'paymentProcesses' in its own useMemo() Hook  react-hooks/exhaustive-deps
  600:9   warning  The 'paymentProcesses' logical expression could make the dependencies of useMemo Hook (at line 870) change on every render. To fix this, wrap the initialization of 'paymentProcesses' in its own useMemo() Hook      react-hooks/exhaustive-deps
  600:9   warning  The 'paymentProcesses' logical expression could make the dependencies of useCallback Hook (at line 887) change on every render. To fix this, wrap the initialization of 'paymentProcesses' in its own useMemo() Hook  react-hooks/exhaustive-deps
  600:9   warning  The 'paymentProcesses' logical expression could make the dependencies of useCallback Hook (at line 896) change on every render. To fix this, wrap the initialization of 'paymentProcesses' in its own useMemo() Hook  react-hooks/exhaustive-deps
  600:9   warning  The 'paymentProcesses' logical expression could make the dependencies of useCallback Hook (at line 905) change on every render. To fix this, wrap the initialization of 'paymentProcesses' in its own useMemo() Hook  react-hooks/exhaustive-deps
  649:72  error    Unexpected any. Specify a different type                                                                                                                                                                              @typescript-eslint/no-explicit-any
  795:67  error    Unexpected any. Specify a different type                                                                                                                                                                              @typescript-eslint/no-explicit-any
  810:65  error    Unexpected any. Specify a different type                                                                                                                                                                              @typescript-eslint/no-explicit-any
  824:28  error    Unexpected any. Specify a different type                                                                                                                                                                              @typescript-eslint/no-explicit-any
  891:43  error    Unexpected any. Specify a different type                                                                                                                                                                              @typescript-eslint/no-explicit-any
  900:45  error    Unexpected any. Specify a different type                                                                                                                                                                              @typescript-eslint/no-explicit-any
  909:24  error    Unexpected any. Specify a different type                                                                                                                                                                              @typescript-eslint/no-explicit-any
  958:62  error    Unexpected any. Specify a different type                                                                                                                                                                              @typescript-eslint/no-explicit-any
  985:62  error    Unexpected any. Specify a different type                                                                                                                                                                              @typescript-eslint/no-explicit-any

C:\Users\Admin\Desktop\CogainCore\cogain-core\frontend\bizdoc\src\routes\_app\sale\sq-saleman\-components\sq-print.tsx
   47:9   warning  The 'details' logical expression could make the dependencies of useMemo Hook (at line 53) change on every render. To fix this, wrap the initialization of 'details' in its own useMemo() Hook  react-hooks/exhaustive-deps
   49:36  error    Unexpected any. Specify a different type                                                                                                                                                       @typescript-eslint/no-explicit-any
   51:48  error    Unexpected any. Specify a different type                                                                                                                                                       @typescript-eslint/no-explicit-any
  172:33  error    Unexpected any. Specify a different type                                                                                                                                                       @typescript-eslint/no-explicit-any
  174:66  error    Unexpected any. Specify a different type                                                                                                                                                       @typescript-eslint/no-explicit-any
  356:62  error    Unexpected any. Specify a different type                                                                                                                                                       @typescript-eslint/no-explicit-any
  408:66  error    Unexpected any. Specify a different type                                                                                                                                                       @typescript-eslint/no-explicit-any
  482:50  error    Unexpected any. Specify a different type                                                                                                                                                       @typescript-eslint/no-explicit-any
  594:48  error    Unexpected any. Specify a different type                                                                                                                                                       @typescript-eslint/no-explicit-any
  642:47  error    Unexpected any. Specify a different type                                                                                                                                                       @typescript-eslint/no-explicit-any

C:\Users\Admin\Desktop\CogainCore\cogain-core\frontend\bizdoc\src\routes\_app\sale\sq-saleman\-components\sq-saleman-pdf.tsx
     9:20  error  Unexpected any. Specify a different type  @typescript-eslint/no-explicit-any
    10:17  error  Unexpected any. Specify a different type  @typescript-eslint/no-explicit-any
    11:14  error  Unexpected any. Specify a different type  @typescript-eslint/no-explicit-any
   296:57  error  Unexpected any. Specify a different type  @typescript-eslint/no-explicit-any
   298:46  error  Unexpected any. Specify a different type  @typescript-eslint/no-explicit-any
   739:68  error  Unexpected any. Specify a different type  @typescript-eslint/no-explicit-any
   926:68  error  Unexpected any. Specify a different type  @typescript-eslint/no-explicit-any
  1118:56  error  Unexpected any. Specify a different type  @typescript-eslint/no-explicit-any
  1371:54  error  Unexpected any. Specify a different type  @typescript-eslint/no-explicit-any
  1518:53  error  Unexpected any. Specify a different type  @typescript-eslint/no-explicit-any

C:\Users\Admin\Desktop\CogainCore\cogain-core\frontend\bizdoc\src\routes\_app\sale\sq-saleman\index.tsx
   93:25  error    React Hook "useHasPermission" is called conditionally. React Hooks must be called in the exact same order in every component render  react-hooks/rules-of-hooks
  251:5   warning  React Hook useMemo has a missing dependency: 'navigate'. Either include it or remove the dependency array                            react-hooks/exhaustive-deps
  263:19  error    Unexpected any. Specify a different type                                                                                             @typescript-eslint/no-explicit-any
  274:21  error    Unexpected any. Specify a different type                                                                                             @typescript-eslint/no-explicit-any
  289:21  error    Unexpected any. Specify a different type                                                                                             @typescript-eslint/no-explicit-any
  307:21  error    Unexpected any. Specify a different type                                                                                             @typescript-eslint/no-explicit-any
  325:21  error    Unexpected any. Specify a different type                                                                                             @typescript-eslint/no-explicit-any
  352:21  error    Unexpected any. Specify a different type                                                                                             @typescript-eslint/no-explicit-any
  456:25  error    Unexpected any. Specify a different type                                                                                             @typescript-eslint/no-explicit-any

C:\Users\Admin\Desktop\CogainCore\cogain-core\frontend\bizdoc\src\routes\_app\supply-request\$id\index.tsx
  130:9   warning  The 'uoms' logical expression could make the dependencies of useMemo Hook (at line 234) change on every render. To fix this, wrap the initialization of 'uoms' in its own useMemo() Hook  react-hooks/exhaustive-deps
  153:42  error    Unexpected any. Specify a different type                                                                                                                                                  @typescript-eslint/no-explicit-any
  158:42  error    Unexpected any. Specify a different type                                                                                                                                                  @typescript-eslint/no-explicit-any
  163:42  error    Unexpected any. Specify a different type                                                                                                                                                  @typescript-eslint/no-explicit-any
  388:6   warning  React Hook useMemo has missing dependencies: 'fk.asset.map', 'fk.material.map', and 'fk.service.map'. Either include them or remove the dependency array                                  react-hooks/exhaustive-deps

C:\Users\Admin\Desktop\CogainCore\cogain-core\frontend\bizdoc\src\routes\_app\supply-request\index.tsx
   181:25  error    React Hook "useHasPermission" is called conditionally. React Hooks must be called in the exact same order in every component render                                                       react-hooks/rules-of-hooks
   183:25  error    React Hook "useHasPermission" is called conditionally. React Hooks must be called in the exact same order in every component render                                                       react-hooks/rules-of-hooks
   229:9   warning  The 'uoms' logical expression could make the dependencies of useMemo Hook (at line 326) change on every render. To fix this, wrap the initialization of 'uoms' in its own useMemo() Hook  react-hooks/exhaustive-deps
   346:77  error    Unexpected any. Specify a different type                                                                                                                                                  @typescript-eslint/no-explicit-any
   641:5   warning  React Hook useMemo has missing dependencies: 'departments' and 'navigate'. Either include them or remove the dependency array                                                             react-hooks/exhaustive-deps
   685:87  error    Unexpected any. Specify a different type                                                                                                                                                  @typescript-eslint/no-explicit-any
  1007:40  error    Unexpected any. Specify a different type                                                                                                                                                  @typescript-eslint/no-explicit-any

C:\Users\Admin\Desktop\CogainCore\cogain-core\frontend\bizdoc\src\routes\_app\work-item-approval\-components\work-item-action-buttons.tsx
   39:14  warning  Fast refresh only works when a file only exports components. Use a new file to share constants or functions between components  react-refresh/only-export-components
  145:14  warning  Fast refresh only works when a file only exports components. Use a new file to share constants or functions between components  react-refresh/only-export-components
  229:14  warning  Fast refresh only works when a file only exports components. Use a new file to share constants or functions between components  react-refresh/only-export-components
  249:14  warning  Fast refresh only works when a file only exports components. Use a new file to share constants or functions between components  react-refresh/only-export-components
  264:14  warning  Fast refresh only works when a file only exports components. Use a new file to share constants or functions between components  react-refresh/only-export-components
  272:14  warning  Fast refresh only works when a file only exports components. Use a new file to share constants or functions between components  react-refresh/only-export-components

C:\Users\Admin\Desktop\CogainCore\cogain-core\frontend\bizdoc\src\routes\_app\work-item-approval\-utils\document-change-step.ts
  231:31  error  Unexpected any. Specify a different type  @typescript-eslint/no-explicit-any
  232:31  error  Unexpected any. Specify a different type  @typescript-eslint/no-explicit-any
  266:70  error  Unexpected any. Specify a different type  @typescript-eslint/no-explicit-any
  384:28  error  Unexpected any. Specify a different type  @typescript-eslint/no-explicit-any

C:\Users\Admin\Desktop\CogainCore\cogain-core\frontend\bizdoc\src\routes\_app\work-item-approval\-utils\document-routes.ts
  476:14  error  Unexpected any. Specify a different type  @typescript-eslint/no-explicit-any
  477:14  error  Unexpected any. Specify a different type  @typescript-eslint/no-explicit-any
  479:31  error  Unexpected any. Specify a different type  @typescript-eslint/no-explicit-any

C:\Users\Admin\Desktop\CogainCore\cogain-core\frontend\bizdoc\src\routes\_app\work-item-approval\index.tsx
    80:14   warning  Fast refresh only works when a file only exports components. Use a new file to share constants or functions between components  react-refresh/only-export-components
    84:28   error    Unexpected any. Specify a different type                                                                                        @typescript-eslint/no-explicit-any
   110:30   error    Unexpected any. Specify a different type                                                                                        @typescript-eslint/no-explicit-any
   113:11   error    Unexpected any. Specify a different type                                                                                        @typescript-eslint/no-explicit-any
   177:58   error    Unexpected any. Specify a different type                                                                                        @typescript-eslint/no-explicit-any
   178:36   error    Unexpected any. Specify a different type                                                                                        @typescript-eslint/no-explicit-any
   178:67   error    Unexpected any. Specify a different type                                                                                        @typescript-eslint/no-explicit-any
   238:12   error    Unexpected any. Specify a different type                                                                                        @typescript-eslint/no-explicit-any
   292:12   error    Unexpected any. Specify a different type                                                                                        @typescript-eslint/no-explicit-any
   309:12   error    Unexpected any. Specify a different type                                                                                        @typescript-eslint/no-explicit-any
   326:12   error    Unexpected any. Specify a different type                                                                                        @typescript-eslint/no-explicit-any
   343:12   error    Unexpected any. Specify a different type                                                                                        @typescript-eslint/no-explicit-any
   347:34   error    Unexpected any. Specify a different type                                                                                        @typescript-eslint/no-explicit-any
   361:19   error    Unexpected any. Specify a different type                                                                                        @typescript-eslint/no-explicit-any
   361:60   error    Unexpected any. Specify a different type                                                                                        @typescript-eslint/no-explicit-any
   370:78   error    Unexpected any. Specify a different type                                                                                        @typescript-eslint/no-explicit-any
   433:80   error    Unexpected any. Specify a different type                                                                                        @typescript-eslint/no-explicit-any
   444:49   error    Unexpected any. Specify a different type                                                                                        @typescript-eslint/no-explicit-any
   444:57   error    Unexpected any. Specify a different type                                                                                        @typescript-eslint/no-explicit-any
   457:32   error    Unexpected any. Specify a different type                                                                                        @typescript-eslint/no-explicit-any
   457:62   error    Unexpected any. Specify a different type                                                                                        @typescript-eslint/no-explicit-any
   480:87   error    Unexpected any. Specify a different type                                                                                        @typescript-eslint/no-explicit-any
   528:20   error    Unexpected any. Specify a different type                                                                                        @typescript-eslint/no-explicit-any
   544:70   error    Unexpected any. Specify a different type                                                                                        @typescript-eslint/no-explicit-any
   573:20   error    Unexpected any. Specify a different type                                                                                        @typescript-eslint/no-explicit-any
   598:64   error    Unexpected any. Specify a different type                                                                                        @typescript-eslint/no-explicit-any
   662:27   error    Unexpected any. Specify a different type                                                                                        @typescript-eslint/no-explicit-any
   672:23   error    Unexpected any. Specify a different type                                                                                        @typescript-eslint/no-explicit-any
   698:56   error    Unexpected any. Specify a different type                                                                                        @typescript-eslint/no-explicit-any
   698:96   error    Unexpected any. Specify a different type                                                                                        @typescript-eslint/no-explicit-any
   803:23   error    Unexpected any. Specify a different type                                                                                        @typescript-eslint/no-explicit-any
  1097:62   error    Unexpected any. Specify a different type                                                                                        @typescript-eslint/no-explicit-any
  1097:102  error    Unexpected any. Specify a different type                                                                                        @typescript-eslint/no-explicit-any
  1257:102  error    Unexpected any. Specify a different type                                                                                        @typescript-eslint/no-explicit-any

C:\Users\Admin\Desktop\CogainCore\cogain-core\frontend\bizdoc\src\services\admin\bor-service.ts
  4:45  error  Unexpected any. Specify a different type  @typescript-eslint/no-explicit-any
  4:50  error  Unexpected any. Specify a different type  @typescript-eslint/no-explicit-any

C:\Users\Admin\Desktop\CogainCore\cogain-core\frontend\bizdoc\src\services\admin\employee-annual-leave-service.ts
  9:53  error  Unexpected any. Specify a different type  @typescript-eslint/no-explicit-any

C:\Users\Admin\Desktop\CogainCore\cogain-core\frontend\bizdoc\src\services\admin\leave-carry-forward-service.ts
  9:59  error  Unexpected any. Specify a different type  @typescript-eslint/no-explicit-any

C:\Users\Admin\Desktop\CogainCore\cogain-core\frontend\bizdoc\src\services\admin\operation-specific-mapping-service.ts
  7:66  error  Unexpected any. Specify a different type  @typescript-eslint/no-explicit-any

C:\Users\Admin\Desktop\CogainCore\cogain-core\frontend\bizdoc\src\services\admin\production-damage-service.ts
   8:58  error  Unexpected any. Specify a different type  @typescript-eslint/no-explicit-any
  29:28  error  Unexpected any. Specify a different type  @typescript-eslint/no-explicit-any
  29:56  error  Unexpected any. Specify a different type  @typescript-eslint/no-explicit-any
  30:49  error  Unexpected any. Specify a different type  @typescript-eslint/no-explicit-any
  34:51  error  Unexpected any. Specify a different type  @typescript-eslint/no-explicit-any
  37:49  error  Unexpected any. Specify a different type  @typescript-eslint/no-explicit-any
  42:10  error  Unexpected any. Specify a different type  @typescript-eslint/no-explicit-any

C:\Users\Admin\Desktop\CogainCore\cogain-core\frontend\bizdoc\src\services\admin\production-operation-group-service.ts
  6:39  error  Unexpected any. Specify a different type  @typescript-eslint/no-explicit-any
  6:44  error  Unexpected any. Specify a different type  @typescript-eslint/no-explicit-any

C:\Users\Admin\Desktop\CogainCore\cogain-core\frontend\bizdoc\src\services\admin\production-order-service.ts
  98:79  error  Unexpected any. Specify a different type  @typescript-eslint/no-explicit-any
  99:48  error  Unexpected any. Specify a different type  @typescript-eslint/no-explicit-any

C:\Users\Admin\Desktop\CogainCore\cogain-core\frontend\bizdoc\src\services\admin\production-request-service.ts
  62:10  error  Unexpected any. Specify a different type  @typescript-eslint/no-explicit-any

C:\Users\Admin\Desktop\CogainCore\cogain-core\frontend\bizdoc\src\services\admin\project-product-item-service.ts
  7:60  error  Unexpected any. Specify a different type  @typescript-eslint/no-explicit-any

C:\Users\Admin\Desktop\CogainCore\cogain-core\frontend\bizdoc\src\services\admin\project-service.ts
  55:66  error  Unexpected any. Specify a different type  @typescript-eslint/no-explicit-any

C:\Users\Admin\Desktop\CogainCore\cogain-core\frontend\bizdoc\src\services\admin\raw-mat-bom-service.ts
  4:51  error  Unexpected any. Specify a different type  @typescript-eslint/no-explicit-any
  4:56  error  Unexpected any. Specify a different type  @typescript-eslint/no-explicit-any

C:\Users\Admin\Desktop\CogainCore\cogain-core\frontend\bizdoc\src\services\admin\sale-quotation-request-service.ts
  30:60  error  Unexpected any. Specify a different type  @typescript-eslint/no-explicit-any
  30:88  error  Unexpected any. Specify a different type  @typescript-eslint/no-explicit-any
  32:48  error  Unexpected any. Specify a different type  @typescript-eslint/no-explicit-any
  39:85  error  Unexpected any. Specify a different type  @typescript-eslint/no-explicit-any
  40:50  error  Unexpected any. Specify a different type  @typescript-eslint/no-explicit-any
  51:44  error  Unexpected any. Specify a different type  @typescript-eslint/no-explicit-any
  54:49  error  Unexpected any. Specify a different type  @typescript-eslint/no-explicit-any
  59:10  error  Unexpected any. Specify a different type  @typescript-eslint/no-explicit-any
  63:31  error  Unexpected any. Specify a different type  @typescript-eslint/no-explicit-any

C:\Users\Admin\Desktop\CogainCore\cogain-core\frontend\bizdoc\src\services\admin\sale-quotation-service.ts
  60:44  error  Unexpected any. Specify a different type  @typescript-eslint/no-explicit-any
  63:49  error  Unexpected any. Specify a different type  @typescript-eslint/no-explicit-any
  68:10  error  Unexpected any. Specify a different type  @typescript-eslint/no-explicit-any
  72:31  error  Unexpected any. Specify a different type  @typescript-eslint/no-explicit-any

C:\Users\Admin\Desktop\CogainCore\cogain-core\frontend\bizdoc\src\services\admin\service-group-service.ts
  6:54  error  Unexpected any. Specify a different type  @typescript-eslint/no-explicit-any
  6:59  error  Unexpected any. Specify a different type  @typescript-eslint/no-explicit-any

C:\Users\Admin\Desktop\CogainCore\cogain-core\frontend\bizdoc\src\services\admin\summary-report-service.ts
  11:66  error  Unexpected any. Specify a different type  @typescript-eslint/no-explicit-any

C:\Users\Admin\Desktop\CogainCore\cogain-core\frontend\bizdoc\src\services\app-resource-resolver.ts
  307:43  error  Unexpected any. Specify a different type  @typescript-eslint/no-explicit-any
  362:51  error  Unexpected any. Specify a different type  @typescript-eslint/no-explicit-any
  388:50  error  Unexpected any. Specify a different type  @typescript-eslint/no-explicit-any
  418:51  error  Unexpected any. Specify a different type  @typescript-eslint/no-explicit-any
  420:47  error  Unexpected any. Specify a different type  @typescript-eslint/no-explicit-any
  898:14  error  Unexpected any. Specify a different type  @typescript-eslint/no-explicit-any
  899:14  error  Unexpected any. Specify a different type  @typescript-eslint/no-explicit-any
  901:31  error  Unexpected any. Specify a different type  @typescript-eslint/no-explicit-any
  916:14  error  Unexpected any. Specify a different type  @typescript-eslint/no-explicit-any
  917:31  error  Unexpected any. Specify a different type  @typescript-eslint/no-explicit-any
  918:31  error  Unexpected any. Specify a different type  @typescript-eslint/no-explicit-any
  919:22  error  Unexpected any. Specify a different type  @typescript-eslint/no-explicit-any
  920:22  error  Unexpected any. Specify a different type  @typescript-eslint/no-explicit-any

C:\Users\Admin\Desktop\CogainCore\cogain-core\frontend\bizdoc\src\services\customs-declaration-service.ts
  33:46  error  Unexpected any. Specify a different type  @typescript-eslint/no-explicit-any

C:\Users\Admin\Desktop\CogainCore\cogain-core\frontend\bizdoc\src\services\drawing-service.ts
  23:14  error  Unexpected any. Specify a different type  @typescript-eslint/no-explicit-any
  43:64  error  Unexpected any. Specify a different type  @typescript-eslint/no-explicit-any

C:\Users\Admin\Desktop\CogainCore\cogain-core\frontend\bizdoc\src\services\notification-service.ts
   43:34  error  Unexpected any. Specify a different type  @typescript-eslint/no-explicit-any
   86:34  error  Unexpected any. Specify a different type  @typescript-eslint/no-explicit-any
  106:36  error  Unexpected any. Specify a different type  @typescript-eslint/no-explicit-any

C:\Users\Admin\Desktop\CogainCore\cogain-core\frontend\bizdoc\src\services\packaging-and-warehouse\finished-goods-delivery-packing-service.ts
  28:10  error  Unexpected any. Specify a different type  @typescript-eslint/no-explicit-any

C:\Users\Admin\Desktop\CogainCore\cogain-core\frontend\bizdoc\src\services\packaging-and-warehouse\finished-goods-packing-service.ts
  30:10  error  Unexpected any. Specify a different type  @typescript-eslint/no-explicit-any

C:\Users\Admin\Desktop\CogainCore\cogain-core\frontend\bizdoc\src\types\admin\code-generation-rule.type.ts
  54:3  error  Duplicate enum member value 4  @typescript-eslint/no-duplicate-enum-values

C:\Users\Admin\Desktop\CogainCore\cogain-core\frontend\bizdoc\src\types\admin\currency.type.ts
  11:10  error  Unexpected any. Specify a different type                          @typescript-eslint/no-explicit-any
  16:18  error  An interface declaring no members is equivalent to its supertype  @typescript-eslint/no-empty-object-type

C:\Users\Admin\Desktop\CogainCore\cogain-core\frontend\bizdoc\src\types\admin\design-profile.type.ts
  169:20  error  Unexpected any. Specify a different type  @typescript-eslint/no-explicit-any
  170:16  error  Unexpected any. Specify a different type  @typescript-eslint/no-explicit-any

C:\Users\Admin\Desktop\CogainCore\cogain-core\frontend\bizdoc\src\types\admin\finished-good-model.type.ts
  65:20  error  Unexpected any. Specify a different type  @typescript-eslint/no-explicit-any
  66:28  error  Unexpected any. Specify a different type  @typescript-eslint/no-explicit-any
  67:16  error  Unexpected any. Specify a different type  @typescript-eslint/no-explicit-any
  68:14  error  Unexpected any. Specify a different type  @typescript-eslint/no-explicit-any
  69:14  error  Unexpected any. Specify a different type  @typescript-eslint/no-explicit-any
  90:20  error  Unexpected any. Specify a different type  @typescript-eslint/no-explicit-any
  91:28  error  Unexpected any. Specify a different type  @typescript-eslint/no-explicit-any
  92:14  error  Unexpected any. Specify a different type  @typescript-eslint/no-explicit-any
  93:14  error  Unexpected any. Specify a different type  @typescript-eslint/no-explicit-any
  94:11  error  Unexpected any. Specify a different type  @typescript-eslint/no-explicit-any

C:\Users\Admin\Desktop\CogainCore\cogain-core\frontend\bizdoc\src\types\admin\partner-group.type.ts
  11:39  error  Unexpected any. Specify a different type  @typescript-eslint/no-explicit-any

C:\Users\Admin\Desktop\CogainCore\cogain-core\frontend\bizdoc\src\types\admin\partner-type.type.ts
  10:38  error  Unexpected any. Specify a different type  @typescript-eslint/no-explicit-any

C:\Users\Admin\Desktop\CogainCore\cogain-core\frontend\bizdoc\src\types\admin\project-management.type.ts
   42:30  error  Unexpected any. Specify a different type  @typescript-eslint/no-explicit-any
  100:30  error  Unexpected any. Specify a different type  @typescript-eslint/no-explicit-any

C:\Users\Admin\Desktop\CogainCore\cogain-core\frontend\bizdoc\src\types\admin\semi-finished-good-model.type.ts
  44:28  error  Unexpected any. Specify a different type  @typescript-eslint/no-explicit-any

C:\Users\Admin\Desktop\CogainCore\cogain-core\frontend\bizdoc\src\types\kpi\kpi-evaluation-ticket.type.ts
  11:18  error  Unexpected any. Specify a different type  @typescript-eslint/no-explicit-any

C:\Users\Admin\Desktop\CogainCore\cogain-core\frontend\bizdoc\src\types\servicedesk\goods-issue-receipt-request.type.ts
  69:18  error  Unexpected any. Specify a different type  @typescript-eslint/no-explicit-any

C:\Users\Admin\Desktop\CogainCore\cogain-core\frontend\bizdoc\src\types\servicedesk\goods-issue-receipt.type.ts
  72:18  error  Unexpected any. Specify a different type  @typescript-eslint/no-explicit-any

C:\Users\Admin\Desktop\CogainCore\cogain-core\frontend\bizdoc\src\types\servicedesk\mechanical-packing-list.type.ts
  151:18  error  Unexpected any. Specify a different type  @typescript-eslint/no-explicit-any

C:\Users\Admin\Desktop\CogainCore\cogain-core\frontend\bizdoc\src\types\servicedesk\resignation.type.ts
  87:18  error  Unexpected any. Specify a different type  @typescript-eslint/no-explicit-any

C:\Users\Admin\Desktop\CogainCore\cogain-core\frontend\bizdoc\tailwind.config.ts
  0:0  error  Parsing error: "parserOptions.project" has been provided for @typescript-eslint/parser.
The file was not found in any of the provided project(s): tailwind.config.ts

C:\Users\Admin\Desktop\CogainCore\cogain-core\frontend\bizdoc\vite.config.ts
  0:0  error  Parsing error: "parserOptions.project" has been provided for @typescript-eslint/parser.
The file was not found in any of the provided project(s): vite.config.ts

✖ 2186 problems (1771 errors, 415 warnings)
  7 errors and 1 warning potentially fixable with the `--fix` option.

C:\Users\Admin\Desktop\CogainCore\cogain-core\frontend\bizdoc:
 ERR_PNPM_RECURSIVE_RUN_FIRST_FAIL  @cogain/bizdoc@0.0.0 lint: `eslint .`
Exit status 1
