
> @cogain/bizdoc@0.0.0 build C:\Users\Admin\Desktop\CogainCore\cogain-core\frontend\bizdoc
> cross-env NODE_OPTIONS=--max-old-space-size=4096 tsc -b && vite build

[dotenv@17.3.1] injecting env (8) from .env -- tip: ⚙️  write to custom object with { processEnv: myObject }
Warning: Route file "C:/Users/Admin/Desktop/CogainCore/cogain-core/frontend/bizdoc/src/routes/_app/production-management/types.ts" does not export a Route. This file will not be included in the route tree.

If this file is not intended to be a route, you can exclude it using one of these options:
  1. Rename the file to "C:\Users\Admin\Desktop\CogainCore\cogain-core\frontend\bizdoc\src\routes\_app\production-management\-types.ts" (prefix with "-")
  2. Use 'routeFileIgnorePattern' in your config to match this file

Current configuration:
  routeFileIgnorePrefix: "-"
  routeFileIgnorePattern: undefined
Warning: Route file "C:/Users/Admin/Desktop/CogainCore/cogain-core/frontend/bizdoc/src/routes/_app/labor-order/_components/attachment-section.tsx" does not export a Route. This file will not be included in the route tree.

If this file is not intended to be a route, you can exclude it using one of these options:
  1. Rename the file to "C:\Users\Admin\Desktop\CogainCore\cogain-core\frontend\bizdoc\src\routes\_app\labor-order\_components\-attachment-section.tsx" (prefix with "-")
  2. Use 'routeFileIgnorePattern' in your config to match this file

Current configuration:
  routeFileIgnorePrefix: "-"
  routeFileIgnorePattern: undefined
Warning: Route file "C:/Users/Admin/Desktop/CogainCore/cogain-core/frontend/bizdoc/src/routes/_app/labor-order/_components/labor-order-detail-table.tsx" does not export a Route. This file will not be included in the route tree.

If this file is not intended to be a route, you can exclude it using one of these options:
  1. Rename the file to "C:\Users\Admin\Desktop\CogainCore\cogain-core\frontend\bizdoc\src\routes\_app\labor-order\_components\-labor-order-detail-table.tsx" (prefix with "-")
  2. Use 'routeFileIgnorePattern' in your config to match this file

Current configuration:
  routeFileIgnorePrefix: "-"
  routeFileIgnorePattern: undefined
Warning: Route file "C:/Users/Admin/Desktop/CogainCore/cogain-core/frontend/bizdoc/src/routes/_app/labor-order/_components/labor-order-form.tsx" does not export a Route. This file will not be included in the route tree.

If this file is not intended to be a route, you can exclude it using one of these options:
  1. Rename the file to "C:\Users\Admin\Desktop\CogainCore\cogain-core\frontend\bizdoc\src\routes\_app\labor-order\_components\-labor-order-form.tsx" (prefix with "-")
  2. Use 'routeFileIgnorePattern' in your config to match this file

Current configuration:
  routeFileIgnorePrefix: "-"
  routeFileIgnorePattern: undefined
Warning: Route file "C:/Users/Admin/Desktop/CogainCore/cogain-core/frontend/bizdoc/src/routes/_app/labor-order/_components/labor-order-filter-popover.tsx" does not export a Route. This file will not be included in the route tree.

If this file is not intended to be a route, you can exclude it using one of these options:
  1. Rename the file to "C:\Users\Admin\Desktop\CogainCore\cogain-core\frontend\bizdoc\src\routes\_app\labor-order\_components\-labor-order-filter-popover.tsx" (prefix with "-")
  2. Use 'routeFileIgnorePattern' in your config to match this file

Current configuration:
  routeFileIgnorePrefix: "-"
  routeFileIgnorePattern: undefined
Warning: Route file "C:/Users/Admin/Desktop/CogainCore/cogain-core/frontend/bizdoc/src/routes/_app/labor-order/_hooks/use-labor-order.tsx" does not export a Route. This file will not be included in the route tree.

If this file is not intended to be a route, you can exclude it using one of these options:
  1. Rename the file to "C:\Users\Admin\Desktop\CogainCore\cogain-core\frontend\bizdoc\src\routes\_app\labor-order\_hooks\-use-labor-order.tsx" (prefix with "-")
  2. Use 'routeFileIgnorePattern' in your config to match this file

Current configuration:
  routeFileIgnorePrefix: "-"
  routeFileIgnorePattern: undefined
Warning: Route file "C:/Users/Admin/Desktop/CogainCore/cogain-core/frontend/bizdoc/src/routes/_app/labor-order/_hooks/use-labor-order-detail-filters.ts" does not export a Route. This file will not be included in the route tree.

If this file is not intended to be a route, you can exclude it using one of these options:
  1. Rename the file to "C:\Users\Admin\Desktop\CogainCore\cogain-core\frontend\bizdoc\src\routes\_app\labor-order\_hooks\-use-labor-order-detail-filters.ts" (prefix with "-")
  2. Use 'routeFileIgnorePattern' in your config to match this file

Current configuration:
  routeFileIgnorePrefix: "-"
  routeFileIgnorePattern: undefined
Warning: Route file "C:/Users/Admin/Desktop/CogainCore/cogain-core/frontend/bizdoc/src/routes/_app/labor-order/_components/supervisor-approval-dialog.tsx" does not export a Route. This file will not be included in the route tree.

If this file is not intended to be a route, you can exclude it using one of these options:
  1. Rename the file to "C:\Users\Admin\Desktop\CogainCore\cogain-core\frontend\bizdoc\src\routes\_app\labor-order\_components\-supervisor-approval-dialog.tsx" (prefix with "-")
  2. Use 'routeFileIgnorePattern' in your config to match this file

Current configuration:
  routeFileIgnorePrefix: "-"
  routeFileIgnorePattern: undefined
Warning: Route file "C:/Users/Admin/Desktop/CogainCore/cogain-core/frontend/bizdoc/src/routes/_app/logistic/_shared/tooltip-header-cell.tsx" does not export a Route. This file will not be included in the route tree.

If this file is not intended to be a route, you can exclude it using one of these options:
  1. Rename the file to "C:\Users\Admin\Desktop\CogainCore\cogain-core\frontend\bizdoc\src\routes\_app\logistic\_shared\-tooltip-header-cell.tsx" (prefix with "-")
  2. Use 'routeFileIgnorePattern' in your config to match this file

Current configuration:
  routeFileIgnorePrefix: "-"
  routeFileIgnorePattern: undefined
Warning: Route file "C:/Users/Admin/Desktop/CogainCore/cogain-core/frontend/bizdoc/src/routes/_app/logistic/_shared/detail-filter-toolbar.tsx" does not export a Route. This file will not be included in the route tree.

If this file is not intended to be a route, you can exclude it using one of these options:
  1. Rename the file to "C:\Users\Admin\Desktop\CogainCore\cogain-core\frontend\bizdoc\src\routes\_app\logistic\_shared\-detail-filter-toolbar.tsx" (prefix with "-")
  2. Use 'routeFileIgnorePattern' in your config to match this file

Current configuration:
  routeFileIgnorePrefix: "-"
  routeFileIgnorePattern: undefined
Warning: Route file "C:/Users/Admin/Desktop/CogainCore/cogain-core/frontend/bizdoc/src/routes/_app/logistic/_shared/package-pagination.tsx" does not export a Route. This file will not be included in the route tree.

If this file is not intended to be a route, you can exclude it using one of these options:
  1. Rename the file to "C:\Users\Admin\Desktop\CogainCore\cogain-core\frontend\bizdoc\src\routes\_app\logistic\_shared\-package-pagination.tsx" (prefix with "-")
  2. Use 'routeFileIgnorePattern' in your config to match this file

Current configuration:
  routeFileIgnorePrefix: "-"
  routeFileIgnorePattern: undefined
Warning: Route file "C:/Users/Admin/Desktop/CogainCore/cogain-core/frontend/bizdoc/src/routes/_app/admin/business-process-group/_hooks/use-business-process-group.tsx" does not export a Route. This file will not be included in the route tree.

If this file is not intended to be a route, you can exclude it using one of these options:
  1. Rename the file to "C:\Users\Admin\Desktop\CogainCore\cogain-core\frontend\bizdoc\src\routes\_app\admin\business-process-group\_hooks\-use-business-process-group.tsx" (prefix with "-")
  2. Use 'routeFileIgnorePattern' in your config to match this file

Current configuration:
  routeFileIgnorePrefix: "-"
  routeFileIgnorePattern: undefined
Warning: Route file "C:/Users/Admin/Desktop/CogainCore/cogain-core/frontend/bizdoc/src/routes/_app/admin/business-process-type/_hooks/use-business-process-type.tsx" does not export a Route. This file will not be included in the route tree.

If this file is not intended to be a route, you can exclude it using one of these options:
  1. Rename the file to "C:\Users\Admin\Desktop\CogainCore\cogain-core\frontend\bizdoc\src\routes\_app\admin\business-process-type\_hooks\-use-business-process-type.tsx" (prefix with "-")
  2. Use 'routeFileIgnorePattern' in your config to match this file

Current configuration:
  routeFileIgnorePrefix: "-"
  routeFileIgnorePattern: undefined
Warning: Route file "C:/Users/Admin/Desktop/CogainCore/cogain-core/frontend/bizdoc/src/routes/_app/admin/business-process/_hooks/use-business-process.tsx" does not export a Route. This file will not be included in the route tree.

If this file is not intended to be a route, you can exclude it using one of these options:
  1. Rename the file to "C:\Users\Admin\Desktop\CogainCore\cogain-core\frontend\bizdoc\src\routes\_app\admin\business-process\_hooks\-use-business-process.tsx" (prefix with "-")
  2. Use 'routeFileIgnorePattern' in your config to match this file

Current configuration:
  routeFileIgnorePrefix: "-"
  routeFileIgnorePattern: undefined
Warning: Route file "C:/Users/Admin/Desktop/CogainCore/cogain-core/frontend/bizdoc/src/routes/_app/admin/acceptance-minute-access/_hooks/use-acceptance-minute-access.tsx" does not export a Route. This file will not be included in the route tree.

If this file is not intended to be a route, you can exclude it using one of these options:
  1. Rename the file to "C:\Users\Admin\Desktop\CogainCore\cogain-core\frontend\bizdoc\src\routes\_app\admin\acceptance-minute-access\_hooks\-use-acceptance-minute-access.tsx" (prefix with "-")
  2. Use 'routeFileIgnorePattern' in your config to match this file

Current configuration:
  routeFileIgnorePrefix: "-"
  routeFileIgnorePattern: undefined
Warning: Route file "C:/Users/Admin/Desktop/CogainCore/cogain-core/frontend/bizdoc/src/routes/_app/admin/acceptance-minute-access/_components/acceptance-minute-access-form.tsx" does not export a Route. This file will not be included in the route tree.

If this file is not intended to be a route, you can exclude it using one of these options:
  1. Rename the file to "C:\Users\Admin\Desktop\CogainCore\cogain-core\frontend\bizdoc\src\routes\_app\admin\acceptance-minute-access\_components\-acceptance-minute-access-form.tsx" (prefix with "-")
  2. Use 'routeFileIgnorePattern' in your config to match this file

Current configuration:
  routeFileIgnorePrefix: "-"
  routeFileIgnorePattern: undefined
Warning: Route file "C:/Users/Admin/Desktop/CogainCore/cogain-core/frontend/bizdoc/src/routes/_app/admin/code-generation-rule/_components/code-generation-rule-form.tsx" does not export a Route. This file will not be included in the route tree.

If this file is not intended to be a route, you can exclude it using one of these options:
  1. Rename the file to "C:\Users\Admin\Desktop\CogainCore\cogain-core\frontend\bizdoc\src\routes\_app\admin\code-generation-rule\_components\-code-generation-rule-form.tsx" (prefix with "-")
  2. Use 'routeFileIgnorePattern' in your config to match this file

Current configuration:
  routeFileIgnorePrefix: "-"
  routeFileIgnorePattern: undefined
Warning: Route file "C:/Users/Admin/Desktop/CogainCore/cogain-core/frontend/bizdoc/src/routes/_app/admin/goods-transaction-purpose/_hooks/use-goods-transaction-purpose.tsx" does not export a Route. This file will not be included in the route tree.

If this file is not intended to be a route, you can exclude it using one of these options:
  1. Rename the file to "C:\Users\Admin\Desktop\CogainCore\cogain-core\frontend\bizdoc\src\routes\_app\admin\goods-transaction-purpose\_hooks\-use-goods-transaction-purpose.tsx" (prefix with "-")
  2. Use 'routeFileIgnorePattern' in your config to match this file

Current configuration:
  routeFileIgnorePrefix: "-"
  routeFileIgnorePattern: undefined
Warning: Route file "C:/Users/Admin/Desktop/CogainCore/cogain-core/frontend/bizdoc/src/routes/_app/admin/day-session/_hooks/use-day-session.tsx" does not export a Route. This file will not be included in the route tree.

If this file is not intended to be a route, you can exclude it using one of these options:
  1. Rename the file to "C:\Users\Admin\Desktop\CogainCore\cogain-core\frontend\bizdoc\src\routes\_app\admin\day-session\_hooks\-use-day-session.tsx" (prefix with "-")
  2. Use 'routeFileIgnorePattern' in your config to match this file

Current configuration:
  routeFileIgnorePrefix: "-"
  routeFileIgnorePattern: undefined
Warning: Route file "C:/Users/Admin/Desktop/CogainCore/cogain-core/frontend/bizdoc/src/routes/_app/admin/code-generation-rule/_hooks/use-code-generation-rule.tsx" does not export a Route. This file will not be included in the route tree.

If this file is not intended to be a route, you can exclude it using one of these options:
  1. Rename the file to "C:\Users\Admin\Desktop\CogainCore\cogain-core\frontend\bizdoc\src\routes\_app\admin\code-generation-rule\_hooks\-use-code-generation-rule.tsx" (prefix with "-")
  2. Use 'routeFileIgnorePattern' in your config to match this file

Current configuration:
  routeFileIgnorePrefix: "-"
  routeFileIgnorePattern: undefined
Warning: Route file "C:/Users/Admin/Desktop/CogainCore/cogain-core/frontend/bizdoc/src/routes/_app/admin/kpi-template/_hooks/use-kpi-template.tsx" does not export a Route. This file will not be included in the route tree.

If this file is not intended to be a route, you can exclude it using one of these options:
  1. Rename the file to "C:\Users\Admin\Desktop\CogainCore\cogain-core\frontend\bizdoc\src\routes\_app\admin\kpi-template\_hooks\-use-kpi-template.tsx" (prefix with "-")
  2. Use 'routeFileIgnorePattern' in your config to match this file

Current configuration:
  routeFileIgnorePrefix: "-"
  routeFileIgnorePattern: undefined
Warning: Route file "C:/Users/Admin/Desktop/CogainCore/cogain-core/frontend/bizdoc/src/routes/_app/admin/packing-codes/_components/packing-codes-form.tsx" does not export a Route. This file will not be included in the route tree.

If this file is not intended to be a route, you can exclude it using one of these options:
  1. Rename the file to "C:\Users\Admin\Desktop\CogainCore\cogain-core\frontend\bizdoc\src\routes\_app\admin\packing-codes\_components\-packing-codes-form.tsx" (prefix with "-")
  2. Use 'routeFileIgnorePattern' in your config to match this file

Current configuration:
  routeFileIgnorePrefix: "-"
  routeFileIgnorePattern: undefined
Warning: Route file "C:/Users/Admin/Desktop/CogainCore/cogain-core/frontend/bizdoc/src/routes/_app/admin/kpi-template/_components/kpi-template-form.tsx" does not export a Route. This file will not be included in the route tree.

If this file is not intended to be a route, you can exclude it using one of these options:
  1. Rename the file to "C:\Users\Admin\Desktop\CogainCore\cogain-core\frontend\bizdoc\src\routes\_app\admin\kpi-template\_components\-kpi-template-form.tsx" (prefix with "-")
  2. Use 'routeFileIgnorePattern' in your config to match this file

Current configuration:
  routeFileIgnorePrefix: "-"
  routeFileIgnorePattern: undefined
Warning: Route file "C:/Users/Admin/Desktop/CogainCore/cogain-core/frontend/bizdoc/src/routes/_app/admin/packing-codes/_hooks/use-packing-codes.tsx" does not export a Route. This file will not be included in the route tree.

If this file is not intended to be a route, you can exclude it using one of these options:
  1. Rename the file to "C:\Users\Admin\Desktop\CogainCore\cogain-core\frontend\bizdoc\src\routes\_app\admin\packing-codes\_hooks\-use-packing-codes.tsx" (prefix with "-")
  2. Use 'routeFileIgnorePattern' in your config to match this file

Current configuration:
  routeFileIgnorePrefix: "-"
  routeFileIgnorePattern: undefined
Warning: Route file "C:/Users/Admin/Desktop/CogainCore/cogain-core/frontend/bizdoc/src/routes/_app/admin/kpi-template/_components/kpi-template-table-view.tsx" does not export a Route. This file will not be included in the route tree.

If this file is not intended to be a route, you can exclude it using one of these options:
  1. Rename the file to "C:\Users\Admin\Desktop\CogainCore\cogain-core\frontend\bizdoc\src\routes\_app\admin\kpi-template\_components\-kpi-template-table-view.tsx" (prefix with "-")
  2. Use 'routeFileIgnorePattern' in your config to match this file

Current configuration:
  routeFileIgnorePrefix: "-"
  routeFileIgnorePattern: undefined
Warning: Route file "C:/Users/Admin/Desktop/CogainCore/cogain-core/frontend/bizdoc/src/routes/_app/admin/production-line/_hooks/use-production-line.tsx" does not export a Route. This file will not be included in the route tree.

If this file is not intended to be a route, you can exclude it using one of these options:
  1. Rename the file to "C:\Users\Admin\Desktop\CogainCore\cogain-core\frontend\bizdoc\src\routes\_app\admin\production-line\_hooks\-use-production-line.tsx" (prefix with "-")
  2. Use 'routeFileIgnorePattern' in your config to match this file

Current configuration:
  routeFileIgnorePrefix: "-"
  routeFileIgnorePattern: undefined
Warning: Route file "C:/Users/Admin/Desktop/CogainCore/cogain-core/frontend/bizdoc/src/routes/_app/admin/production-cost/_hooks/use-production-cost.tsx" does not export a Route. This file will not be included in the route tree.

If this file is not intended to be a route, you can exclude it using one of these options:
  1. Rename the file to "C:\Users\Admin\Desktop\CogainCore\cogain-core\frontend\bizdoc\src\routes\_app\admin\production-cost\_hooks\-use-production-cost.tsx" (prefix with "-")
  2. Use 'routeFileIgnorePattern' in your config to match this file

Current configuration:
  routeFileIgnorePrefix: "-"
  routeFileIgnorePattern: undefined
Warning: Route file "C:/Users/Admin/Desktop/CogainCore/cogain-core/frontend/bizdoc/src/routes/_app/admin/production-operation/_hooks/use-production-operation.tsx" does not export a Route. This file will not be included in the route tree.

If this file is not intended to be a route, you can exclude it using one of these options:
  1. Rename the file to "C:\Users\Admin\Desktop\CogainCore\cogain-core\frontend\bizdoc\src\routes\_app\admin\production-operation\_hooks\-use-production-operation.tsx" (prefix with "-")
  2. Use 'routeFileIgnorePattern' in your config to match this file

Current configuration:
  routeFileIgnorePrefix: "-"
  routeFileIgnorePattern: undefined
Warning: Route file "C:/Users/Admin/Desktop/CogainCore/cogain-core/frontend/bizdoc/src/routes/_app/admin/production-standard/_components/production-standard-form.tsx" does not export a Route. This file will not be included in the route tree.

If this file is not intended to be a route, you can exclude it using one of these options:
  1. Rename the file to "C:\Users\Admin\Desktop\CogainCore\cogain-core\frontend\bizdoc\src\routes\_app\admin\production-standard\_components\-production-standard-form.tsx" (prefix with "-")
  2. Use 'routeFileIgnorePattern' in your config to match this file

Current configuration:
  routeFileIgnorePrefix: "-"
  routeFileIgnorePattern: undefined
Warning: Route file "C:/Users/Admin/Desktop/CogainCore/cogain-core/frontend/bizdoc/src/routes/_app/admin/production-operation/_components/production-operation-form.tsx" does not export a Route. This file will not be included in the route tree.

If this file is not intended to be a route, you can exclude it using one of these options:
  1. Rename the file to "C:\Users\Admin\Desktop\CogainCore\cogain-core\frontend\bizdoc\src\routes\_app\admin\production-operation\_components\-production-operation-form.tsx" (prefix with "-")
  2. Use 'routeFileIgnorePattern' in your config to match this file

Current configuration:
  routeFileIgnorePrefix: "-"
  routeFileIgnorePattern: undefined
Warning: Route file "C:/Users/Admin/Desktop/CogainCore/cogain-core/frontend/bizdoc/src/routes/_app/admin/production-team-evaluation/_components/production-team-evaluation-form.tsx" does not export a Route. This file will not be included in the route tree.

If this file is not intended to be a route, you can exclude it using one of these options:
  1. Rename the file to "C:\Users\Admin\Desktop\CogainCore\cogain-core\frontend\bizdoc\src\routes\_app\admin\production-team-evaluation\_components\-production-team-evaluation-form.tsx" (prefix with "-")
  2. Use 'routeFileIgnorePattern' in your config to match this file

Current configuration:
  routeFileIgnorePrefix: "-"
  routeFileIgnorePattern: undefined
Warning: Route file "C:/Users/Admin/Desktop/CogainCore/cogain-core/frontend/bizdoc/src/routes/_app/admin/production-standard/_hooks/use-production-standard.tsx" does not export a Route. This file will not be included in the route tree.

If this file is not intended to be a route, you can exclude it using one of these options:
  1. Rename the file to "C:\Users\Admin\Desktop\CogainCore\cogain-core\frontend\bizdoc\src\routes\_app\admin\production-standard\_hooks\-use-production-standard.tsx" (prefix with "-")
  2. Use 'routeFileIgnorePattern' in your config to match this file

Current configuration:
  routeFileIgnorePrefix: "-"
  routeFileIgnorePattern: undefined
Warning: Route file "C:/Users/Admin/Desktop/CogainCore/cogain-core/frontend/bizdoc/src/routes/_app/admin/production-team-evaluation/_hooks/use-production-team-evaluation.tsx" does not export a Route. This file will not be included in the route tree.

If this file is not intended to be a route, you can exclude it using one of these options:
  1. Rename the file to "C:\Users\Admin\Desktop\CogainCore\cogain-core\frontend\bizdoc\src\routes\_app\admin\production-team-evaluation\_hooks\-use-production-team-evaluation.tsx" (prefix with "-")
  2. Use 'routeFileIgnorePattern' in your config to match this file

Current configuration:
  routeFileIgnorePrefix: "-"
  routeFileIgnorePattern: undefined
Warning: Route file "C:/Users/Admin/Desktop/CogainCore/cogain-core/frontend/bizdoc/src/routes/_app/admin/production-team-access/_components/production-unit-viewer.tsx" does not export a Route. This file will not be included in the route tree.

If this file is not intended to be a route, you can exclude it using one of these options:
  1. Rename the file to "C:\Users\Admin\Desktop\CogainCore\cogain-core\frontend\bizdoc\src\routes\_app\admin\production-team-access\_components\-production-unit-viewer.tsx" (prefix with "-")
  2. Use 'routeFileIgnorePattern' in your config to match this file

Current configuration:
  routeFileIgnorePrefix: "-"
  routeFileIgnorePattern: undefined
Warning: Route file "C:/Users/Admin/Desktop/CogainCore/cogain-core/frontend/bizdoc/src/routes/_app/admin/production-team-access/_hooks/use-production-team-access.tsx" does not export a Route. This file will not be included in the route tree.

If this file is not intended to be a route, you can exclude it using one of these options:
  1. Rename the file to "C:\Users\Admin\Desktop\CogainCore\cogain-core\frontend\bizdoc\src\routes\_app\admin\production-team-access\_hooks\-use-production-team-access.tsx" (prefix with "-")
  2. Use 'routeFileIgnorePattern' in your config to match this file

Current configuration:
  routeFileIgnorePrefix: "-"
  routeFileIgnorePattern: undefined
Warning: Route file "C:/Users/Admin/Desktop/CogainCore/cogain-core/frontend/bizdoc/src/routes/_app/admin/production-unit/_hooks/use-production-unit.tsx" does not export a Route. This file will not be included in the route tree.

If this file is not intended to be a route, you can exclude it using one of these options:
  1. Rename the file to "C:\Users\Admin\Desktop\CogainCore\cogain-core\frontend\bizdoc\src\routes\_app\admin\production-unit\_hooks\-use-production-unit.tsx" (prefix with "-")
  2. Use 'routeFileIgnorePattern' in your config to match this file

Current configuration:
  routeFileIgnorePrefix: "-"
  routeFileIgnorePattern: undefined
Warning: Route file "C:/Users/Admin/Desktop/CogainCore/cogain-core/frontend/bizdoc/src/routes/_app/admin/leave-type/_hooks/use-leave-type.tsx" does not export a Route. This file will not be included in the route tree.

If this file is not intended to be a route, you can exclude it using one of these options:
  1. Rename the file to "C:\Users\Admin\Desktop\CogainCore\cogain-core\frontend\bizdoc\src\routes\_app\admin\leave-type\_hooks\-use-leave-type.tsx" (prefix with "-")
  2. Use 'routeFileIgnorePattern' in your config to match this file

Current configuration:
  routeFileIgnorePrefix: "-"
  routeFileIgnorePattern: undefined
Warning: Route file "C:/Users/Admin/Desktop/CogainCore/cogain-core/frontend/bizdoc/src/routes/_app/admin/work-item-process/_components/step-action-list.tsx" does not export a Route. This file will not be included in the route tree.

If this file is not intended to be a route, you can exclude it using one of these options:
  1. Rename the file to "C:\Users\Admin\Desktop\CogainCore\cogain-core\frontend\bizdoc\src\routes\_app\admin\work-item-process\_components\-step-action-list.tsx" (prefix with "-")
  2. Use 'routeFileIgnorePattern' in your config to match this file

Current configuration:
  routeFileIgnorePrefix: "-"
  routeFileIgnorePattern: undefined
Warning: Route file "C:/Users/Admin/Desktop/CogainCore/cogain-core/frontend/bizdoc/src/routes/_app/admin/work-item-process/_components/step-list.tsx" does not export a Route. This file will not be included in the route tree.

If this file is not intended to be a route, you can exclude it using one of these options:
  1. Rename the file to "C:\Users\Admin\Desktop\CogainCore\cogain-core\frontend\bizdoc\src\routes\_app\admin\work-item-process\_components\-step-list.tsx" (prefix with "-")
  2. Use 'routeFileIgnorePattern' in your config to match this file

Current configuration:
  routeFileIgnorePrefix: "-"
  routeFileIgnorePattern: undefined
Warning: Route file "C:/Users/Admin/Desktop/CogainCore/cogain-core/frontend/bizdoc/src/routes/_app/admin/work-item-process/_hooks/use-work-item-process.tsx" does not export a Route. This file will not be included in the route tree.

If this file is not intended to be a route, you can exclude it using one of these options:
  1. Rename the file to "C:\Users\Admin\Desktop\CogainCore\cogain-core\frontend\bizdoc\src\routes\_app\admin\work-item-process\_hooks\-use-work-item-process.tsx" (prefix with "-")
  2. Use 'routeFileIgnorePattern' in your config to match this file

Current configuration:
  routeFileIgnorePrefix: "-"
  routeFileIgnorePattern: undefined
Warning: Route file "C:/Users/Admin/Desktop/CogainCore/cogain-core/frontend/bizdoc/src/routes/_app/admin/work-item-process/_components/step-section.tsx" does not export a Route. This file will not be included in the route tree.

If this file is not intended to be a route, you can exclude it using one of these options:
  1. Rename the file to "C:\Users\Admin\Desktop\CogainCore\cogain-core\frontend\bizdoc\src\routes\_app\admin\work-item-process\_components\-step-section.tsx" (prefix with "-")
  2. Use 'routeFileIgnorePattern' in your config to match this file

Current configuration:
  routeFileIgnorePrefix: "-"
  routeFileIgnorePattern: undefined
Warning: Route file "C:/Users/Admin/Desktop/CogainCore/cogain-core/frontend/bizdoc/src/routes/_app/admin/work-item-process/_components/step-detail.tsx" does not export a Route. This file will not be included in the route tree.

If this file is not intended to be a route, you can exclude it using one of these options:
  1. Rename the file to "C:\Users\Admin\Desktop\CogainCore\cogain-core\frontend\bizdoc\src\routes\_app\admin\work-item-process\_components\-step-detail.tsx" (prefix with "-")
  2. Use 'routeFileIgnorePattern' in your config to match this file

Current configuration:
  routeFileIgnorePrefix: "-"
  routeFileIgnorePattern: undefined
Warning: Route file "C:/Users/Admin/Desktop/CogainCore/cogain-core/frontend/bizdoc/src/routes/_app/admin/work-item-process/_components/step-preview.tsx" does not export a Route. This file will not be included in the route tree.

If this file is not intended to be a route, you can exclude it using one of these options:
  1. Rename the file to "C:\Users\Admin\Desktop\CogainCore\cogain-core\frontend\bizdoc\src\routes\_app\admin\work-item-process\_components\-step-preview.tsx" (prefix with "-")
  2. Use 'routeFileIgnorePattern' in your config to match this file

Current configuration:
  routeFileIgnorePrefix: "-"
  routeFileIgnorePattern: undefined
Warning: Route file "C:/Users/Admin/Desktop/CogainCore/cogain-core/frontend/bizdoc/src/routes/_app/admin/work-item-process/_components/work-item-process-form.tsx" does not export a Route. This file will not be included in the route tree.

If this file is not intended to be a route, you can exclude it using one of these options:
  1. Rename the file to "C:\Users\Admin\Desktop\CogainCore\cogain-core\frontend\bizdoc\src\routes\_app\admin\work-item-process\_components\-work-item-process-form.tsx" (prefix with "-")
  2. Use 'routeFileIgnorePattern' in your config to match this file

Current configuration:
  routeFileIgnorePrefix: "-"
  routeFileIgnorePattern: undefined
Warning: Route file "C:/Users/Admin/Desktop/CogainCore/cogain-core/frontend/bizdoc/src/routes/_app/attendance/leave-ticket/_components/leave-balance-card.tsx" does not export a Route. This file will not be included in the route tree.

If this file is not intended to be a route, you can exclude it using one of these options:
  1. Rename the file to "C:\Users\Admin\Desktop\CogainCore\cogain-core\frontend\bizdoc\src\routes\_app\attendance\leave-ticket\_components\-leave-balance-card.tsx" (prefix with "-")
  2. Use 'routeFileIgnorePattern' in your config to match this file

Current configuration:
  routeFileIgnorePrefix: "-"
  routeFileIgnorePattern: undefined
Warning: Route file "C:/Users/Admin/Desktop/CogainCore/cogain-core/frontend/bizdoc/src/routes/_app/attendance/leave-ticket/_components/leave-calendar.tsx" does not export a Route. This file will not be included in the route tree.

If this file is not intended to be a route, you can exclude it using one of these options:
  1. Rename the file to "C:\Users\Admin\Desktop\CogainCore\cogain-core\frontend\bizdoc\src\routes\_app\attendance\leave-ticket\_components\-leave-calendar.tsx" (prefix with "-")
  2. Use 'routeFileIgnorePattern' in your config to match this file

Current configuration:
  routeFileIgnorePrefix: "-"
  routeFileIgnorePattern: undefined
Warning: Route file "C:/Users/Admin/Desktop/CogainCore/cogain-core/frontend/bizdoc/src/routes/_app/attendance/leave-ticket/_components/leave-ticket-form.tsx" does not export a Route. This file will not be included in the route tree.

If this file is not intended to be a route, you can exclude it using one of these options:
  1. Rename the file to "C:\Users\Admin\Desktop\CogainCore\cogain-core\frontend\bizdoc\src\routes\_app\attendance\leave-ticket\_components\-leave-ticket-form.tsx" (prefix with "-")
  2. Use 'routeFileIgnorePattern' in your config to match this file

Current configuration:
  routeFileIgnorePrefix: "-"
  routeFileIgnorePattern: undefined
Warning: Route file "C:/Users/Admin/Desktop/CogainCore/cogain-core/frontend/bizdoc/src/routes/_app/attendance/leave-ticket/_components/leave-ticket-detail-table.tsx" does not export a Route. This file will not be included in the route tree.

If this file is not intended to be a route, you can exclude it using one of these options:
  1. Rename the file to "C:\Users\Admin\Desktop\CogainCore\cogain-core\frontend\bizdoc\src\routes\_app\attendance\leave-ticket\_components\-leave-ticket-detail-table.tsx" (prefix with "-")
  2. Use 'routeFileIgnorePattern' in your config to match this file

Current configuration:
  routeFileIgnorePrefix: "-"
  routeFileIgnorePattern: undefined
Warning: Route file "C:/Users/Admin/Desktop/CogainCore/cogain-core/frontend/bizdoc/src/routes/_app/attendance/leave-ticket/_components/leave-ticket-list.tsx" does not export a Route. This file will not be included in the route tree.

If this file is not intended to be a route, you can exclude it using one of these options:
  1. Rename the file to "C:\Users\Admin\Desktop\CogainCore\cogain-core\frontend\bizdoc\src\routes\_app\attendance\leave-ticket\_components\-leave-ticket-list.tsx" (prefix with "-")
  2. Use 'routeFileIgnorePattern' in your config to match this file

Current configuration:
  routeFileIgnorePrefix: "-"
  routeFileIgnorePattern: undefined
Warning: Route file "C:/Users/Admin/Desktop/CogainCore/cogain-core/frontend/bizdoc/src/routes/_app/attendance/leave-ticket/_components/stat-card.tsx" does not export a Route. This file will not be included in the route tree.

If this file is not intended to be a route, you can exclude it using one of these options:
  1. Rename the file to "C:\Users\Admin\Desktop\CogainCore\cogain-core\frontend\bizdoc\src\routes\_app\attendance\leave-ticket\_components\-stat-card.tsx" (prefix with "-")
  2. Use 'routeFileIgnorePattern' in your config to match this file

Current configuration:
  routeFileIgnorePrefix: "-"
  routeFileIgnorePattern: undefined
Warning: Route file "C:/Users/Admin/Desktop/CogainCore/cogain-core/frontend/bizdoc/src/routes/_app/attendance/leave-ticket/_components/attachment-section.tsx" does not export a Route. This file will not be included in the route tree.

If this file is not intended to be a route, you can exclude it using one of these options:
  1. Rename the file to "C:\Users\Admin\Desktop\CogainCore\cogain-core\frontend\bizdoc\src\routes\_app\attendance\leave-ticket\_components\-attachment-section.tsx" (prefix with "-")
  2. Use 'routeFileIgnorePattern' in your config to match this file

Current configuration:
  routeFileIgnorePrefix: "-"
  routeFileIgnorePattern: undefined
Warning: Route file "C:/Users/Admin/Desktop/CogainCore/cogain-core/frontend/bizdoc/src/routes/_app/attendance/leave-ticket/_hooks/use-annual-leave.ts" does not export a Route. This file will not be included in the route tree.

If this file is not intended to be a route, you can exclude it using one of these options:
  1. Rename the file to "C:\Users\Admin\Desktop\CogainCore\cogain-core\frontend\bizdoc\src\routes\_app\attendance\leave-ticket\_hooks\-use-annual-leave.ts" (prefix with "-")
  2. Use 'routeFileIgnorePattern' in your config to match this file

Current configuration:
  routeFileIgnorePrefix: "-"
  routeFileIgnorePattern: undefined
Warning: Route file "C:/Users/Admin/Desktop/CogainCore/cogain-core/frontend/bizdoc/src/routes/_app/attendance/leave-ticket/_hooks/use-leave-ticket.tsx" does not export a Route. This file will not be included in the route tree.

If this file is not intended to be a route, you can exclude it using one of these options:
  1. Rename the file to "C:\Users\Admin\Desktop\CogainCore\cogain-core\frontend\bizdoc\src\routes\_app\attendance\leave-ticket\_hooks\-use-leave-ticket.tsx" (prefix with "-")
  2. Use 'routeFileIgnorePattern' in your config to match this file

Current configuration:
  routeFileIgnorePrefix: "-"
  routeFileIgnorePattern: undefined
Warning: Route file "C:/Users/Admin/Desktop/CogainCore/cogain-core/frontend/bizdoc/src/routes/_app/business-document/payment-request/_hooks/use-payment-request.tsx" does not export a Route. This file will not be included in the route tree.

If this file is not intended to be a route, you can exclude it using one of these options:
  1. Rename the file to "C:\Users\Admin\Desktop\CogainCore\cogain-core\frontend\bizdoc\src\routes\_app\business-document\payment-request\_hooks\-use-payment-request.tsx" (prefix with "-")
  2. Use 'routeFileIgnorePattern' in your config to match this file

Current configuration:
  routeFileIgnorePrefix: "-"
  routeFileIgnorePattern: undefined
Warning: Route file "C:/Users/Admin/Desktop/CogainCore/cogain-core/frontend/bizdoc/src/routes/_app/business-document/payment-request/_components/payment-request-form.tsx" does not export a Route. This file will not be included in the route tree.

If this file is not intended to be a route, you can exclude it using one of these options:
  1. Rename the file to "C:\Users\Admin\Desktop\CogainCore\cogain-core\frontend\bizdoc\src\routes\_app\business-document\payment-request\_components\-payment-request-form.tsx" (prefix with "-")
  2. Use 'routeFileIgnorePattern' in your config to match this file

Current configuration:
  routeFileIgnorePrefix: "-"
  routeFileIgnorePattern: undefined
Warning: Route file "C:/Users/Admin/Desktop/CogainCore/cogain-core/frontend/bizdoc/src/routes/_app/business-document/receipt-request/_hooks/use-receipt-request.tsx" does not export a Route. This file will not be included in the route tree.

If this file is not intended to be a route, you can exclude it using one of these options:
  1. Rename the file to "C:\Users\Admin\Desktop\CogainCore\cogain-core\frontend\bizdoc\src\routes\_app\business-document\receipt-request\_hooks\-use-receipt-request.tsx" (prefix with "-")
  2. Use 'routeFileIgnorePattern' in your config to match this file

Current configuration:
  routeFileIgnorePrefix: "-"
  routeFileIgnorePattern: undefined
Warning: Route file "C:/Users/Admin/Desktop/CogainCore/cogain-core/frontend/bizdoc/src/routes/_app/business-document/payment-voucher/_components/payment-voucher-form.tsx" does not export a Route. This file will not be included in the route tree.

If this file is not intended to be a route, you can exclude it using one of these options:
  1. Rename the file to "C:\Users\Admin\Desktop\CogainCore\cogain-core\frontend\bizdoc\src\routes\_app\business-document\payment-voucher\_components\-payment-voucher-form.tsx" (prefix with "-")
  2. Use 'routeFileIgnorePattern' in your config to match this file

Current configuration:
  routeFileIgnorePrefix: "-"
  routeFileIgnorePattern: undefined
Warning: Route file "C:/Users/Admin/Desktop/CogainCore/cogain-core/frontend/bizdoc/src/routes/_app/business-document/receipt-request/_components/receipt-request-form.tsx" does not export a Route. This file will not be included in the route tree.

If this file is not intended to be a route, you can exclude it using one of these options:
  1. Rename the file to "C:\Users\Admin\Desktop\CogainCore\cogain-core\frontend\bizdoc\src\routes\_app\business-document\receipt-request\_components\-receipt-request-form.tsx" (prefix with "-")
  2. Use 'routeFileIgnorePattern' in your config to match this file

Current configuration:
  routeFileIgnorePrefix: "-"
  routeFileIgnorePattern: undefined
Warning: Route file "C:/Users/Admin/Desktop/CogainCore/cogain-core/frontend/bizdoc/src/routes/_app/business-document/payment-voucher/_hooks/use-payment-voucher.tsx" does not export a Route. This file will not be included in the route tree.

If this file is not intended to be a route, you can exclude it using one of these options:
  1. Rename the file to "C:\Users\Admin\Desktop\CogainCore\cogain-core\frontend\bizdoc\src\routes\_app\business-document\payment-voucher\_hooks\-use-payment-voucher.tsx" (prefix with "-")
  2. Use 'routeFileIgnorePattern' in your config to match this file

Current configuration:
  routeFileIgnorePrefix: "-"
  routeFileIgnorePattern: undefined
Warning: Route file "C:/Users/Admin/Desktop/CogainCore/cogain-core/frontend/bizdoc/src/routes/_app/inventory/finished-goods-receipt/_hooks/use-finished-goods-receipt.tsx" does not export a Route. This file will not be included in the route tree.

If this file is not intended to be a route, you can exclude it using one of these options:
  1. Rename the file to "C:\Users\Admin\Desktop\CogainCore\cogain-core\frontend\bizdoc\src\routes\_app\inventory\finished-goods-receipt\_hooks\-use-finished-goods-receipt.tsx" (prefix with "-")
  2. Use 'routeFileIgnorePattern' in your config to match this file

Current configuration:
  routeFileIgnorePrefix: "-"
  routeFileIgnorePattern: undefined
Warning: Route file "C:/Users/Admin/Desktop/CogainCore/cogain-core/frontend/bizdoc/src/routes/_app/inventory/finished-goods-receipt/_components/select-packing-dialog.tsx" does not export a Route. This file will not be included in the route tree.

If this file is not intended to be a route, you can exclude it using one of these options:
  1. Rename the file to "C:\Users\Admin\Desktop\CogainCore\cogain-core\frontend\bizdoc\src\routes\_app\inventory\finished-goods-receipt\_components\-select-packing-dialog.tsx" (prefix with "-")
  2. Use 'routeFileIgnorePattern' in your config to match this file

Current configuration:
  routeFileIgnorePrefix: "-"
  routeFileIgnorePattern: undefined
Warning: Route file "C:/Users/Admin/Desktop/CogainCore/cogain-core/frontend/bizdoc/src/routes/_app/business-document/receipt-voucher/_components/receipt-voucher-form.tsx" does not export a Route. This file will not be included in the route tree.

If this file is not intended to be a route, you can exclude it using one of these options:
  1. Rename the file to "C:\Users\Admin\Desktop\CogainCore\cogain-core\frontend\bizdoc\src\routes\_app\business-document\receipt-voucher\_components\-receipt-voucher-form.tsx" (prefix with "-")
  2. Use 'routeFileIgnorePattern' in your config to match this file

Current configuration:
  routeFileIgnorePrefix: "-"
  routeFileIgnorePattern: undefined
Warning: Route file "C:/Users/Admin/Desktop/CogainCore/cogain-core/frontend/bizdoc/src/routes/_app/attendance/leave-ticket/_hooks/use-leave-carry-forward.ts" does not export a Route. This file will not be included in the route tree.

If this file is not intended to be a route, you can exclude it using one of these options:
  1. Rename the file to "C:\Users\Admin\Desktop\CogainCore\cogain-core\frontend\bizdoc\src\routes\_app\attendance\leave-ticket\_hooks\-use-leave-carry-forward.ts" (prefix with "-")
  2. Use 'routeFileIgnorePattern' in your config to match this file

Current configuration:
  routeFileIgnorePrefix: "-"
  routeFileIgnorePattern: undefined
Warning: Route file "C:/Users/Admin/Desktop/CogainCore/cogain-core/frontend/bizdoc/src/routes/_app/logistic/finished-goods-delivery-packing/_components/finished-goods-delivery-packing-detail-table.tsx" does not export a Route. This file will not be included in the route tree.

If this file is not intended to be a route, you can exclude it using one of these options:
  1. Rename the file to "C:\Users\Admin\Desktop\CogainCore\cogain-core\frontend\bizdoc\src\routes\_app\logistic\finished-goods-delivery-packing\_components\-finished-goods-delivery-packing-detail-table.tsx" (prefix with "-")
  2. Use 'routeFileIgnorePattern' in your config to match this file

Current configuration:
  routeFileIgnorePrefix: "-"
  routeFileIgnorePattern: undefined
Warning: Route file "C:/Users/Admin/Desktop/CogainCore/cogain-core/frontend/bizdoc/src/routes/_app/logistic/finished-goods-delivery-packing/_components/finished-goods-delivery-packing-filter-popover.tsx" does not export a Route. This file will not be included in the route tree.

If this file is not intended to be a route, you can exclude it using one of these options:
  1. Rename the file to "C:\Users\Admin\Desktop\CogainCore\cogain-core\frontend\bizdoc\src\routes\_app\logistic\finished-goods-delivery-packing\_components\-finished-goods-delivery-packing-filter-popover.tsx" (prefix with "-")
  2. Use 'routeFileIgnorePattern' in your config to match this file

Current configuration:
  routeFileIgnorePrefix: "-"
  routeFileIgnorePattern: undefined
Warning: Route file "C:/Users/Admin/Desktop/CogainCore/cogain-core/frontend/bizdoc/src/routes/_app/business-document/receipt-voucher/_hooks/use-receipt-voucher.tsx" does not export a Route. This file will not be included in the route tree.

If this file is not intended to be a route, you can exclude it using one of these options:
  1. Rename the file to "C:\Users\Admin\Desktop\CogainCore\cogain-core\frontend\bizdoc\src\routes\_app\business-document\receipt-voucher\_hooks\-use-receipt-voucher.tsx" (prefix with "-")
  2. Use 'routeFileIgnorePattern' in your config to match this file

Current configuration:
  routeFileIgnorePrefix: "-"
  routeFileIgnorePattern: undefined
Warning: Route file "C:/Users/Admin/Desktop/CogainCore/cogain-core/frontend/bizdoc/src/routes/_app/logistic/finished-goods-delivery-packing/_components/select-in-stock-packing-dialog.tsx" does not export a Route. This file will not be included in the route tree.

If this file is not intended to be a route, you can exclude it using one of these options:
  1. Rename the file to "C:\Users\Admin\Desktop\CogainCore\cogain-core\frontend\bizdoc\src\routes\_app\logistic\finished-goods-delivery-packing\_components\-select-in-stock-packing-dialog.tsx" (prefix with "-")
  2. Use 'routeFileIgnorePattern' in your config to match this file

Current configuration:
  routeFileIgnorePrefix: "-"
  routeFileIgnorePattern: undefined
Warning: Route file "C:/Users/Admin/Desktop/CogainCore/cogain-core/frontend/bizdoc/src/routes/_app/logistic/finished-goods-delivery-packing/_components/finished-goods-delivery-packing-form-detail-table.tsx" does not export a Route. This file will not be included in the route tree.

If this file is not intended to be a route, you can exclude it using one of these options:
  1. Rename the file to "C:\Users\Admin\Desktop\CogainCore\cogain-core\frontend\bizdoc\src\routes\_app\logistic\finished-goods-delivery-packing\_components\-finished-goods-delivery-packing-form-detail-table.tsx" (prefix with "-")
  2. Use 'routeFileIgnorePattern' in your config to match this file

Current configuration:
  routeFileIgnorePrefix: "-"
  routeFileIgnorePattern: undefined
Warning: Route file "C:/Users/Admin/Desktop/CogainCore/cogain-core/frontend/bizdoc/src/routes/_app/logistic/finished-goods-delivery-packing/_components/finished-goods-delivery-packing-form.tsx" does not export a Route. This file will not be included in the route tree.

If this file is not intended to be a route, you can exclude it using one of these options:
  1. Rename the file to "C:\Users\Admin\Desktop\CogainCore\cogain-core\frontend\bizdoc\src\routes\_app\logistic\finished-goods-delivery-packing\_components\-finished-goods-delivery-packing-form.tsx" (prefix with "-")
  2. Use 'routeFileIgnorePattern' in your config to match this file

Current configuration:
  routeFileIgnorePrefix: "-"
  routeFileIgnorePattern: undefined
Warning: Route file "C:/Users/Admin/Desktop/CogainCore/cogain-core/frontend/bizdoc/src/routes/_app/logistic/finished-goods-delivery-packing/_hooks/use-packing-codes.ts" does not export a Route. This file will not be included in the route tree.

If this file is not intended to be a route, you can exclude it using one of these options:
  1. Rename the file to "C:\Users\Admin\Desktop\CogainCore\cogain-core\frontend\bizdoc\src\routes\_app\logistic\finished-goods-delivery-packing\_hooks\-use-packing-codes.ts" (prefix with "-")
  2. Use 'routeFileIgnorePattern' in your config to match this file

Current configuration:
  routeFileIgnorePrefix: "-"
  routeFileIgnorePattern: undefined
Warning: Route file "C:/Users/Admin/Desktop/CogainCore/cogain-core/frontend/bizdoc/src/routes/_app/logistic/finished-goods-packing/_components/finished-goods-packing-form.tsx" does not export a Route. This file will not be included in the route tree.

If this file is not intended to be a route, you can exclude it using one of these options:
  1. Rename the file to "C:\Users\Admin\Desktop\CogainCore\cogain-core\frontend\bizdoc\src\routes\_app\logistic\finished-goods-packing\_components\-finished-goods-packing-form.tsx" (prefix with "-")
  2. Use 'routeFileIgnorePattern' in your config to match this file

Current configuration:
  routeFileIgnorePrefix: "-"
  routeFileIgnorePattern: undefined
Warning: Route file "C:/Users/Admin/Desktop/CogainCore/cogain-core/frontend/bizdoc/src/routes/_app/logistic/finished-goods-delivery-packing/_hooks/use-finished-goods-delivery-packing.tsx" does not export a Route. This file will not be included in the route tree.

If this file is not intended to be a route, you can exclude it using one of these options:
  1. Rename the file to "C:\Users\Admin\Desktop\CogainCore\cogain-core\frontend\bizdoc\src\routes\_app\logistic\finished-goods-delivery-packing\_hooks\-use-finished-goods-delivery-packing.tsx" (prefix with "-")
  2. Use 'routeFileIgnorePattern' in your config to match this file

Current configuration:
  routeFileIgnorePrefix: "-"
  routeFileIgnorePattern: undefined
Warning: Route file "C:/Users/Admin/Desktop/CogainCore/cogain-core/frontend/bizdoc/src/routes/_app/logistic/finished-goods-packing/_components/finished-goods-packing-filter-popover.tsx" does not export a Route. This file will not be included in the route tree.

If this file is not intended to be a route, you can exclude it using one of these options:
  1. Rename the file to "C:\Users\Admin\Desktop\CogainCore\cogain-core\frontend\bizdoc\src\routes\_app\logistic\finished-goods-packing\_components\-finished-goods-packing-filter-popover.tsx" (prefix with "-")
  2. Use 'routeFileIgnorePattern' in your config to match this file

Current configuration:
  routeFileIgnorePrefix: "-"
  routeFileIgnorePattern: undefined
Warning: Route file "C:/Users/Admin/Desktop/CogainCore/cogain-core/frontend/bizdoc/src/routes/_app/logistic/finished-goods-packing/_hooks/use-packing-codes.ts" does not export a Route. This file will not be included in the route tree.

If this file is not intended to be a route, you can exclude it using one of these options:
  1. Rename the file to "C:\Users\Admin\Desktop\CogainCore\cogain-core\frontend\bizdoc\src\routes\_app\logistic\finished-goods-packing\_hooks\-use-packing-codes.ts" (prefix with "-")
  2. Use 'routeFileIgnorePattern' in your config to match this file

Current configuration:
  routeFileIgnorePrefix: "-"
  routeFileIgnorePattern: undefined
Warning: Route file "C:/Users/Admin/Desktop/CogainCore/cogain-core/frontend/bizdoc/src/routes/_app/logistic/finished-goods-packing/_components/packing-detail-table.tsx" does not export a Route. This file will not be included in the route tree.

If this file is not intended to be a route, you can exclude it using one of these options:
  1. Rename the file to "C:\Users\Admin\Desktop\CogainCore\cogain-core\frontend\bizdoc\src\routes\_app\logistic\finished-goods-packing\_components\-packing-detail-table.tsx" (prefix with "-")
  2. Use 'routeFileIgnorePattern' in your config to match this file

Current configuration:
  routeFileIgnorePrefix: "-"
  routeFileIgnorePattern: undefined
Warning: Route file "C:/Users/Admin/Desktop/CogainCore/cogain-core/frontend/bizdoc/src/routes/_app/logistic/finished-goods-packing/_components/packing-form-detail-table.tsx" does not export a Route. This file will not be included in the route tree.

If this file is not intended to be a route, you can exclude it using one of these options:
  1. Rename the file to "C:\Users\Admin\Desktop\CogainCore\cogain-core\frontend\bizdoc\src\routes\_app\logistic\finished-goods-packing\_components\-packing-form-detail-table.tsx" (prefix with "-")
  2. Use 'routeFileIgnorePattern' in your config to match this file

Current configuration:
  routeFileIgnorePrefix: "-"
  routeFileIgnorePattern: undefined
Warning: Route file "C:/Users/Admin/Desktop/CogainCore/cogain-core/frontend/bizdoc/src/routes/_app/logistic/finished-goods-packing/_hooks/use-finished-goods-packing.tsx" does not export a Route. This file will not be included in the route tree.

If this file is not intended to be a route, you can exclude it using one of these options:
  1. Rename the file to "C:\Users\Admin\Desktop\CogainCore\cogain-core\frontend\bizdoc\src\routes\_app\logistic\finished-goods-packing\_hooks\-use-finished-goods-packing.tsx" (prefix with "-")
  2. Use 'routeFileIgnorePattern' in your config to match this file

Current configuration:
  routeFileIgnorePrefix: "-"
  routeFileIgnorePattern: undefined
Warning: Route file "C:/Users/Admin/Desktop/CogainCore/cogain-core/frontend/bizdoc/src/routes/_app/logistic/mechanical-packing-list/_components/mechanical-packing-list-filter-popover.tsx" does not export a Route. This file will not be included in the route tree.

If this file is not intended to be a route, you can exclude it using one of these options:
  1. Rename the file to "C:\Users\Admin\Desktop\CogainCore\cogain-core\frontend\bizdoc\src\routes\_app\logistic\mechanical-packing-list\_components\-mechanical-packing-list-filter-popover.tsx" (prefix with "-")
  2. Use 'routeFileIgnorePattern' in your config to match this file

Current configuration:
  routeFileIgnorePrefix: "-"
  routeFileIgnorePattern: undefined
Warning: Route file "C:/Users/Admin/Desktop/CogainCore/cogain-core/frontend/bizdoc/src/routes/_app/logistic/mechanical-packing-list/_components/packing-list-detail-adjust-dialog.tsx" does not export a Route. This file will not be included in the route tree.

If this file is not intended to be a route, you can exclude it using one of these options:
  1. Rename the file to "C:\Users\Admin\Desktop\CogainCore\cogain-core\frontend\bizdoc\src\routes\_app\logistic\mechanical-packing-list\_components\-packing-list-detail-adjust-dialog.tsx" (prefix with "-")
  2. Use 'routeFileIgnorePattern' in your config to match this file

Current configuration:
  routeFileIgnorePrefix: "-"
  routeFileIgnorePattern: undefined
Warning: Route file "C:/Users/Admin/Desktop/CogainCore/cogain-core/frontend/bizdoc/src/routes/_app/logistic/mechanical-packing-list/_components/packing-list-form-table.tsx" does not export a Route. This file will not be included in the route tree.

If this file is not intended to be a route, you can exclude it using one of these options:
  1. Rename the file to "C:\Users\Admin\Desktop\CogainCore\cogain-core\frontend\bizdoc\src\routes\_app\logistic\mechanical-packing-list\_components\-packing-list-form-table.tsx" (prefix with "-")
  2. Use 'routeFileIgnorePattern' in your config to match this file

Current configuration:
  routeFileIgnorePrefix: "-"
  routeFileIgnorePattern: undefined
Warning: Route file "C:/Users/Admin/Desktop/CogainCore/cogain-core/frontend/bizdoc/src/routes/_app/logistic/mechanical-packing-list/_components/packing-list-readonly-detail-table.tsx" does not export a Route. This file will not be included in the route tree.

If this file is not intended to be a route, you can exclude it using one of these options:
  1. Rename the file to "C:\Users\Admin\Desktop\CogainCore\cogain-core\frontend\bizdoc\src\routes\_app\logistic\mechanical-packing-list\_components\-packing-list-readonly-detail-table.tsx" (prefix with "-")
  2. Use 'routeFileIgnorePattern' in your config to match this file

Current configuration:
  routeFileIgnorePrefix: "-"
  routeFileIgnorePattern: undefined
Warning: Route file "C:/Users/Admin/Desktop/CogainCore/cogain-core/frontend/bizdoc/src/routes/_app/logistic/mechanical-packing-list/_components/packing-list-detail-table.tsx" does not export a Route. This file will not be included in the route tree.

If this file is not intended to be a route, you can exclude it using one of these options:
  1. Rename the file to "C:\Users\Admin\Desktop\CogainCore\cogain-core\frontend\bizdoc\src\routes\_app\logistic\mechanical-packing-list\_components\-packing-list-detail-table.tsx" (prefix with "-")
  2. Use 'routeFileIgnorePattern' in your config to match this file

Current configuration:
  routeFileIgnorePrefix: "-"
  routeFileIgnorePattern: undefined
Warning: Route file "C:/Users/Admin/Desktop/CogainCore/cogain-core/frontend/bizdoc/src/routes/_app/logistic/mechanical-packing-list/_hooks/use-mechanical-packing-list.ts" does not export a Route. This file will not be included in the route tree.

If this file is not intended to be a route, you can exclude it using one of these options:
  1. Rename the file to "C:\Users\Admin\Desktop\CogainCore\cogain-core\frontend\bizdoc\src\routes\_app\logistic\mechanical-packing-list\_hooks\-use-mechanical-packing-list.ts" (prefix with "-")
  2. Use 'routeFileIgnorePattern' in your config to match this file

Current configuration:
  routeFileIgnorePrefix: "-"
  routeFileIgnorePattern: undefined
Warning: Route file "C:/Users/Admin/Desktop/CogainCore/cogain-core/frontend/bizdoc/src/routes/_app/logistic/mechanical-packing-list/_components/mechanical-packing-list-form.tsx" does not export a Route. This file will not be included in the route tree.

If this file is not intended to be a route, you can exclude it using one of these options:
  1. Rename the file to "C:\Users\Admin\Desktop\CogainCore\cogain-core\frontend\bizdoc\src\routes\_app\logistic\mechanical-packing-list\_components\-mechanical-packing-list-form.tsx" (prefix with "-")
  2. Use 'routeFileIgnorePattern' in your config to match this file

Current configuration:
  routeFileIgnorePrefix: "-"
  routeFileIgnorePattern: undefined
Warning: Route file "C:/Users/Admin/Desktop/CogainCore/cogain-core/frontend/bizdoc/src/routes/_app/logistic/mechanical-packing-list/_components/packing-list-rejection-info-dialog.tsx" does not export a Route. This file will not be included in the route tree.

If this file is not intended to be a route, you can exclude it using one of these options:
  1. Rename the file to "C:\Users\Admin\Desktop\CogainCore\cogain-core\frontend\bizdoc\src\routes\_app\logistic\mechanical-packing-list\_components\-packing-list-rejection-info-dialog.tsx" (prefix with "-")
  2. Use 'routeFileIgnorePattern' in your config to match this file

Current configuration:
  routeFileIgnorePrefix: "-"
  routeFileIgnorePattern: undefined
Warning: Route file "C:/Users/Admin/Desktop/CogainCore/cogain-core/frontend/bizdoc/src/routes/_app/logistic/packing-list-report/_components/packing-list-report-columns.tsx" does not export a Route. This file will not be included in the route tree.

If this file is not intended to be a route, you can exclude it using one of these options:
  1. Rename the file to "C:\Users\Admin\Desktop\CogainCore\cogain-core\frontend\bizdoc\src\routes\_app\logistic\packing-list-report\_components\-packing-list-report-columns.tsx" (prefix with "-")
  2. Use 'routeFileIgnorePattern' in your config to match this file

Current configuration:
  routeFileIgnorePrefix: "-"
  routeFileIgnorePattern: undefined
Warning: Route file "C:/Users/Admin/Desktop/CogainCore/cogain-core/frontend/bizdoc/src/routes/_app/logistic/packing-list-report/_components/packing-list-report-expand-item.tsx" does not export a Route. This file will not be included in the route tree.

If this file is not intended to be a route, you can exclude it using one of these options:
  1. Rename the file to "C:\Users\Admin\Desktop\CogainCore\cogain-core\frontend\bizdoc\src\routes\_app\logistic\packing-list-report\_components\-packing-list-report-expand-item.tsx" (prefix with "-")
  2. Use 'routeFileIgnorePattern' in your config to match this file

Current configuration:
  routeFileIgnorePrefix: "-"
  routeFileIgnorePattern: undefined
Warning: Route file "C:/Users/Admin/Desktop/CogainCore/cogain-core/frontend/bizdoc/src/routes/_app/logistic/site-delivery/_components/site-delivery-filter-popover.tsx" does not export a Route. This file will not be included in the route tree.

If this file is not intended to be a route, you can exclude it using one of these options:
  1. Rename the file to "C:\Users\Admin\Desktop\CogainCore\cogain-core\frontend\bizdoc\src\routes\_app\logistic\site-delivery\_components\-site-delivery-filter-popover.tsx" (prefix with "-")
  2. Use 'routeFileIgnorePattern' in your config to match this file

Current configuration:
  routeFileIgnorePrefix: "-"
  routeFileIgnorePattern: undefined
Warning: Route file "C:/Users/Admin/Desktop/CogainCore/cogain-core/frontend/bizdoc/src/routes/_app/logistic/site-delivery/_components/select-site-packing-dialog.tsx" does not export a Route. This file will not be included in the route tree.

If this file is not intended to be a route, you can exclude it using one of these options:
  1. Rename the file to "C:\Users\Admin\Desktop\CogainCore\cogain-core\frontend\bizdoc\src\routes\_app\logistic\site-delivery\_components\-select-site-packing-dialog.tsx" (prefix with "-")
  2. Use 'routeFileIgnorePattern' in your config to match this file

Current configuration:
  routeFileIgnorePrefix: "-"
  routeFileIgnorePattern: undefined
Warning: Route file "C:/Users/Admin/Desktop/CogainCore/cogain-core/frontend/bizdoc/src/routes/_app/logistic/packing-list-report/_components/status-badge.tsx" does not export a Route. This file will not be included in the route tree.

If this file is not intended to be a route, you can exclude it using one of these options:
  1. Rename the file to "C:\Users\Admin\Desktop\CogainCore\cogain-core\frontend\bizdoc\src\routes\_app\logistic\packing-list-report\_components\-status-badge.tsx" (prefix with "-")
  2. Use 'routeFileIgnorePattern' in your config to match this file

Current configuration:
  routeFileIgnorePrefix: "-"
  routeFileIgnorePattern: undefined
Warning: Route file "C:/Users/Admin/Desktop/CogainCore/cogain-core/frontend/bizdoc/src/routes/_app/logistic/site-delivery/_components/site-delivery-content.tsx" does not export a Route. This file will not be included in the route tree.

If this file is not intended to be a route, you can exclude it using one of these options:
  1. Rename the file to "C:\Users\Admin\Desktop\CogainCore\cogain-core\frontend\bizdoc\src\routes\_app\logistic\site-delivery\_components\-site-delivery-content.tsx" (prefix with "-")
  2. Use 'routeFileIgnorePattern' in your config to match this file

Current configuration:
  routeFileIgnorePrefix: "-"
  routeFileIgnorePattern: undefined
Warning: Route file "C:/Users/Admin/Desktop/CogainCore/cogain-core/frontend/bizdoc/src/routes/_app/logistic/site-delivery/_hooks/use-site-delivery-detail-filters.ts" does not export a Route. This file will not be included in the route tree.

If this file is not intended to be a route, you can exclude it using one of these options:
  1. Rename the file to "C:\Users\Admin\Desktop\CogainCore\cogain-core\frontend\bizdoc\src\routes\_app\logistic\site-delivery\_hooks\-use-site-delivery-detail-filters.ts" (prefix with "-")
  2. Use 'routeFileIgnorePattern' in your config to match this file

Current configuration:
  routeFileIgnorePrefix: "-"
  routeFileIgnorePattern: undefined
Warning: Route file "C:/Users/Admin/Desktop/CogainCore/cogain-core/frontend/bizdoc/src/routes/_app/logistic/packing-list-report/_hooks/use-packing-list-report.ts" does not export a Route. This file will not be included in the route tree.

If this file is not intended to be a route, you can exclude it using one of these options:
  1. Rename the file to "C:\Users\Admin\Desktop\CogainCore\cogain-core\frontend\bizdoc\src\routes\_app\logistic\packing-list-report\_hooks\-use-packing-list-report.ts" (prefix with "-")
  2. Use 'routeFileIgnorePattern' in your config to match this file

Current configuration:
  routeFileIgnorePrefix: "-"
  routeFileIgnorePattern: undefined
Warning: Route file "C:/Users/Admin/Desktop/CogainCore/cogain-core/frontend/bizdoc/src/routes/_app/logistic/site-delivery/_components/site-delivery-slideout.tsx" does not export a Route. This file will not be included in the route tree.

If this file is not intended to be a route, you can exclude it using one of these options:
  1. Rename the file to "C:\Users\Admin\Desktop\CogainCore\cogain-core\frontend\bizdoc\src\routes\_app\logistic\site-delivery\_components\-site-delivery-slideout.tsx" (prefix with "-")
  2. Use 'routeFileIgnorePattern' in your config to match this file

Current configuration:
  routeFileIgnorePrefix: "-"
  routeFileIgnorePattern: undefined
Warning: Route file "C:/Users/Admin/Desktop/CogainCore/cogain-core/frontend/bizdoc/src/routes/_app/production-management/damage-deduction/_components/attachment-section.tsx" does not export a Route. This file will not be included in the route tree.

If this file is not intended to be a route, you can exclude it using one of these options:
  1. Rename the file to "C:\Users\Admin\Desktop\CogainCore\cogain-core\frontend\bizdoc\src\routes\_app\production-management\damage-deduction\_components\-attachment-section.tsx" (prefix with "-")
  2. Use 'routeFileIgnorePattern' in your config to match this file

Current configuration:
  routeFileIgnorePrefix: "-"
  routeFileIgnorePattern: undefined
Warning: Route file "C:/Users/Admin/Desktop/CogainCore/cogain-core/frontend/bizdoc/src/routes/_app/logistic/site-delivery/_hooks/use-site-delivery.tsx" does not export a Route. This file will not be included in the route tree.

If this file is not intended to be a route, you can exclude it using one of these options:
  1. Rename the file to "C:\Users\Admin\Desktop\CogainCore\cogain-core\frontend\bizdoc\src\routes\_app\logistic\site-delivery\_hooks\-use-site-delivery.tsx" (prefix with "-")
  2. Use 'routeFileIgnorePattern' in your config to match this file

Current configuration:
  routeFileIgnorePrefix: "-"
  routeFileIgnorePattern: undefined
Warning: Route file "C:/Users/Admin/Desktop/CogainCore/cogain-core/frontend/bizdoc/src/routes/_app/production-management/damage-deduction/_components/damage-deduction-form.tsx" does not export a Route. This file will not be included in the route tree.

If this file is not intended to be a route, you can exclude it using one of these options:
  1. Rename the file to "C:\Users\Admin\Desktop\CogainCore\cogain-core\frontend\bizdoc\src\routes\_app\production-management\damage-deduction\_components\-damage-deduction-form.tsx" (prefix with "-")
  2. Use 'routeFileIgnorePattern' in your config to match this file

Current configuration:
  routeFileIgnorePrefix: "-"
  routeFileIgnorePattern: undefined
Warning: Route file "C:/Users/Admin/Desktop/CogainCore/cogain-core/frontend/bizdoc/src/routes/_app/production-management/damage-deduction/_components/damage-deduction-filter-popover.tsx" does not export a Route. This file will not be included in the route tree.

If this file is not intended to be a route, you can exclude it using one of these options:
  1. Rename the file to "C:\Users\Admin\Desktop\CogainCore\cogain-core\frontend\bizdoc\src\routes\_app\production-management\damage-deduction\_components\-damage-deduction-filter-popover.tsx" (prefix with "-")
  2. Use 'routeFileIgnorePattern' in your config to match this file

Current configuration:
  routeFileIgnorePrefix: "-"
  routeFileIgnorePattern: undefined
Warning: Route file "C:/Users/Admin/Desktop/CogainCore/cogain-core/frontend/bizdoc/src/routes/_app/production-management/damage-deduction/_hooks/use-damage-deduction.tsx" does not export a Route. This file will not be included in the route tree.

If this file is not intended to be a route, you can exclude it using one of these options:
  1. Rename the file to "C:\Users\Admin\Desktop\CogainCore\cogain-core\frontend\bizdoc\src\routes\_app\production-management\damage-deduction\_hooks\-use-damage-deduction.tsx" (prefix with "-")
  2. Use 'routeFileIgnorePattern' in your config to match this file

Current configuration:
  routeFileIgnorePrefix: "-"
  routeFileIgnorePattern: undefined
Warning: Route file "C:/Users/Admin/Desktop/CogainCore/cogain-core/frontend/bizdoc/src/routes/_app/production-management/goods-issue-receipt-request/_hooks/use-goods-issue-receipt-request.ts" does not export a Route. This file will not be included in the route tree.

If this file is not intended to be a route, you can exclude it using one of these options:
  1. Rename the file to "C:\Users\Admin\Desktop\CogainCore\cogain-core\frontend\bizdoc\src\routes\_app\production-management\goods-issue-receipt-request\_hooks\-use-goods-issue-receipt-request.ts" (prefix with "-")
  2. Use 'routeFileIgnorePattern' in your config to match this file

Current configuration:
  routeFileIgnorePrefix: "-"
  routeFileIgnorePattern: undefined
Warning: Route file "C:/Users/Admin/Desktop/CogainCore/cogain-core/frontend/bizdoc/src/routes/_app/production-management/goods-issue-receipt/_hooks/use-goods-issue-receipt.ts" does not export a Route. This file will not be included in the route tree.

If this file is not intended to be a route, you can exclude it using one of these options:
  1. Rename the file to "C:\Users\Admin\Desktop\CogainCore\cogain-core\frontend\bizdoc\src\routes\_app\production-management\goods-issue-receipt\_hooks\-use-goods-issue-receipt.ts" (prefix with "-")
  2. Use 'routeFileIgnorePattern' in your config to match this file

Current configuration:
  routeFileIgnorePrefix: "-"
  routeFileIgnorePattern: undefined
Warning: Route file "C:/Users/Admin/Desktop/CogainCore/cogain-core/frontend/bizdoc/src/routes/_app/production-management/manpower-dispatch/_components/attachment-section.tsx" does not export a Route. This file will not be included in the route tree.

If this file is not intended to be a route, you can exclude it using one of these options:
  1. Rename the file to "C:\Users\Admin\Desktop\CogainCore\cogain-core\frontend\bizdoc\src\routes\_app\production-management\manpower-dispatch\_components\-attachment-section.tsx" (prefix with "-")
  2. Use 'routeFileIgnorePattern' in your config to match this file

Current configuration:
  routeFileIgnorePrefix: "-"
  routeFileIgnorePattern: undefined
Warning: Route file "C:/Users/Admin/Desktop/CogainCore/cogain-core/frontend/bizdoc/src/routes/_app/production-management/manpower-dispatch/_components/approval-dialog.tsx" does not export a Route. This file will not be included in the route tree.

If this file is not intended to be a route, you can exclude it using one of these options:
  1. Rename the file to "C:\Users\Admin\Desktop\CogainCore\cogain-core\frontend\bizdoc\src\routes\_app\production-management\manpower-dispatch\_components\-approval-dialog.tsx" (prefix with "-")
  2. Use 'routeFileIgnorePattern' in your config to match this file

Current configuration:
  routeFileIgnorePrefix: "-"
  routeFileIgnorePattern: undefined
Warning: Route file "C:/Users/Admin/Desktop/CogainCore/cogain-core/frontend/bizdoc/src/routes/_app/production-management/manpower-dispatch/_components/manpower-dispatch-detail-table.tsx" does not export a Route. This file will not be included in the route tree.

If this file is not intended to be a route, you can exclude it using one of these options:
  1. Rename the file to "C:\Users\Admin\Desktop\CogainCore\cogain-core\frontend\bizdoc\src\routes\_app\production-management\manpower-dispatch\_components\-manpower-dispatch-detail-table.tsx" (prefix with "-")
  2. Use 'routeFileIgnorePattern' in your config to match this file

Current configuration:
  routeFileIgnorePrefix: "-"
  routeFileIgnorePattern: undefined
Warning: Route file "C:/Users/Admin/Desktop/CogainCore/cogain-core/frontend/bizdoc/src/routes/_app/production-management/manpower-dispatch/_components/manpower-dispatch-filter-popover.tsx" does not export a Route. This file will not be included in the route tree.

If this file is not intended to be a route, you can exclude it using one of these options:
  1. Rename the file to "C:\Users\Admin\Desktop\CogainCore\cogain-core\frontend\bizdoc\src\routes\_app\production-management\manpower-dispatch\_components\-manpower-dispatch-filter-popover.tsx" (prefix with "-")
  2. Use 'routeFileIgnorePattern' in your config to match this file

Current configuration:
  routeFileIgnorePrefix: "-"
  routeFileIgnorePattern: undefined
Warning: Route file "C:/Users/Admin/Desktop/CogainCore/cogain-core/frontend/bizdoc/src/routes/_app/production-management/manpower-dispatch/_components/manpower-dispatch-form.tsx" does not export a Route. This file will not be included in the route tree.

If this file is not intended to be a route, you can exclude it using one of these options:
  1. Rename the file to "C:\Users\Admin\Desktop\CogainCore\cogain-core\frontend\bizdoc\src\routes\_app\production-management\manpower-dispatch\_components\-manpower-dispatch-form.tsx" (prefix with "-")
  2. Use 'routeFileIgnorePattern' in your config to match this file

Current configuration:
  routeFileIgnorePrefix: "-"
  routeFileIgnorePattern: undefined
Warning: Route file "C:/Users/Admin/Desktop/CogainCore/cogain-core/frontend/bizdoc/src/routes/_app/production-management/manpower-dispatch/_hooks/use-manpower-dispatch.tsx" does not export a Route. This file will not be included in the route tree.

If this file is not intended to be a route, you can exclude it using one of these options:
  1. Rename the file to "C:\Users\Admin\Desktop\CogainCore\cogain-core\frontend\bizdoc\src\routes\_app\production-management\manpower-dispatch\_hooks\-use-manpower-dispatch.tsx" (prefix with "-")
  2. Use 'routeFileIgnorePattern' in your config to match this file

Current configuration:
  routeFileIgnorePrefix: "-"
  routeFileIgnorePattern: undefined
Warning: Route file "C:/Users/Admin/Desktop/CogainCore/cogain-core/frontend/bizdoc/src/routes/_app/production-management/non-manpower-dispatch/_components/approval-dialog.tsx" does not export a Route. This file will not be included in the route tree.

If this file is not intended to be a route, you can exclude it using one of these options:
  1. Rename the file to "C:\Users\Admin\Desktop\CogainCore\cogain-core\frontend\bizdoc\src\routes\_app\production-management\non-manpower-dispatch\_components\-approval-dialog.tsx" (prefix with "-")
  2. Use 'routeFileIgnorePattern' in your config to match this file

Current configuration:
  routeFileIgnorePrefix: "-"
  routeFileIgnorePattern: undefined
Warning: Route file "C:/Users/Admin/Desktop/CogainCore/cogain-core/frontend/bizdoc/src/routes/_app/production-management/non-manpower-dispatch/_components/non-manpower-dispatch-detail-table.tsx" does not export a Route. This file will not be included in the route tree.

If this file is not intended to be a route, you can exclude it using one of these options:
  1. Rename the file to "C:\Users\Admin\Desktop\CogainCore\cogain-core\frontend\bizdoc\src\routes\_app\production-management\non-manpower-dispatch\_components\-non-manpower-dispatch-detail-table.tsx" (prefix with "-")
  2. Use 'routeFileIgnorePattern' in your config to match this file

Current configuration:
  routeFileIgnorePrefix: "-"
  routeFileIgnorePattern: undefined
Warning: Route file "C:/Users/Admin/Desktop/CogainCore/cogain-core/frontend/bizdoc/src/routes/_app/production-management/non-manpower-dispatch/_hooks/use-non-manpower-dispatch.tsx" does not export a Route. This file will not be included in the route tree.

If this file is not intended to be a route, you can exclude it using one of these options:
  1. Rename the file to "C:\Users\Admin\Desktop\CogainCore\cogain-core\frontend\bizdoc\src\routes\_app\production-management\non-manpower-dispatch\_hooks\-use-non-manpower-dispatch.tsx" (prefix with "-")
  2. Use 'routeFileIgnorePattern' in your config to match this file

Current configuration:
  routeFileIgnorePrefix: "-"
  routeFileIgnorePattern: undefined
Warning: Route file "C:/Users/Admin/Desktop/CogainCore/cogain-core/frontend/bizdoc/src/routes/_app/production-management/non-manpower-dispatch/_components/non-manpower-dispatch-form.tsx" does not export a Route. This file will not be included in the route tree.

If this file is not intended to be a route, you can exclude it using one of these options:
  1. Rename the file to "C:\Users\Admin\Desktop\CogainCore\cogain-core\frontend\bizdoc\src\routes\_app\production-management\non-manpower-dispatch\_components\-non-manpower-dispatch-form.tsx" (prefix with "-")
  2. Use 'routeFileIgnorePattern' in your config to match this file

Current configuration:
  routeFileIgnorePrefix: "-"
  routeFileIgnorePattern: undefined
Warning: Route file "C:/Users/Admin/Desktop/CogainCore/cogain-core/frontend/bizdoc/src/routes/_app/production-management/production-damage/_components/production-damage-form.tsx" does not export a Route. This file will not be included in the route tree.

If this file is not intended to be a route, you can exclude it using one of these options:
  1. Rename the file to "C:\Users\Admin\Desktop\CogainCore\cogain-core\frontend\bizdoc\src\routes\_app\production-management\production-damage\_components\-production-damage-form.tsx" (prefix with "-")
  2. Use 'routeFileIgnorePattern' in your config to match this file

Current configuration:
  routeFileIgnorePrefix: "-"
  routeFileIgnorePattern: undefined
Warning: Route file "C:/Users/Admin/Desktop/CogainCore/cogain-core/frontend/bizdoc/src/routes/_app/production-management/production-damage/_hooks/use-production-damage.tsx" does not export a Route. This file will not be included in the route tree.

If this file is not intended to be a route, you can exclude it using one of these options:
  1. Rename the file to "C:\Users\Admin\Desktop\CogainCore\cogain-core\frontend\bizdoc\src\routes\_app\production-management\production-damage\_hooks\-use-production-damage.tsx" (prefix with "-")
  2. Use 'routeFileIgnorePattern' in your config to match this file

Current configuration:
  routeFileIgnorePrefix: "-"
  routeFileIgnorePattern: undefined
Warning: Route file "C:/Users/Admin/Desktop/CogainCore/cogain-core/frontend/bizdoc/src/routes/_app/production-management/seasonal-work-acceptance/_hooks/use-seasonal-work-acceptance.tsx" does not export a Route. This file will not be included in the route tree.

If this file is not intended to be a route, you can exclude it using one of these options:
  1. Rename the file to "C:\Users\Admin\Desktop\CogainCore\cogain-core\frontend\bizdoc\src\routes\_app\production-management\seasonal-work-acceptance\_hooks\-use-seasonal-work-acceptance.tsx" (prefix with "-")
  2. Use 'routeFileIgnorePattern' in your config to match this file

Current configuration:
  routeFileIgnorePrefix: "-"
  routeFileIgnorePattern: undefined
Warning: Route file "C:/Users/Admin/Desktop/CogainCore/cogain-core/frontend/bizdoc/src/routes/_app/production-management/non-manpower-dispatch/_components/non-manpower-dispatch-filter-popover.tsx" does not export a Route. This file will not be included in the route tree.

If this file is not intended to be a route, you can exclude it using one of these options:
  1. Rename the file to "C:\Users\Admin\Desktop\CogainCore\cogain-core\frontend\bizdoc\src\routes\_app\production-management\non-manpower-dispatch\_components\-non-manpower-dispatch-filter-popover.tsx" (prefix with "-")
  2. Use 'routeFileIgnorePattern' in your config to match this file

Current configuration:
  routeFileIgnorePrefix: "-"
  routeFileIgnorePattern: undefined
Warning: Route file "C:/Users/Admin/Desktop/CogainCore/cogain-core/frontend/bizdoc/src/routes/_app/production-management/seasonal-work-acceptance/_components/attachment-section.tsx" does not export a Route. This file will not be included in the route tree.

If this file is not intended to be a route, you can exclude it using one of these options:
  1. Rename the file to "C:\Users\Admin\Desktop\CogainCore\cogain-core\frontend\bizdoc\src\routes\_app\production-management\seasonal-work-acceptance\_components\-attachment-section.tsx" (prefix with "-")
  2. Use 'routeFileIgnorePattern' in your config to match this file

Current configuration:
  routeFileIgnorePrefix: "-"
  routeFileIgnorePattern: undefined
Warning: Route file "C:/Users/Admin/Desktop/CogainCore/cogain-core/frontend/bizdoc/src/routes/_app/rnd/drawing-group/_components/drawing-group-filter-popover.tsx" does not export a Route. This file will not be included in the route tree.

If this file is not intended to be a route, you can exclude it using one of these options:
  1. Rename the file to "C:\Users\Admin\Desktop\CogainCore\cogain-core\frontend\bizdoc\src\routes\_app\rnd\drawing-group\_components\-drawing-group-filter-popover.tsx" (prefix with "-")
  2. Use 'routeFileIgnorePattern' in your config to match this file

Current configuration:
  routeFileIgnorePrefix: "-"
  routeFileIgnorePattern: undefined
Warning: Route file "C:/Users/Admin/Desktop/CogainCore/cogain-core/frontend/bizdoc/src/routes/_app/production-management/seasonal-work-acceptance/_components/seasonal-work-acceptance-filter-popover.tsx" does not export a Route. This file will not be included in the route tree.

If this file is not intended to be a route, you can exclude it using one of these options:
  1. Rename the file to "C:\Users\Admin\Desktop\CogainCore\cogain-core\frontend\bizdoc\src\routes\_app\production-management\seasonal-work-acceptance\_components\-seasonal-work-acceptance-filter-popover.tsx" (prefix with "-")
  2. Use 'routeFileIgnorePattern' in your config to match this file

Current configuration:
  routeFileIgnorePrefix: "-"
  routeFileIgnorePattern: undefined
Warning: Route file "C:/Users/Admin/Desktop/CogainCore/cogain-core/frontend/bizdoc/src/routes/_app/production-management/seasonal-work-acceptance/_components/seasonal-work-acceptance-form.tsx" does not export a Route. This file will not be included in the route tree.

If this file is not intended to be a route, you can exclude it using one of these options:
  1. Rename the file to "C:\Users\Admin\Desktop\CogainCore\cogain-core\frontend\bizdoc\src\routes\_app\production-management\seasonal-work-acceptance\_components\-seasonal-work-acceptance-form.tsx" (prefix with "-")
  2. Use 'routeFileIgnorePattern' in your config to match this file

Current configuration:
  routeFileIgnorePrefix: "-"
  routeFileIgnorePattern: undefined
Warning: Route file "C:/Users/Admin/Desktop/CogainCore/cogain-core/frontend/bizdoc/src/routes/_app/rnd/drawing-purpose/_components/drawing-purpose-form.tsx" does not export a Route. This file will not be included in the route tree.

If this file is not intended to be a route, you can exclude it using one of these options:
  1. Rename the file to "C:\Users\Admin\Desktop\CogainCore\cogain-core\frontend\bizdoc\src\routes\_app\rnd\drawing-purpose\_components\-drawing-purpose-form.tsx" (prefix with "-")
  2. Use 'routeFileIgnorePattern' in your config to match this file

Current configuration:
  routeFileIgnorePrefix: "-"
  routeFileIgnorePattern: undefined
Warning: Route file "C:/Users/Admin/Desktop/CogainCore/cogain-core/frontend/bizdoc/src/routes/_app/rnd/drawing-group/_components/drawing-group-form.tsx" does not export a Route. This file will not be included in the route tree.

If this file is not intended to be a route, you can exclude it using one of these options:
  1. Rename the file to "C:\Users\Admin\Desktop\CogainCore\cogain-core\frontend\bizdoc\src\routes\_app\rnd\drawing-group\_components\-drawing-group-form.tsx" (prefix with "-")
  2. Use 'routeFileIgnorePattern' in your config to match this file

Current configuration:
  routeFileIgnorePrefix: "-"
  routeFileIgnorePattern: undefined
Warning: Route file "C:/Users/Admin/Desktop/CogainCore/cogain-core/frontend/bizdoc/src/routes/_app/rnd/drawing-group/_hooks/use-drawing-group.tsx" does not export a Route. This file will not be included in the route tree.

If this file is not intended to be a route, you can exclude it using one of these options:
  1. Rename the file to "C:\Users\Admin\Desktop\CogainCore\cogain-core\frontend\bizdoc\src\routes\_app\rnd\drawing-group\_hooks\-use-drawing-group.tsx" (prefix with "-")
  2. Use 'routeFileIgnorePattern' in your config to match this file

Current configuration:
  routeFileIgnorePrefix: "-"
  routeFileIgnorePattern: undefined
Warning: Route file "C:/Users/Admin/Desktop/CogainCore/cogain-core/frontend/bizdoc/src/routes/_app/rnd/drawing-status/_components/drawing-status-filter-popover.tsx" does not export a Route. This file will not be included in the route tree.

If this file is not intended to be a route, you can exclude it using one of these options:
  1. Rename the file to "C:\Users\Admin\Desktop\CogainCore\cogain-core\frontend\bizdoc\src\routes\_app\rnd\drawing-status\_components\-drawing-status-filter-popover.tsx" (prefix with "-")
  2. Use 'routeFileIgnorePattern' in your config to match this file

Current configuration:
  routeFileIgnorePrefix: "-"
  routeFileIgnorePattern: undefined
Warning: Route file "C:/Users/Admin/Desktop/CogainCore/cogain-core/frontend/bizdoc/src/routes/_app/rnd/drawing-purpose/_components/drawing-purpose-filter-popover.tsx" does not export a Route. This file will not be included in the route tree.

If this file is not intended to be a route, you can exclude it using one of these options:
  1. Rename the file to "C:\Users\Admin\Desktop\CogainCore\cogain-core\frontend\bizdoc\src\routes\_app\rnd\drawing-purpose\_components\-drawing-purpose-filter-popover.tsx" (prefix with "-")
  2. Use 'routeFileIgnorePattern' in your config to match this file

Current configuration:
  routeFileIgnorePrefix: "-"
  routeFileIgnorePattern: undefined
Warning: Route file "C:/Users/Admin/Desktop/CogainCore/cogain-core/frontend/bizdoc/src/routes/_app/rnd/drawing-type/_hooks/use-drawing-type.tsx" does not export a Route. This file will not be included in the route tree.

If this file is not intended to be a route, you can exclude it using one of these options:
  1. Rename the file to "C:\Users\Admin\Desktop\CogainCore\cogain-core\frontend\bizdoc\src\routes\_app\rnd\drawing-type\_hooks\-use-drawing-type.tsx" (prefix with "-")
  2. Use 'routeFileIgnorePattern' in your config to match this file

Current configuration:
  routeFileIgnorePrefix: "-"
  routeFileIgnorePattern: undefined
Warning: Route file "C:/Users/Admin/Desktop/CogainCore/cogain-core/frontend/bizdoc/src/routes/_app/rnd/drawing-type/_components/drawing-type-filter-popover.tsx" does not export a Route. This file will not be included in the route tree.

If this file is not intended to be a route, you can exclude it using one of these options:
  1. Rename the file to "C:\Users\Admin\Desktop\CogainCore\cogain-core\frontend\bizdoc\src\routes\_app\rnd\drawing-type\_components\-drawing-type-filter-popover.tsx" (prefix with "-")
  2. Use 'routeFileIgnorePattern' in your config to match this file

Current configuration:
  routeFileIgnorePrefix: "-"
  routeFileIgnorePattern: undefined
Warning: Route file "C:/Users/Admin/Desktop/CogainCore/cogain-core/frontend/bizdoc/src/routes/_app/rnd/drawing-purpose/_hooks/use-drawing-purpose.tsx" does not export a Route. This file will not be included in the route tree.

If this file is not intended to be a route, you can exclude it using one of these options:
  1. Rename the file to "C:\Users\Admin\Desktop\CogainCore\cogain-core\frontend\bizdoc\src\routes\_app\rnd\drawing-purpose\_hooks\-use-drawing-purpose.tsx" (prefix with "-")
  2. Use 'routeFileIgnorePattern' in your config to match this file

Current configuration:
  routeFileIgnorePrefix: "-"
  routeFileIgnorePattern: undefined
Warning: Route file "C:/Users/Admin/Desktop/CogainCore/cogain-core/frontend/bizdoc/src/routes/_app/rnd/drawing/_components/confirm-drawing-dialog.tsx" does not export a Route. This file will not be included in the route tree.

If this file is not intended to be a route, you can exclude it using one of these options:
  1. Rename the file to "C:\Users\Admin\Desktop\CogainCore\cogain-core\frontend\bizdoc\src\routes\_app\rnd\drawing\_components\-confirm-drawing-dialog.tsx" (prefix with "-")
  2. Use 'routeFileIgnorePattern' in your config to match this file

Current configuration:
  routeFileIgnorePrefix: "-"
  routeFileIgnorePattern: undefined
Warning: Route file "C:/Users/Admin/Desktop/CogainCore/cogain-core/frontend/bizdoc/src/routes/_app/rnd/drawing/_components/drawing-form.tsx" does not export a Route. This file will not be included in the route tree.

If this file is not intended to be a route, you can exclude it using one of these options:
  1. Rename the file to "C:\Users\Admin\Desktop\CogainCore\cogain-core\frontend\bizdoc\src\routes\_app\rnd\drawing\_components\-drawing-form.tsx" (prefix with "-")
  2. Use 'routeFileIgnorePattern' in your config to match this file

Current configuration:
  routeFileIgnorePrefix: "-"
  routeFileIgnorePattern: undefined
Warning: Route file "C:/Users/Admin/Desktop/CogainCore/cogain-core/frontend/bizdoc/src/routes/_app/rnd/drawing/_components/drawing-filter-popover.tsx" does not export a Route. This file will not be included in the route tree.

If this file is not intended to be a route, you can exclude it using one of these options:
  1. Rename the file to "C:\Users\Admin\Desktop\CogainCore\cogain-core\frontend\bizdoc\src\routes\_app\rnd\drawing\_components\-drawing-filter-popover.tsx" (prefix with "-")
  2. Use 'routeFileIgnorePattern' in your config to match this file

Current configuration:
  routeFileIgnorePrefix: "-"
  routeFileIgnorePattern: undefined
Warning: Route file "C:/Users/Admin/Desktop/CogainCore/cogain-core/frontend/bizdoc/src/routes/_app/rnd/drawing/_hooks/use-drawing.tsx" does not export a Route. This file will not be included in the route tree.

If this file is not intended to be a route, you can exclude it using one of these options:
  1. Rename the file to "C:\Users\Admin\Desktop\CogainCore\cogain-core\frontend\bizdoc\src\routes\_app\rnd\drawing\_hooks\-use-drawing.tsx" (prefix with "-")
  2. Use 'routeFileIgnorePattern' in your config to match this file

Current configuration:
  routeFileIgnorePrefix: "-"
  routeFileIgnorePattern: undefined
Warning: Route file "C:/Users/Admin/Desktop/CogainCore/cogain-core/frontend/bizdoc/src/routes/_app/rnd/drawing-status/_components/drawing-status-form.tsx" does not export a Route. This file will not be included in the route tree.

If this file is not intended to be a route, you can exclude it using one of these options:
  1. Rename the file to "C:\Users\Admin\Desktop\CogainCore\cogain-core\frontend\bizdoc\src\routes\_app\rnd\drawing-status\_components\-drawing-status-form.tsx" (prefix with "-")
  2. Use 'routeFileIgnorePattern' in your config to match this file

Current configuration:
  routeFileIgnorePrefix: "-"
  routeFileIgnorePattern: undefined
Warning: Route file "C:/Users/Admin/Desktop/CogainCore/cogain-core/frontend/bizdoc/src/routes/_app/rnd/drawing/_components/drawing-standard-picker-dialog.tsx" does not export a Route. This file will not be included in the route tree.

If this file is not intended to be a route, you can exclude it using one of these options:
  1. Rename the file to "C:\Users\Admin\Desktop\CogainCore\cogain-core\frontend\bizdoc\src\routes\_app\rnd\drawing\_components\-drawing-standard-picker-dialog.tsx" (prefix with "-")
  2. Use 'routeFileIgnorePattern' in your config to match this file

Current configuration:
  routeFileIgnorePrefix: "-"
  routeFileIgnorePattern: undefined
Warning: Route file "C:/Users/Admin/Desktop/CogainCore/cogain-core/frontend/bizdoc/src/routes/_app/rnd/drawing-status/_hooks/use-drawing-status.tsx" does not export a Route. This file will not be included in the route tree.

If this file is not intended to be a route, you can exclude it using one of these options:
  1. Rename the file to "C:\Users\Admin\Desktop\CogainCore\cogain-core\frontend\bizdoc\src\routes\_app\rnd\drawing-status\_hooks\-use-drawing-status.tsx" (prefix with "-")
  2. Use 'routeFileIgnorePattern' in your config to match this file

Current configuration:
  routeFileIgnorePrefix: "-"
  routeFileIgnorePattern: undefined
Warning: Route file "C:/Users/Admin/Desktop/CogainCore/cogain-core/frontend/bizdoc/src/routes/_app/rnd/item-template-group/_components/item-template-group-form.tsx" does not export a Route. This file will not be included in the route tree.

If this file is not intended to be a route, you can exclude it using one of these options:
  1. Rename the file to "C:\Users\Admin\Desktop\CogainCore\cogain-core\frontend\bizdoc\src\routes\_app\rnd\item-template-group\_components\-item-template-group-form.tsx" (prefix with "-")
  2. Use 'routeFileIgnorePattern' in your config to match this file

Current configuration:
  routeFileIgnorePrefix: "-"
  routeFileIgnorePattern: undefined
Warning: Route file "C:/Users/Admin/Desktop/CogainCore/cogain-core/frontend/bizdoc/src/routes/_app/rnd/item-template-type/_components/item-template-type-form.tsx" does not export a Route. This file will not be included in the route tree.

If this file is not intended to be a route, you can exclude it using one of these options:
  1. Rename the file to "C:\Users\Admin\Desktop\CogainCore\cogain-core\frontend\bizdoc\src\routes\_app\rnd\item-template-type\_components\-item-template-type-form.tsx" (prefix with "-")
  2. Use 'routeFileIgnorePattern' in your config to match this file

Current configuration:
  routeFileIgnorePrefix: "-"
  routeFileIgnorePattern: undefined
Warning: Route file "C:/Users/Admin/Desktop/CogainCore/cogain-core/frontend/bizdoc/src/routes/_app/rnd/material-group/_components/material-group-filter-popover.tsx" does not export a Route. This file will not be included in the route tree.

If this file is not intended to be a route, you can exclude it using one of these options:
  1. Rename the file to "C:\Users\Admin\Desktop\CogainCore\cogain-core\frontend\bizdoc\src\routes\_app\rnd\material-group\_components\-material-group-filter-popover.tsx" (prefix with "-")
  2. Use 'routeFileIgnorePattern' in your config to match this file

Current configuration:
  routeFileIgnorePrefix: "-"
  routeFileIgnorePattern: undefined
Warning: Route file "C:/Users/Admin/Desktop/CogainCore/cogain-core/frontend/bizdoc/src/routes/_app/rnd/material-type/_components/material-type-filter-popover.tsx" does not export a Route. This file will not be included in the route tree.

If this file is not intended to be a route, you can exclude it using one of these options:
  1. Rename the file to "C:\Users\Admin\Desktop\CogainCore\cogain-core\frontend\bizdoc\src\routes\_app\rnd\material-type\_components\-material-type-filter-popover.tsx" (prefix with "-")
  2. Use 'routeFileIgnorePattern' in your config to match this file

Current configuration:
  routeFileIgnorePrefix: "-"
  routeFileIgnorePattern: undefined
Warning: Route file "C:/Users/Admin/Desktop/CogainCore/cogain-core/frontend/bizdoc/src/routes/_app/rnd/material-group/_components/material-group-form.tsx" does not export a Route. This file will not be included in the route tree.

If this file is not intended to be a route, you can exclude it using one of these options:
  1. Rename the file to "C:\Users\Admin\Desktop\CogainCore\cogain-core\frontend\bizdoc\src\routes\_app\rnd\material-group\_components\-material-group-form.tsx" (prefix with "-")
  2. Use 'routeFileIgnorePattern' in your config to match this file

Current configuration:
  routeFileIgnorePrefix: "-"
  routeFileIgnorePattern: undefined
Warning: Route file "C:/Users/Admin/Desktop/CogainCore/cogain-core/frontend/bizdoc/src/routes/_app/rnd/material/_components/material-filter-popover.tsx" does not export a Route. This file will not be included in the route tree.

If this file is not intended to be a route, you can exclude it using one of these options:
  1. Rename the file to "C:\Users\Admin\Desktop\CogainCore\cogain-core\frontend\bizdoc\src\routes\_app\rnd\material\_components\-material-filter-popover.tsx" (prefix with "-")
  2. Use 'routeFileIgnorePattern' in your config to match this file

Current configuration:
  routeFileIgnorePrefix: "-"
  routeFileIgnorePattern: undefined
Warning: Route file "C:/Users/Admin/Desktop/CogainCore/cogain-core/frontend/bizdoc/src/routes/_app/rnd/drawing/_components/drawing-version-up-form.tsx" does not export a Route. This file will not be included in the route tree.

If this file is not intended to be a route, you can exclude it using one of these options:
  1. Rename the file to "C:\Users\Admin\Desktop\CogainCore\cogain-core\frontend\bizdoc\src\routes\_app\rnd\drawing\_components\-drawing-version-up-form.tsx" (prefix with "-")
  2. Use 'routeFileIgnorePattern' in your config to match this file

Current configuration:
  routeFileIgnorePrefix: "-"
  routeFileIgnorePattern: undefined
Warning: Route file "C:/Users/Admin/Desktop/CogainCore/cogain-core/frontend/bizdoc/src/routes/_app/rnd/material-type/_components/material-type-form.tsx" does not export a Route. This file will not be included in the route tree.

If this file is not intended to be a route, you can exclude it using one of these options:
  1. Rename the file to "C:\Users\Admin\Desktop\CogainCore\cogain-core\frontend\bizdoc\src\routes\_app\rnd\material-type\_components\-material-type-form.tsx" (prefix with "-")
  2. Use 'routeFileIgnorePattern' in your config to match this file

Current configuration:
  routeFileIgnorePrefix: "-"
  routeFileIgnorePattern: undefined
Warning: Route file "C:/Users/Admin/Desktop/CogainCore/cogain-core/frontend/bizdoc/src/routes/_app/rnd/material/_components/material-form.tsx" does not export a Route. This file will not be included in the route tree.

If this file is not intended to be a route, you can exclude it using one of these options:
  1. Rename the file to "C:\Users\Admin\Desktop\CogainCore\cogain-core\frontend\bizdoc\src\routes\_app\rnd\material\_components\-material-form.tsx" (prefix with "-")
  2. Use 'routeFileIgnorePattern' in your config to match this file

Current configuration:
  routeFileIgnorePrefix: "-"
  routeFileIgnorePattern: undefined
Warning: Route file "C:/Users/Admin/Desktop/CogainCore/cogain-core/frontend/bizdoc/src/routes/_app/rnd/semi-finished-good/_components/semi-finished-good-children-table.tsx" does not export a Route. This file will not be included in the route tree.

If this file is not intended to be a route, you can exclude it using one of these options:
  1. Rename the file to "C:\Users\Admin\Desktop\CogainCore\cogain-core\frontend\bizdoc\src\routes\_app\rnd\semi-finished-good\_components\-semi-finished-good-children-table.tsx" (prefix with "-")
  2. Use 'routeFileIgnorePattern' in your config to match this file

Current configuration:
  routeFileIgnorePrefix: "-"
  routeFileIgnorePattern: undefined
Warning: Route file "C:/Users/Admin/Desktop/CogainCore/cogain-core/frontend/bizdoc/src/routes/_app/rnd/raw-material-template/_components/raw-material-template-form.tsx" does not export a Route. This file will not be included in the route tree.

If this file is not intended to be a route, you can exclude it using one of these options:
  1. Rename the file to "C:\Users\Admin\Desktop\CogainCore\cogain-core\frontend\bizdoc\src\routes\_app\rnd\raw-material-template\_components\-raw-material-template-form.tsx" (prefix with "-")
  2. Use 'routeFileIgnorePattern' in your config to match this file

Current configuration:
  routeFileIgnorePrefix: "-"
  routeFileIgnorePattern: undefined
Warning: Route file "C:/Users/Admin/Desktop/CogainCore/cogain-core/frontend/bizdoc/src/routes/_app/rnd/semi-finished-good/_components/semi-finished-good-form-children-selection-dialog.tsx" does not export a Route. This file will not be included in the route tree.

If this file is not intended to be a route, you can exclude it using one of these options:
  1. Rename the file to "C:\Users\Admin\Desktop\CogainCore\cogain-core\frontend\bizdoc\src\routes\_app\rnd\semi-finished-good\_components\-semi-finished-good-form-children-selection-dialog.tsx" (prefix with "-")
  2. Use 'routeFileIgnorePattern' in your config to match this file

Current configuration:
  routeFileIgnorePrefix: "-"
  routeFileIgnorePattern: undefined
Warning: Route file "C:/Users/Admin/Desktop/CogainCore/cogain-core/frontend/bizdoc/src/routes/_app/rnd/semi-finished-good/_components/semi-finished-good-form-children-table.tsx" does not export a Route. This file will not be included in the route tree.

If this file is not intended to be a route, you can exclude it using one of these options:
  1. Rename the file to "C:\Users\Admin\Desktop\CogainCore\cogain-core\frontend\bizdoc\src\routes\_app\rnd\semi-finished-good\_components\-semi-finished-good-form-children-table.tsx" (prefix with "-")
  2. Use 'routeFileIgnorePattern' in your config to match this file

Current configuration:
  routeFileIgnorePrefix: "-"
  routeFileIgnorePattern: undefined
Warning: Route file "C:/Users/Admin/Desktop/CogainCore/cogain-core/frontend/bizdoc/src/routes/_app/sale/project/_components/project-detail-filter-popover.tsx" does not export a Route. This file will not be included in the route tree.

If this file is not intended to be a route, you can exclude it using one of these options:
  1. Rename the file to "C:\Users\Admin\Desktop\CogainCore\cogain-core\frontend\bizdoc\src\routes\_app\sale\project\_components\-project-detail-filter-popover.tsx" (prefix with "-")
  2. Use 'routeFileIgnorePattern' in your config to match this file

Current configuration:
  routeFileIgnorePrefix: "-"
  routeFileIgnorePattern: undefined
Warning: Route file "C:/Users/Admin/Desktop/CogainCore/cogain-core/frontend/bizdoc/src/routes/_app/rnd/semi-finished-good/_components/semi-finished-good-form.tsx" does not export a Route. This file will not be included in the route tree.

If this file is not intended to be a route, you can exclude it using one of these options:
  1. Rename the file to "C:\Users\Admin\Desktop\CogainCore\cogain-core\frontend\bizdoc\src\routes\_app\rnd\semi-finished-good\_components\-semi-finished-good-form.tsx" (prefix with "-")
  2. Use 'routeFileIgnorePattern' in your config to match this file

Current configuration:
  routeFileIgnorePrefix: "-"
  routeFileIgnorePattern: undefined
Warning: Route file "C:/Users/Admin/Desktop/CogainCore/cogain-core/frontend/bizdoc/src/routes/_app/sale/project/_components/project-filter-popover.tsx" does not export a Route. This file will not be included in the route tree.

If this file is not intended to be a route, you can exclude it using one of these options:
  1. Rename the file to "C:\Users\Admin\Desktop\CogainCore\cogain-core\frontend\bizdoc\src\routes\_app\sale\project\_components\-project-filter-popover.tsx" (prefix with "-")
  2. Use 'routeFileIgnorePattern' in your config to match this file

Current configuration:
  routeFileIgnorePrefix: "-"
  routeFileIgnorePattern: undefined
Warning: Route file "C:/Users/Admin/Desktop/CogainCore/cogain-core/frontend/bizdoc/src/routes/_app/sale/project/_components/project-detail-table.tsx" does not export a Route. This file will not be included in the route tree.

If this file is not intended to be a route, you can exclude it using one of these options:
  1. Rename the file to "C:\Users\Admin\Desktop\CogainCore\cogain-core\frontend\bizdoc\src\routes\_app\sale\project\_components\-project-detail-table.tsx" (prefix with "-")
  2. Use 'routeFileIgnorePattern' in your config to match this file

Current configuration:
  routeFileIgnorePrefix: "-"
  routeFileIgnorePattern: undefined
Warning: Route file "C:/Users/Admin/Desktop/CogainCore/cogain-core/frontend/bizdoc/src/routes/_app/rnd/drawing-type/_components/drawing-type-form.tsx" does not export a Route. This file will not be included in the route tree.

If this file is not intended to be a route, you can exclude it using one of these options:
  1. Rename the file to "C:\Users\Admin\Desktop\CogainCore\cogain-core\frontend\bizdoc\src\routes\_app\rnd\drawing-type\_components\-drawing-type-form.tsx" (prefix with "-")
  2. Use 'routeFileIgnorePattern' in your config to match this file

Current configuration:
  routeFileIgnorePrefix: "-"
  routeFileIgnorePattern: undefined
Warning: Route file "C:/Users/Admin/Desktop/CogainCore/cogain-core/frontend/bizdoc/src/routes/_app/sale/project/_components/project-form.tsx" does not export a Route. This file will not be included in the route tree.

If this file is not intended to be a route, you can exclude it using one of these options:
  1. Rename the file to "C:\Users\Admin\Desktop\CogainCore\cogain-core\frontend\bizdoc\src\routes\_app\sale\project\_components\-project-form.tsx" (prefix with "-")
  2. Use 'routeFileIgnorePattern' in your config to match this file

Current configuration:
  routeFileIgnorePrefix: "-"
  routeFileIgnorePattern: undefined
Warning: Route file "C:/Users/Admin/Desktop/CogainCore/cogain-core/frontend/bizdoc/src/routes/_app/sale/project/_components/project-form-detail-table.tsx" does not export a Route. This file will not be included in the route tree.

If this file is not intended to be a route, you can exclude it using one of these options:
  1. Rename the file to "C:\Users\Admin\Desktop\CogainCore\cogain-core\frontend\bizdoc\src\routes\_app\sale\project\_components\-project-form-detail-table.tsx" (prefix with "-")
  2. Use 'routeFileIgnorePattern' in your config to match this file

Current configuration:
  routeFileIgnorePrefix: "-"
  routeFileIgnorePattern: undefined
Warning: Route file "C:/Users/Admin/Desktop/CogainCore/cogain-core/frontend/bizdoc/src/routes/_app/sale/project/_components/project-sub-form-row.tsx" does not export a Route. This file will not be included in the route tree.

If this file is not intended to be a route, you can exclude it using one of these options:
  1. Rename the file to "C:\Users\Admin\Desktop\CogainCore\cogain-core\frontend\bizdoc\src\routes\_app\sale\project\_components\-project-sub-form-row.tsx" (prefix with "-")
  2. Use 'routeFileIgnorePattern' in your config to match this file

Current configuration:
  routeFileIgnorePrefix: "-"
  routeFileIgnorePattern: undefined
Warning: Route file "C:/Users/Admin/Desktop/CogainCore/cogain-core/frontend/bizdoc/src/routes/_app/attendance/business-trip/_schema/index.ts" does not export a Route. This file will not be included in the route tree.

If this file is not intended to be a route, you can exclude it using one of these options:
  1. Rename the file to "C:\Users\Admin\Desktop\CogainCore\cogain-core\frontend\bizdoc\src\routes\_app\attendance\business-trip\_schema\-index.ts" (prefix with "-")
  2. Use 'routeFileIgnorePattern' in your config to match this file

Current configuration:
  routeFileIgnorePrefix: "-"
  routeFileIgnorePattern: undefined
Warning: Route file "C:/Users/Admin/Desktop/CogainCore/cogain-core/frontend/bizdoc/src/routes/_app/sale/project/_hooks/use-project.tsx" does not export a Route. This file will not be included in the route tree.

If this file is not intended to be a route, you can exclude it using one of these options:
  1. Rename the file to "C:\Users\Admin\Desktop\CogainCore\cogain-core\frontend\bizdoc\src\routes\_app\sale\project\_hooks\-use-project.tsx" (prefix with "-")
  2. Use 'routeFileIgnorePattern' in your config to match this file

Current configuration:
  routeFileIgnorePrefix: "-"
  routeFileIgnorePattern: undefined
Warning: Route file "C:/Users/Admin/Desktop/CogainCore/cogain-core/frontend/bizdoc/src/routes/_app/rnd/semi-finished-good/_components/semi-finished-good-filter-popover.tsx" does not export a Route. This file will not be included in the route tree.

If this file is not intended to be a route, you can exclude it using one of these options:
  1. Rename the file to "C:\Users\Admin\Desktop\CogainCore\cogain-core\frontend\bizdoc\src\routes\_app\rnd\semi-finished-good\_components\-semi-finished-good-filter-popover.tsx" (prefix with "-")
  2. Use 'routeFileIgnorePattern' in your config to match this file

Current configuration:
  routeFileIgnorePrefix: "-"
  routeFileIgnorePattern: undefined
Warning: Route file "C:/Users/Admin/Desktop/CogainCore/cogain-core/frontend/bizdoc/src/routes/_app/attendance/business-trip/_schema/business-trip.schema.ts" does not export a Route. This file will not be included in the route tree.

If this file is not intended to be a route, you can exclude it using one of these options:
  1. Rename the file to "C:\Users\Admin\Desktop\CogainCore\cogain-core\frontend\bizdoc\src\routes\_app\attendance\business-trip\_schema\-business-trip.schema.ts" (prefix with "-")
  2. Use 'routeFileIgnorePattern' in your config to match this file

Current configuration:
  routeFileIgnorePrefix: "-"
  routeFileIgnorePattern: undefined
Warning: Route file "C:/Users/Admin/Desktop/CogainCore/cogain-core/frontend/bizdoc/src/routes/_app/logistic/delivery-packaging/$id/detail/use-delivery-packaging-detail-filters.ts" does not export a Route. This file will not be included in the route tree.

If this file is not intended to be a route, you can exclude it using one of these options:
  1. Rename the file to "C:\Users\Admin\Desktop\CogainCore\cogain-core\frontend\bizdoc\src\routes\_app\logistic\delivery-packaging\$id\detail\-use-delivery-packaging-detail-filters.ts" (prefix with "-")
  2. Use 'routeFileIgnorePattern' in your config to match this file

Current configuration:
  routeFileIgnorePrefix: "-"
  routeFileIgnorePattern: undefined
Warning: Route file "C:/Users/Admin/Desktop/CogainCore/cogain-core/frontend/bizdoc/src/routes/_app/production-management/budget/$id/detail/use-production-budget-detail-filters.ts" does not export a Route. This file will not be included in the route tree.

If this file is not intended to be a route, you can exclude it using one of these options:
  1. Rename the file to "C:\Users\Admin\Desktop\CogainCore\cogain-core\frontend\bizdoc\src\routes\_app\production-management\budget\$id\detail\-use-production-budget-detail-filters.ts" (prefix with "-")
  2. Use 'routeFileIgnorePattern' in your config to match this file

Current configuration:
  routeFileIgnorePrefix: "-"
  routeFileIgnorePattern: undefined
Warning: Route file "C:/Users/Admin/Desktop/CogainCore/cogain-core/frontend/bizdoc/src/routes/_app/installation-management/installation-order/$id/detail/use-installation-order-detail-filters.ts" does not export a Route. This file will not be included in the route tree.

If this file is not intended to be a route, you can exclude it using one of these options:
  1. Rename the file to "C:\Users\Admin\Desktop\CogainCore\cogain-core\frontend\bizdoc\src\routes\_app\installation-management\installation-order\$id\detail\-use-installation-order-detail-filters.ts" (prefix with "-")
  2. Use 'routeFileIgnorePattern' in your config to match this file

Current configuration:
  routeFileIgnorePrefix: "-"
  routeFileIgnorePattern: undefined
Warning: Route file "C:/Users/Admin/Desktop/CogainCore/cogain-core/frontend/bizdoc/src/routes/_app/logistic/packing-list-report/_components/packing-list-report.types.ts" does not export a Route. This file will not be included in the route tree.

If this file is not intended to be a route, you can exclude it using one of these options:
  1. Rename the file to "C:\Users\Admin\Desktop\CogainCore\cogain-core\frontend\bizdoc\src\routes\_app\logistic\packing-list-report\_components\-packing-list-report.types.ts" (prefix with "-")
  2. Use 'routeFileIgnorePattern' in your config to match this file

Current configuration:
  routeFileIgnorePrefix: "-"
  routeFileIgnorePattern: undefined
Warning: Route file "C:/Users/Admin/Desktop/CogainCore/cogain-core/frontend/bizdoc/src/routes/_app/production-management/manpower-dispatch/$id/detail/use-manpower-dispatch-detail-filters.ts" does not export a Route. This file will not be included in the route tree.

If this file is not intended to be a route, you can exclude it using one of these options:
  1. Rename the file to "C:\Users\Admin\Desktop\CogainCore\cogain-core\frontend\bizdoc\src\routes\_app\production-management\manpower-dispatch\$id\detail\-use-manpower-dispatch-detail-filters.ts" (prefix with "-")
  2. Use 'routeFileIgnorePattern' in your config to match this file

Current configuration:
  routeFileIgnorePrefix: "-"
  routeFileIgnorePattern: undefined
Warning: Route file "C:/Users/Admin/Desktop/CogainCore/cogain-core/frontend/bizdoc/src/routes/_app/production-management/norm/$id/detail/use-production-norm-detail-filters.ts" does not export a Route. This file will not be included in the route tree.

If this file is not intended to be a route, you can exclude it using one of these options:
  1. Rename the file to "C:\Users\Admin\Desktop\CogainCore\cogain-core\frontend\bizdoc\src\routes\_app\production-management\norm\$id\detail\-use-production-norm-detail-filters.ts" (prefix with "-")
  2. Use 'routeFileIgnorePattern' in your config to match this file

Current configuration:
  routeFileIgnorePrefix: "-"
  routeFileIgnorePattern: undefined
Warning: Route file "C:/Users/Admin/Desktop/CogainCore/cogain-core/frontend/bizdoc/src/routes/_app/production-management/non-manpower-dispatch/$id/detail/use-non-manpower-dispatch-detail-filters.ts" does not export a Route. This file will not be included in the route tree.

If this file is not intended to be a route, you can exclude it using one of these options:
  1. Rename the file to "C:\Users\Admin\Desktop\CogainCore\cogain-core\frontend\bizdoc\src\routes\_app\production-management\non-manpower-dispatch\$id\detail\-use-non-manpower-dispatch-detail-filters.ts" (prefix with "-")
  2. Use 'routeFileIgnorePattern' in your config to match this file

Current configuration:
  routeFileIgnorePrefix: "-"
  routeFileIgnorePattern: undefined
Warning: Route file "C:/Users/Admin/Desktop/CogainCore/cogain-core/frontend/bizdoc/src/routes/_app/production-management/order/$id/detail/use-production-order-detail-filters.ts" does not export a Route. This file will not be included in the route tree.

If this file is not intended to be a route, you can exclude it using one of these options:
  1. Rename the file to "C:\Users\Admin\Desktop\CogainCore\cogain-core\frontend\bizdoc\src\routes\_app\production-management\order\$id\detail\-use-production-order-detail-filters.ts" (prefix with "-")
  2. Use 'routeFileIgnorePattern' in your config to match this file

Current configuration:
  routeFileIgnorePrefix: "-"
  routeFileIgnorePattern: undefined
Warning: Route file "C:/Users/Admin/Desktop/CogainCore/cogain-core/frontend/bizdoc/src/routes/_app/maintenance-management/maintenance-order/$id/detail/use-maintenance-order-detail-filters.ts" does not export a Route. This file will not be included in the route tree.

If this file is not intended to be a route, you can exclude it using one of these options:
  1. Rename the file to "C:\Users\Admin\Desktop\CogainCore\cogain-core\frontend\bizdoc\src\routes\_app\maintenance-management\maintenance-order\$id\detail\-use-maintenance-order-detail-filters.ts" (prefix with "-")
  2. Use 'routeFileIgnorePattern' in your config to match this file

Current configuration:
  routeFileIgnorePrefix: "-"
  routeFileIgnorePattern: undefined
Warning: Route file "C:/Users/Admin/Desktop/CogainCore/cogain-core/frontend/bizdoc/src/routes/_app/rnd/drawing/_components/drawing-print/drawing-print.tsx" does not export a Route. This file will not be included in the route tree.

If this file is not intended to be a route, you can exclude it using one of these options:
  1. Rename the file to "C:\Users\Admin\Desktop\CogainCore\cogain-core\frontend\bizdoc\src\routes\_app\rnd\drawing\_components\drawing-print\-drawing-print.tsx" (prefix with "-")
  2. Use 'routeFileIgnorePattern' in your config to match this file

Current configuration:
  routeFileIgnorePrefix: "-"
  routeFileIgnorePattern: undefined
vite v7.3.1 building client environment for production...
transforming...
../../node_modules/.pnpm/@microsoft+signalr@9.0.6/node_modules/@microsoft/signalr/dist/esm/Utils.js (190:0): A comment

"/*#__PURE__*/"

in "../../node_modules/.pnpm/@microsoft+signalr@9.0.6/node_modules/@microsoft/signalr/dist/esm/Utils.js" contains an annotation that Rollup cannot interpret due to the position of the comment. The comment will be removed to avoid issues.
../../node_modules/.pnpm/@microsoft+signalr@9.0.6/node_modules/@microsoft/signalr/dist/esm/Utils.js (208:0): A comment

"/*#__PURE__*/"

in "../../node_modules/.pnpm/@microsoft+signalr@9.0.6/node_modules/@microsoft/signalr/dist/esm/Utils.js" contains an annotation that Rollup cannot interpret due to the position of the comment. The comment will be removed to avoid issues.
✓ 6263 modules transformed.
rendering chunks...
[plugin vite:reporter] 
(!) C:/Users/Admin/Desktop/CogainCore/cogain-core/frontend/bizdoc/src/lib/ensure-valid-token.ts is dynamically imported by C:/Users/Admin/Desktop/CogainCore/cogain-core/frontend/bizdoc/src/lib/api-client.ts but also statically imported by C:/Users/Admin/Desktop/CogainCore/cogain-core/frontend/bizdoc/src/components/provider/generic-signalr-provider.tsx, C:/Users/Admin/Desktop/CogainCore/cogain-core/frontend/bizdoc/src/lib/api-client.ts, C:/Users/Admin/Desktop/CogainCore/cogain-core/frontend/bizdoc/src/routes/_app.tsx, C:/Users/Admin/Desktop/CogainCore/cogain-core/frontend/bizdoc/src/services/auth/auth-service.ts, dynamic import will not move module into another chunk.

computing gzip size...
dist/index.html                                                               0.52 kB │ gzip:   0.33 kB
dist/assets/martech-logo-CYJ8gHEm.png                                        11.06 kB
dist/assets/bizdoc-logo-BBRQgBuL.png                                         24.11 kB
dist/assets/SVN-GilroySemiBold-7A3mKi4J.woff2                                27.93 kB
dist/assets/SVN-Gilroy-D2zDpwml.woff2                                        29.52 kB
dist/assets/SVN-GilroyMedium-2b0jty1F.woff2                                  31.31 kB
dist/assets/logo-martech-CzmkkXZa.png                                       113.55 kB
dist/assets/index-otdFdABK.css                                              346.80 kB │ gzip:  49.26 kB
dist/assets/usage-status.enum-n5RlZffn.js                                     0.09 kB │ gzip:   0.10 kB
dist/assets/raw-mat-pmr-detail-type.enum-DQuPF954.js                          0.10 kB │ gzip:   0.10 kB
dist/assets/acceptance-verify-result.enum-CN9JWZt5.js                         0.11 kB │ gzip:   0.11 kB
dist/assets/production-object-type.enum-Dh2o2ORt.js                           0.12 kB │ gzip:   0.10 kB
dist/assets/work-item.type-llchcl-x.js                                        0.14 kB │ gzip:   0.13 kB
dist/assets/service-role.enum-COD4XWaj.js                                     0.16 kB │ gzip:   0.14 kB
dist/assets/acceptance-type.enum-BZ9ZO0D4.js                                  0.17 kB │ gzip:   0.14 kB
dist/assets/cash-book-service-CvbuA_i_.js                                     0.18 kB │ gzip:   0.16 kB
dist/assets/step-status-service-BMobPS81.js                                   0.18 kB │ gzip:   0.16 kB
dist/assets/drawing-type-service-BH-hN3Ep.js                                  0.18 kB │ gzip:   0.17 kB
dist/assets/drawing-status-service-39MTNysM.js                                0.18 kB │ gzip:   0.17 kB
dist/assets/drawing-purpose-service-jBQoDN9v.js                               0.18 kB │ gzip:   0.17 kB
dist/assets/project-product-item-service-DnSK1o-I.js                          0.19 kB │ gzip:   0.17 kB
dist/assets/report-B6PuopqY.js                                                0.20 kB │ gzip:   0.16 kB
dist/assets/tally-1-CgIYlfnm.js                                               0.20 kB │ gzip:   0.18 kB
dist/assets/slash-DGMRzdIK.js                                                 0.20 kB │ gzip:   0.18 kB
dist/assets/wifi-zero-Cs30Ajj8.js                                             0.21 kB │ gzip:   0.19 kB
dist/assets/signal-zero-DsyTeBqX.js                                           0.21 kB │ gzip:   0.19 kB
dist/assets/circle-DOrI0Reb.js                                                0.21 kB │ gzip:   0.19 kB
dist/assets/dot-CJ5Dhdns.js                                                   0.21 kB │ gzip:   0.19 kB
dist/assets/circle-small-CDKtkinw.js                                          0.22 kB │ gzip:   0.19 kB
dist/assets/mountain-BWuiKNNK.js                                              0.22 kB │ gzip:   0.20 kB
dist/assets/bluetooth-o0GfDSgw.js                                             0.22 kB │ gzip:   0.20 kB
dist/assets/fish-symbol-DtMLK8PE.js                                           0.23 kB │ gzip:   0.20 kB
dist/assets/square-CAXhdEw7.js                                                0.23 kB │ gzip:   0.20 kB
dist/assets/sale-order-BnOCM008.js                                            0.23 kB │ gzip:   0.19 kB
dist/assets/project-DlX3i3UQ.js                                               0.23 kB │ gzip:   0.19 kB
dist/assets/sale-order-BibuG_2s.js                                            0.23 kB │ gzip:   0.19 kB
dist/assets/project-DWGbZ7FC.js                                               0.23 kB │ gzip:   0.19 kB
dist/assets/production-unit.type-26uzFCqm.js                                  0.23 kB │ gzip:   0.21 kB
dist/assets/navigation-2-COLTR-vw.js                                          0.23 kB │ gzip:   0.21 kB
dist/assets/space-CFCk68rl.js                                                 0.24 kB │ gzip:   0.21 kB
dist/assets/twitch-DuiZmmIQ.js                                                0.24 kB │ gzip:   0.21 kB
dist/assets/framer-9yOgSkQ3.js                                                0.24 kB │ gzip:   0.21 kB
dist/assets/egg-DdqzwIzk.js                                                   0.24 kB │ gzip:   0.21 kB
dist/assets/tally-2-ByU4nNA8.js                                               0.24 kB │ gzip:   0.20 kB
dist/assets/thermometer-HSkyihLM.js                                           0.24 kB │ gzip:   0.21 kB
dist/assets/rectangle-vertical-Dw8kMJol.js                                    0.24 kB │ gzip:   0.21 kB
dist/assets/option-DYoulKEO.js                                                0.24 kB │ gzip:   0.21 kB
dist/assets/cloud-DhZ2Bhpe.js                                                 0.24 kB │ gzip:   0.22 kB
dist/assets/signal-low-BMFdoQoI.js                                            0.24 kB │ gzip:   0.21 kB
dist/assets/unlink-2-BpoPQMeT.js                                              0.24 kB │ gzip:   0.21 kB
dist/assets/rectangle-horizontal-CjiM07by.js                                  0.25 kB │ gzip:   0.21 kB
dist/assets/move-up-j4mkZgL5.js                                               0.25 kB │ gzip:   0.21 kB
dist/assets/terminal-EA4sR6gV.js                                              0.25 kB │ gzip:   0.21 kB
dist/assets/bookmark-DK7jbEQe.js                                              0.25 kB │ gzip:   0.22 kB
dist/assets/move-left-BUvu7RJy.js                                             0.25 kB │ gzip:   0.21 kB
dist/assets/squircle-Bo9_Ezn3.js                                              0.25 kB │ gzip:   0.21 kB
dist/assets/move-up-left-DC00yEsK.js                                          0.25 kB │ gzip:   0.21 kB
dist/assets/arrow-up-left-Mq4Szgnc.js                                         0.25 kB │ gzip:   0.21 kB
dist/assets/chevron-last-DjdEuc6c.js                                          0.25 kB │ gzip:   0.21 kB
dist/assets/chevron-first-C__3ouiQ.js                                         0.25 kB │ gzip:   0.21 kB
dist/assets/move-down-IAzkUnyC.js                                             0.25 kB │ gzip:   0.22 kB
dist/assets/move-up-right-DD6taiiC.js                                         0.25 kB │ gzip:   0.21 kB
dist/assets/music-3-BDwvihZj.js                                               0.25 kB │ gzip:   0.22 kB
dist/assets/arrow-down-left-ScA4cgoq.js                                       0.25 kB │ gzip:   0.21 kB
dist/assets/clock-12-CVE481RF.js                                              0.25 kB │ gzip:   0.22 kB
dist/assets/clock-6-CxN17ucK.js                                               0.25 kB │ gzip:   0.22 kB
dist/assets/move-down-left-DvucjegM.js                                        0.25 kB │ gzip:   0.22 kB
dist/assets/move-right-Cbfq68V3.js                                            0.25 kB │ gzip:   0.21 kB
dist/assets/arrow-down-right-B2jdLOLr.js                                      0.25 kB │ gzip:   0.22 kB
dist/assets/clock-9-CqwuXIfF.js                                               0.25 kB │ gzip:   0.22 kB
dist/assets/move-down-right-n7yWiOL4.js                                       0.25 kB │ gzip:   0.22 kB
dist/assets/music-2-DqkJZft4.js                                               0.25 kB │ gzip:   0.22 kB
dist/assets/chevrons-down-D8HfEyN1.js                                         0.26 kB │ gzip:   0.21 kB
dist/assets/clock-1-C5XWioWt.js                                               0.26 kB │ gzip:   0.22 kB
dist/assets/clock-2-Dure9R4S.js                                               0.26 kB │ gzip:   0.22 kB
dist/assets/clock-4-DblbpxVa.js                                               0.26 kB │ gzip:   0.22 kB
dist/assets/clock-5-UPkkCNxl.js                                               0.26 kB │ gzip:   0.22 kB
dist/assets/chevrons-up-KJY5QZtB.js                                           0.26 kB │ gzip:   0.20 kB
dist/assets/clock-7-BULeFzm-.js                                               0.26 kB │ gzip:   0.22 kB
dist/assets/clock-8-DcIv8A_8.js                                               0.26 kB │ gzip:   0.22 kB
dist/assets/infinity-CS--ct0p.js                                              0.26 kB │ gzip:   0.22 kB
dist/assets/not-found-DMto2WPm.js                                             0.26 kB │ gzip:   0.21 kB
dist/assets/acceptance-room-status.enum-C4_3ib1k.js                           0.26 kB │ gzip:   0.18 kB
dist/assets/chevrons-right-C5HahNQG.js                                        0.26 kB │ gzip:   0.20 kB
dist/assets/clock-10-BQicks5h.js                                              0.26 kB │ gzip:   0.22 kB
dist/assets/clock-11-B3_FP6e5.js                                              0.26 kB │ gzip:   0.22 kB
dist/assets/power-DTypjiOc.js                                                 0.26 kB │ gzip:   0.22 kB
dist/assets/chevrons-down-up-BOXBgjOd.js                                      0.26 kB │ gzip:   0.21 kB
dist/assets/blend-BSkrsOIJ.js                                                 0.26 kB │ gzip:   0.20 kB
dist/assets/chevrons-left-CfLiYH2a.js                                         0.26 kB │ gzip:   0.21 kB
dist/assets/gauge-tiKd7FTZ.js                                                 0.26 kB │ gzip:   0.22 kB
dist/assets/disc-BNCskHWn.js                                                  0.26 kB │ gzip:   0.20 kB
dist/assets/reply-CFAzDJ4J.js                                                 0.26 kB │ gzip:   0.22 kB
dist/assets/wifi-low-De1sbODm.js                                              0.26 kB │ gzip:   0.22 kB
dist/assets/chevrons-left-right-CnFvvxkF.js                                   0.26 kB │ gzip:   0.22 kB
dist/assets/circle-slash-2-DK8Oz_Yv.js                                        0.26 kB │ gzip:   0.22 kB
dist/assets/facebook-DAikbPip.js                                              0.26 kB │ gzip:   0.23 kB
dist/assets/trending-down-CQkNS3C3.js                                         0.26 kB │ gzip:   0.22 kB
dist/assets/chevrons-right-left-hIrVWaTK.js                                   0.26 kB │ gzip:   0.22 kB
dist/assets/forward-B7yBlcxh.js                                               0.26 kB │ gzip:   0.22 kB
dist/assets/iteration-cw-wo6qXZ6y.js                                          0.26 kB │ gzip:   0.22 kB
dist/assets/russian-ruble-D5oY2YYP.js                                         0.26 kB │ gzip:   0.22 kB
dist/assets/triangle-DkBxhCFl.js                                              0.26 kB │ gzip:   0.23 kB
dist/assets/eclipse-ZSZ7ajx2.js                                               0.27 kB │ gzip:   0.22 kB
dist/assets/circle-dot-Cma88h8r.js                                            0.27 kB │ gzip:   0.20 kB
dist/assets/command-D7Ls7gVV.js                                               0.27 kB │ gzip:   0.22 kB
dist/assets/iteration-ccw-hPEa1kpC.js                                         0.27 kB │ gzip:   0.23 kB
dist/assets/mouse-BzPoxPv4.js                                                 0.27 kB │ gzip:   0.23 kB
dist/assets/circle-chevron-up-DPxOSItW.js                                     0.27 kB │ gzip:   0.22 kB
dist/assets/chart-line-jl5po7lD.js                                            0.27 kB │ gzip:   0.23 kB
dist/assets/corner-right-up-C-f0H-y7.js                                       0.27 kB │ gzip:   0.23 kB
dist/assets/rows-2-cqhNzkcm.js                                                0.27 kB │ gzip:   0.23 kB
dist/assets/corner-down-left-C8Tu6_sr.js                                      0.27 kB │ gzip:   0.23 kB
dist/assets/corner-left-up-B4kABSKQ.js                                        0.27 kB │ gzip:   0.23 kB
dist/assets/crop-T0J675Ey.js                                                  0.27 kB │ gzip:   0.22 kB
dist/assets/tv-Cm-Z8c4b.js                                                    0.27 kB │ gzip:   0.23 kB
dist/assets/circle-chevron-down-BhsVq6ta.js                                   0.27 kB │ gzip:   0.23 kB
dist/assets/circle-chevron-left-Cxn1kBDh.js                                   0.27 kB │ gzip:   0.23 kB
dist/assets/circle-chevron-right-DbH0a8gT.js                                  0.27 kB │ gzip:   0.23 kB
dist/assets/contrast-D3fALpOW.js                                              0.27 kB │ gzip:   0.23 kB
dist/assets/panel-top-BiT8RZKv.js                                             0.27 kB │ gzip:   0.23 kB
dist/assets/columns-2-YGVmtwGI.js                                             0.27 kB │ gzip:   0.23 kB
dist/assets/corner-down-right-CFsfyO58.js                                     0.27 kB │ gzip:   0.23 kB
dist/assets/corner-right-down-D8vy9e4T.js                                     0.27 kB │ gzip:   0.23 kB
dist/assets/corner-up-right-CYS5fE9m.js                                       0.27 kB │ gzip:   0.23 kB
dist/assets/parentheses-BelVNSkt.js                                           0.27 kB │ gzip:   0.22 kB
dist/assets/corner-left-down-DBxGGqpO.js                                      0.27 kB │ gzip:   0.23 kB
dist/assets/equal-pYWldTDL.js                                                 0.27 kB │ gzip:   0.21 kB
dist/assets/flag-triangle-left-puRpUi4b.js                                    0.27 kB │ gzip:   0.23 kB
dist/assets/flag-triangle-right-B7Fcky1c.js                                   0.27 kB │ gzip:   0.24 kB
dist/assets/tv-minimal-CP1gUhOe.js                                            0.27 kB │ gzip:   0.23 kB
dist/assets/copyleft-Cb3DdPhq.js                                              0.27 kB │ gzip:   0.23 kB
dist/assets/menu-DmFasAzP.js                                                  0.27 kB │ gzip:   0.20 kB
dist/assets/panel-right-DxTO7bzs.js                                           0.27 kB │ gzip:   0.23 kB
dist/assets/square-minus-CgdN7K3I.js                                          0.27 kB │ gzip:   0.23 kB
dist/assets/play-B5bEaWBl.js                                                  0.27 kB │ gzip:   0.23 kB
dist/assets/circle-slash-DkoS8DJT.js                                          0.27 kB │ gzip:   0.22 kB
dist/assets/diff-DOgJuDzb.js                                                  0.27 kB │ gzip:   0.21 kB
dist/assets/kanban-RwnI2n7E.js                                                0.27 kB │ gzip:   0.21 kB
dist/assets/panel-bottom-BNy8t_j3.js                                          0.27 kB │ gzip:   0.23 kB
dist/assets/triangle-right-aisBuUl2.js                                        0.27 kB │ gzip:   0.24 kB
dist/assets/copyright-C8TrMod1.js                                             0.28 kB │ gzip:   0.23 kB
dist/assets/tally-3--ralj4hD.js                                               0.28 kB │ gzip:   0.21 kB
dist/assets/battery-Vkb0I5eY.js                                               0.28 kB │ gzip:   0.23 kB
dist/assets/circle-parking-CChXQp1d.js                                        0.28 kB │ gzip:   0.23 kB
dist/assets/cylinder-BvSpf4Tu.js                                              0.28 kB │ gzip:   0.24 kB
dist/assets/heading-B41a0BYi.js                                               0.28 kB │ gzip:   0.22 kB
dist/assets/sale-quotation-request.type-CZVMloRL.js                           0.28 kB │ gzip:   0.20 kB
dist/assets/dice-1-Bqp_nWJX.js                                                0.28 kB │ gzip:   0.23 kB
dist/assets/book-CUZFjocm.js                                                  0.28 kB │ gzip:   0.23 kB
dist/assets/list-filter-BbCWLc5a.js                                           0.28 kB │ gzip:   0.22 kB
dist/assets/square-check-B_FCVUJP.js                                          0.28 kB │ gzip:   0.24 kB
dist/assets/smartphone-CqF9gkLW.js                                            0.28 kB │ gzip:   0.24 kB
dist/assets/line-squiggle-C61KPy42.js                                         0.28 kB │ gzip:   0.24 kB
dist/assets/index-9r-O7HLk.js                                                 0.28 kB │ gzip:   0.25 kB
dist/assets/sale-quotation.type-IRKz2vi9.js                                   0.28 kB │ gzip:   0.21 kB
dist/assets/circle-stop-BVVrcSRN.js                                           0.28 kB │ gzip:   0.23 kB
dist/assets/at-sign-D1tzD5et.js                                               0.28 kB │ gzip:   0.24 kB
dist/assets/flame-B_lz26s6.js                                                 0.28 kB │ gzip:   0.24 kB
dist/assets/martini-BgLMSDFC.js                                               0.28 kB │ gzip:   0.23 kB
dist/assets/slice-C8b0rsst.js                                                 0.28 kB │ gzip:   0.24 kB
dist/assets/square-dot-DlOE8g2d.js                                            0.28 kB │ gzip:   0.23 kB
dist/assets/swiss-franc-CNbV20yV.js                                           0.28 kB │ gzip:   0.23 kB
dist/assets/toggle-left-Bslvohko.js                                           0.28 kB │ gzip:   0.24 kB
dist/assets/torus-CAeGI6Im.js                                                 0.28 kB │ gzip:   0.22 kB
dist/assets/baseline-CQMJGqUq.js                                              0.28 kB │ gzip:   0.23 kB
dist/assets/square-chevron-up-Hl3hL__f.js                                     0.28 kB │ gzip:   0.24 kB
dist/assets/venus-BAn1kYeu.js                                                 0.28 kB │ gzip:   0.23 kB
dist/assets/rotate-cw-Cya9heN5.js                                             0.29 kB │ gzip:   0.24 kB
dist/assets/signal-medium-CBDNbiek.js                                         0.29 kB │ gzip:   0.23 kB
dist/assets/square-radical-qDGMI2is.js                                        0.29 kB │ gzip:   0.24 kB
dist/assets/toggle-right-DD3NnCYm.js                                          0.29 kB │ gzip:   0.24 kB
dist/assets/check-line-fSIeElbg.js                                            0.29 kB │ gzip:   0.23 kB
dist/assets/square-chevron-down-D6sZG0ig.js                                   0.29 kB │ gzip:   0.24 kB
dist/assets/square-chevron-left-DTNIXVw6.js                                   0.29 kB │ gzip:   0.24 kB
dist/assets/square-chevron-right-BAz5ODoz.js                                  0.29 kB │ gzip:   0.24 kB
dist/assets/chart-no-axes-gantt-CUJRgHp8.js                                   0.29 kB │ gzip:   0.23 kB
dist/assets/move-diagonal-DTmHjMnJ.js                                         0.29 kB │ gzip:   0.23 kB
dist/assets/pocket-wrSpd245.js                                                0.29 kB │ gzip:   0.23 kB
dist/assets/chart-no-axes-column-BKqfp_Zo.js                                  0.29 kB │ gzip:   0.23 kB
dist/assets/radical-C1j5ADr2.js                                               0.29 kB │ gzip:   0.25 kB
dist/assets/rail-symbol-BHXJA8X6.js                                           0.29 kB │ gzip:   0.23 kB
dist/assets/redo-2-D_Q35Xrd.js                                                0.29 kB │ gzip:   0.23 kB
dist/assets/circle-plus-8EhIj1O0.js                                           0.29 kB │ gzip:   0.23 kB
dist/assets/credit-card-Dv4yVFwq.js                                           0.29 kB │ gzip:   0.24 kB
dist/assets/arrow-up-to-line-B_FoP11P.js                                      0.29 kB │ gzip:   0.23 kB
dist/assets/move-diagonal-2-BlJE15rB.js                                       0.29 kB │ gzip:   0.23 kB
dist/assets/square-slash-CJyvTHZm.js                                          0.29 kB │ gzip:   0.24 kB
dist/assets/undo-2-OT9-xkNt.js                                                0.29 kB │ gzip:   0.23 kB
dist/assets/capacity-scenario-service-C5MO_kQ_.js                             0.29 kB │ gzip:   0.22 kB
dist/assets/arrow-left-to-line-GOCpKhuM.js                                    0.29 kB │ gzip:   0.23 kB
dist/assets/bookmark-check-018D1IaB.js                                        0.29 kB │ gzip:   0.24 kB
dist/assets/code-xml-Du-X_l1R.js                                              0.29 kB │ gzip:   0.23 kB
dist/assets/move-vertical-COIgyvB_.js                                         0.29 kB │ gzip:   0.23 kB
dist/assets/square-sigma-DJbweIVC.js                                          0.29 kB │ gzip:   0.25 kB
dist/assets/arrow-down-to-line-C76a3Tg6.js                                    0.29 kB │ gzip:   0.23 kB
dist/assets/arrow-up-from-line-CkXB4W1Y.js                                    0.29 kB │ gzip:   0.23 kB
dist/assets/cone-DEnhgGWs.js                                                  0.29 kB │ gzip:   0.25 kB
dist/assets/mars-DgUUYhYl.js                                                  0.29 kB │ gzip:   0.24 kB
dist/assets/rectangle-circle-BxjlE34W.js                                      0.29 kB │ gzip:   0.24 kB
dist/assets/spell-check-8y4xfo7E.js                                           0.29 kB │ gzip:   0.23 kB
dist/assets/square-parking-CYPOQUtg.js                                        0.29 kB │ gzip:   0.25 kB
dist/assets/arrow-down-from-line-qQVH654X.js                                  0.29 kB │ gzip:   0.23 kB
dist/assets/arrow-left-from-line-BcZkKL6t.js                                  0.29 kB │ gzip:   0.23 kB
dist/assets/circle-equal-DbeN-88Z.js                                          0.29 kB │ gzip:   0.23 kB
dist/assets/lock-open-uezBAA1x.js                                             0.29 kB │ gzip:   0.25 kB
dist/assets/move-horizontal-CzUjACmr.js                                       0.29 kB │ gzip:   0.23 kB
dist/assets/square-activity-Z8HqLsv8.js                                       0.29 kB │ gzip:   0.25 kB
dist/assets/pause-CVXUZ7wR.js                                                 0.30 kB │ gzip:   0.22 kB
dist/assets/arrow-right-from-line-CXeWqX5X.js                                 0.30 kB │ gzip:   0.23 kB
dist/assets/droplet-1e2LitV_.js                                               0.30 kB │ gzip:   0.25 kB
dist/assets/ratio-XI7y5-KR.js                                                 0.30 kB │ gzip:   0.23 kB
dist/assets/ungroup-wB-Nexca.js                                               0.30 kB │ gzip:   0.22 kB
dist/assets/asterisk-DgYGubbs.js                                              0.30 kB │ gzip:   0.23 kB
dist/assets/pill-me1A5X2h.js                                                  0.30 kB │ gzip:   0.23 kB
dist/assets/tablet-5IuznbNj.js                                                0.30 kB │ gzip:   0.24 kB
dist/assets/separator-vertical-vcG5TukV.js                                    0.30 kB │ gzip:   0.23 kB
dist/assets/captions-Bn1twKr0.js                                              0.30 kB │ gzip:   0.25 kB
dist/assets/git-commit-vertical-D0wCBVwh.js                                   0.30 kB │ gzip:   0.24 kB
dist/assets/pilcrow-YgsdyuH4.js                                               0.30 kB │ gzip:   0.23 kB
dist/assets/sigma-CZOamQ7u.js                                                 0.30 kB │ gzip:   0.24 kB
dist/assets/flask-round-Mih_mOhr.js                                           0.30 kB │ gzip:   0.24 kB
dist/assets/separator-horizontal-DF29coB5.js                                  0.30 kB │ gzip:   0.24 kB
dist/assets/square-stop-DVhzUb1F.js                                           0.30 kB │ gzip:   0.24 kB
dist/assets/table-2-DfULHMdV.js                                               0.30 kB │ gzip:   0.24 kB
dist/assets/album-atQDFojb.js                                                 0.30 kB │ gzip:   0.25 kB
dist/assets/chart-no-axes-column-decreasing-CrAnnFHy.js                       0.30 kB │ gzip:   0.24 kB
dist/assets/chart-no-axes-column-increasing-uF9uZdfU.js                       0.30 kB │ gzip:   0.24 kB
dist/assets/chart-spline-COFoxyoq.js                                          0.30 kB │ gzip:   0.25 kB
dist/assets/disc-2-Dqa8OYaU.js                                                0.30 kB │ gzip:   0.23 kB
dist/assets/laptop-minimal-Cg8t4TdN.js                                        0.30 kB │ gzip:   0.24 kB
dist/assets/moon-FsbNr1Qo.js                                                  0.30 kB │ gzip:   0.25 kB
dist/assets/square-square-C8oSru0A.js                                         0.30 kB │ gzip:   0.23 kB
dist/assets/turkish-lira-DXsRf4t5.js                                          0.30 kB │ gzip:   0.24 kB
dist/assets/file-BMV0OkEL.js                                                  0.30 kB │ gzip:   0.23 kB
dist/assets/logistic-party-group-role.enum-Bxm39xKy.js                        0.30 kB │ gzip:   0.18 kB
dist/assets/arrow-up-from-dot-BmitPBJC.js                                     0.30 kB │ gzip:   0.25 kB
dist/assets/dock-BTuAkwGz.js                                                  0.30 kB │ gzip:   0.24 kB
dist/assets/circle-arrow-up-DATJ83MK.js                                       0.30 kB │ gzip:   0.24 kB
dist/assets/circle-arrow-down-GLbOsjXY.js                                     0.30 kB │ gzip:   0.24 kB
dist/assets/arrow-down-to-dot-Db5-dpA3.js                                     0.30 kB │ gzip:   0.25 kB
dist/assets/dollar-sign-BPvUFwgf.js                                           0.30 kB │ gzip:   0.24 kB
dist/assets/music-_jyxFiCF.js                                                 0.30 kB │ gzip:   0.23 kB
dist/assets/type-DlFv58o2.js                                                  0.30 kB │ gzip:   0.23 kB
dist/assets/payment-request.type-D_cXKmaF.js                                  0.30 kB │ gzip:   0.24 kB
dist/assets/audio-waveform-DG_tEYQR.js                                        0.30 kB │ gzip:   0.23 kB
dist/assets/brackets-DwvCx2il.js                                              0.30 kB │ gzip:   0.24 kB
dist/assets/circle-arrow-left-YPLyT6cv.js                                     0.30 kB │ gzip:   0.24 kB
dist/assets/cloud-check-BZRkeqeC.js                                           0.30 kB │ gzip:   0.25 kB
dist/assets/cloud-lightning-C7mazkDD.js                                       0.30 kB │ gzip:   0.25 kB
dist/assets/rows-3-DF0h-iuM.js                                                0.30 kB │ gzip:   0.24 kB
dist/assets/search-check-BW8TUEk5.js                                          0.30 kB │ gzip:   0.24 kB
dist/assets/search-slash-DpiDDka5.js                                          0.30 kB │ gzip:   0.25 kB
dist/assets/anchor-DV36iYlP.js                                                0.31 kB │ gzip:   0.25 kB
dist/assets/circle-arrow-right-DHyUlC90.js                                    0.31 kB │ gzip:   0.24 kB
dist/assets/grid-2x2-CQEvAX77.js                                              0.31 kB │ gzip:   0.24 kB
dist/assets/japanese-yen-DajXDtM9.js                                          0.31 kB │ gzip:   0.24 kB
dist/assets/smartphone-charging-Dnrth_Y2.js                                   0.31 kB │ gzip:   0.25 kB
dist/assets/stretch-vertical-CCfxYqIT.js                                      0.31 kB │ gzip:   0.23 kB
dist/assets/reply-all-BFLxxbpg.js                                             0.31 kB │ gzip:   0.24 kB
dist/assets/beaker-BdJ-sc7z.js                                                0.31 kB │ gzip:   0.24 kB
dist/assets/bookmark-minus-DHHjv43y.js                                        0.31 kB │ gzip:   0.25 kB
dist/assets/rss-H5QKnym3.js                                                   0.31 kB │ gzip:   0.24 kB
dist/assets/square-plus-C0veFPTj.js                                           0.31 kB │ gzip:   0.24 kB
dist/assets/stretch-horizontal-DC8Hr1so.js                                    0.31 kB │ gzip:   0.23 kB
dist/assets/touchpad-BhsD4sjM.js                                              0.31 kB │ gzip:   0.25 kB
dist/assets/packing-codes-service-B2Lkkvss.js                                 0.31 kB │ gzip:   0.25 kB
dist/assets/sticky-note-CNx6W3dL.js                                           0.31 kB │ gzip:   0.23 kB
dist/assets/undo-dot-DxH8zLv4.js                                              0.31 kB │ gzip:   0.25 kB
dist/assets/bluetooth-off-Cl07tsHv.js                                         0.31 kB │ gzip:   0.25 kB
dist/assets/circle-arrow-out-up-left-CIXOgMyM.js                              0.31 kB │ gzip:   0.24 kB
dist/assets/merge-B7_xCRKr.js                                                 0.31 kB │ gzip:   0.25 kB
dist/assets/spline-D-YMOPhr.js                                                0.31 kB │ gzip:   0.24 kB
dist/assets/target-xERiDSBG.js                                                0.31 kB │ gzip:   0.21 kB
dist/assets/airplay-BWy2dzHR.js                                               0.31 kB │ gzip:   0.24 kB
dist/assets/battery-low-D_DfUNUd.js                                           0.31 kB │ gzip:   0.24 kB
dist/assets/square-equal-CRB0p31D.js                                          0.31 kB │ gzip:   0.24 kB
dist/assets/folder-BkXkEJGY.js                                                0.31 kB │ gzip:   0.24 kB
dist/assets/git-merge-CJDbH5xi.js                                             0.31 kB │ gzip:   0.24 kB
dist/assets/panels-top-left-BurUXBfG.js                                       0.31 kB │ gzip:   0.25 kB
dist/assets/square-round-corner-v8PyAsyU.js                                   0.31 kB │ gzip:   0.24 kB
dist/assets/tally-4-CtNFrsUu.js                                               0.31 kB │ gzip:   0.22 kB
dist/assets/share-C03Yhx4g.js                                                 0.31 kB │ gzip:   0.24 kB
dist/assets/user-round-minus-CbUZ6mCV.js                                      0.31 kB │ gzip:   0.25 kB
dist/assets/upload-BqIgmjYb.js                                                0.31 kB │ gzip:   0.24 kB
dist/assets/wallet-minimal-li68V25R.js                                        0.31 kB │ gzip:   0.24 kB
dist/assets/circle-arrow-out-up-right-0XIRPDyy.js                             0.31 kB │ gzip:   0.24 kB
dist/assets/circle-power-DprvNf7l.js                                          0.31 kB │ gzip:   0.25 kB
dist/assets/dice-2-kDSdlOdq.js                                                0.31 kB │ gzip:   0.24 kB
dist/assets/gallery-vertical-ywfdBUUr.js                                      0.31 kB │ gzip:   0.25 kB
dist/assets/library-BEe6Lodw.js                                               0.31 kB │ gzip:   0.23 kB
dist/assets/omega-BKH4NLWu.js                                                 0.31 kB │ gzip:   0.25 kB
dist/assets/section-latKvNM-.js                                               0.31 kB │ gzip:   0.24 kB
dist/assets/vote-dYez9W7p.js                                                  0.31 kB │ gzip:   0.25 kB
dist/assets/log-in-CctXbh5f.js                                                0.32 kB │ gzip:   0.24 kB
dist/assets/divide-BtL7qOuV.js                                                0.32 kB │ gzip:   0.24 kB
dist/assets/gallery-horizontal-CfFmy3hP.js                                    0.32 kB │ gzip:   0.25 kB
dist/assets/rainbow-C_vf4yrI.js                                               0.32 kB │ gzip:   0.24 kB
dist/assets/square-x-CAKH9Ovc.js                                              0.32 kB │ gzip:   0.25 kB
dist/assets/text-quote-BRtV3pOP.js                                            0.32 kB │ gzip:   0.23 kB
dist/assets/circle-arrow-out-down-left-BOGO29VF.js                            0.32 kB │ gzip:   0.25 kB
dist/assets/club-CtYjBI6I.js                                                  0.32 kB │ gzip:   0.25 kB
dist/assets/door-closed-C1pHFVvH.js                                           0.32 kB │ gzip:   0.24 kB
dist/assets/hdmi-port-DGAqpldz.js                                             0.32 kB │ gzip:   0.24 kB
dist/assets/hexagon-QHf-ZrlS.js                                               0.32 kB │ gzip:   0.24 kB
dist/assets/panels-left-bottom-BUH5pZOd.js                                    0.32 kB │ gzip:   0.25 kB
dist/assets/philippine-peso-CD9kvT5M.js                                       0.32 kB │ gzip:   0.24 kB
dist/assets/wifi-high-DXqBnulC.js                                             0.32 kB │ gzip:   0.24 kB
dist/assets/purchase-request-service-C5mTdugZ.js                              0.32 kB │ gzip:   0.25 kB
dist/assets/form-schema-provider-olAH_dME.js                                  0.32 kB │ gzip:   0.24 kB
dist/assets/paperclip-C-X8mgtK.js                                             0.32 kB │ gzip:   0.25 kB
dist/assets/ear-DCRKV_Zy.js                                                   0.32 kB │ gzip:   0.25 kB
dist/assets/equal-approximately-XGB914rI.js                                   0.32 kB │ gzip:   0.23 kB
dist/assets/gallery-vertical-end-CGSY55wf.js                                  0.32 kB │ gzip:   0.26 kB
dist/assets/list-minus-D7xrMBIG.js                                            0.32 kB │ gzip:   0.23 kB
dist/assets/message-square-jQLHR5Bj.js                                        0.32 kB │ gzip:   0.25 kB
dist/assets/activity-DD0lscN7.js                                              0.32 kB │ gzip:   0.25 kB
dist/assets/mountain-snow-DIzA81W0.js                                         0.32 kB │ gzip:   0.26 kB
dist/assets/panel-left-open-BEV7-llp.js                                       0.32 kB │ gzip:   0.25 kB
dist/assets/panel-top-close-DjL4pK4k.js                                       0.32 kB │ gzip:   0.25 kB
dist/assets/panel-top-open-B_Dg7oNT.js                                        0.32 kB │ gzip:   0.25 kB
dist/assets/panels-right-bottom-9NwTZYP-.js                                   0.32 kB │ gzip:   0.25 kB
dist/assets/presentation-Br5ODgJu.js                                          0.32 kB │ gzip:   0.24 kB
dist/assets/user-round-check-DPlHaasH.js                                      0.32 kB │ gzip:   0.26 kB
dist/assets/voicemail-BDzDPFTG.js                                             0.32 kB │ gzip:   0.23 kB
dist/assets/ellipsis-vertical-DwfWkx2r.js                                     0.32 kB │ gzip:   0.22 kB
dist/assets/mic-wUkcryDo.js                                                   0.32 kB │ gzip:   0.26 kB
dist/assets/book-minus-Bmud2tof.js                                            0.32 kB │ gzip:   0.25 kB
dist/assets/circle-arrow-out-down-right-BudAbzF4.js                           0.32 kB │ gzip:   0.24 kB
dist/assets/gallery-horizontal-end-C8v7D58r.js                                0.32 kB │ gzip:   0.26 kB
dist/assets/panel-left-close-_EYt5yx3.js                                      0.32 kB │ gzip:   0.25 kB
dist/assets/panel-right-close-B-zTNXB2.js                                     0.32 kB │ gzip:   0.25 kB
dist/assets/pi-CxvjSCY2.js                                                    0.32 kB │ gzip:   0.25 kB
dist/assets/signal-high-DsdxubAQ.js                                           0.32 kB │ gzip:   0.24 kB
dist/assets/square-arrow-down-iSaJJD9g.js                                     0.32 kB │ gzip:   0.25 kB
dist/assets/square-arrow-up-COneGpky.js                                       0.32 kB │ gzip:   0.25 kB
dist/assets/square-code-DL40o9kX.js                                           0.32 kB │ gzip:   0.25 kB
dist/assets/history-DJIN9kw8.js                                               0.32 kB │ gzip:   0.25 kB
dist/assets/annoyed-D4Yv4Us3.js                                               0.32 kB │ gzip:   0.24 kB
dist/assets/circle-gauge-C9knJ2Mp.js                                          0.32 kB │ gzip:   0.26 kB
dist/assets/headphones-CzZkUzEK.js                                            0.32 kB │ gzip:   0.24 kB
dist/assets/panel-bottom-open-Ck_KR9hy.js                                     0.32 kB │ gzip:   0.25 kB
dist/assets/panel-right-open-CVn3mR23.js                                      0.32 kB │ gzip:   0.25 kB
dist/assets/skip-back-BKhlBZ9w.js                                             0.32 kB │ gzip:   0.26 kB
dist/assets/square-arrow-left-CPxBS2iv.js                                     0.32 kB │ gzip:   0.25 kB
dist/assets/square-arrow-up-right-CAsFfGW-.js                                 0.32 kB │ gzip:   0.25 kB
dist/assets/disc-album-DQoFr60y.js                                            0.32 kB │ gzip:   0.26 kB
dist/assets/list-check-clsyI2W5.js                                            0.32 kB │ gzip:   0.24 kB
dist/assets/panel-bottom-close-5qHy1rYT.js                                    0.32 kB │ gzip:   0.25 kB
dist/assets/shell-BDX2lI0W.js                                                 0.32 kB │ gzip:   0.25 kB
dist/assets/square-arrow-right-De04eGea.js                                    0.32 kB │ gzip:   0.25 kB
dist/assets/square-arrow-up-left-BfDX2CMp.js                                  0.32 kB │ gzip:   0.25 kB
dist/assets/step-back-BDlVr7Mk.js                                             0.32 kB │ gzip:   0.26 kB
dist/assets/step-forward-CiOkTx0k.js                                          0.32 kB │ gzip:   0.25 kB
dist/assets/timer-CzGYuCIO.js                                                 0.32 kB │ gzip:   0.24 kB
dist/assets/material-model-service-Zq8dYKYt.js                                0.32 kB │ gzip:   0.24 kB
dist/assets/bed-mCirirzx.js                                                   0.32 kB │ gzip:   0.24 kB
dist/assets/circle-user-round-CQH6kxJO.js                                     0.32 kB │ gzip:   0.24 kB
dist/assets/cloud-alert-bC1cf_1b.js                                           0.32 kB │ gzip:   0.25 kB
dist/assets/square-arrow-down-right-qtPWPYgK.js                               0.32 kB │ gzip:   0.25 kB
dist/assets/purchase-order-service-D2N1J7Rq.js                                0.32 kB │ gzip:   0.24 kB
dist/assets/align-vertical-space-around-TzhvusE_.js                           0.32 kB │ gzip:   0.25 kB
dist/assets/laptop-minimal-check-CEIaHtiY.js                                  0.32 kB │ gzip:   0.26 kB
dist/assets/redo-dot-BYH4upZr.js                                              0.32 kB │ gzip:   0.25 kB
dist/assets/square-arrow-down-left-BFclLXYf.js                                0.32 kB │ gzip:   0.26 kB
dist/assets/ampersand-CLeIm2qh.js                                             0.33 kB │ gzip:   0.26 kB
dist/assets/message-circle-EVnPS_gY.js                                        0.33 kB │ gzip:   0.26 kB
dist/assets/popsicle-CiR2KUEt.js                                              0.33 kB │ gzip:   0.26 kB
dist/assets/proportions-DZlUujoC.js                                           0.33 kB │ gzip:   0.26 kB
dist/assets/percent-PWDXgtJW.js                                               0.33 kB │ gzip:   0.24 kB
dist/assets/align-horizontal-space-around-BYGOwNdw.js                         0.33 kB │ gzip:   0.26 kB
dist/assets/square-terminal-CWcF7XFe.js                                       0.33 kB │ gzip:   0.26 kB
dist/assets/book-check-90mVfoAD.js                                            0.33 kB │ gzip:   0.26 kB
dist/assets/cloud-fog-BYEQ2WPh.js                                             0.33 kB │ gzip:   0.25 kB
dist/assets/database-DWehsXTT.js                                              0.33 kB │ gzip:   0.25 kB
dist/assets/move-3d-D1Vb_b5R.js                                               0.33 kB │ gzip:   0.24 kB
dist/assets/cloudy-BwbRqa0w.js                                                0.33 kB │ gzip:   0.26 kB
dist/assets/diamond-DUwqC6S7.js                                               0.33 kB │ gzip:   0.23 kB
dist/assets/arrow-down-up-DcITdpNj.js                                         0.33 kB │ gzip:   0.24 kB
dist/assets/banknote-CsjDhjP4.js                                              0.33 kB │ gzip:   0.26 kB
dist/assets/bluetooth-searching-DZ2Recsz.js                                   0.33 kB │ gzip:   0.26 kB
dist/assets/bookmark-x-RylT3-Dw.js                                            0.33 kB │ gzip:   0.25 kB
dist/assets/chart-bar-IZjwGshc.js                                             0.33 kB │ gzip:   0.24 kB
dist/assets/vibrate-ByZ8iB7h.js                                               0.33 kB │ gzip:   0.25 kB
dist/assets/circle-pause-5GIviUsT.js                                          0.33 kB │ gzip:   0.24 kB
dist/assets/equal-not-CREfgCvc.js                                             0.33 kB │ gzip:   0.23 kB
dist/assets/square-power-CcPLDFW_.js                                          0.33 kB │ gzip:   0.26 kB
dist/assets/twitter-2rESHO5C.js                                               0.33 kB │ gzip:   0.27 kB
dist/assets/wind-Dzq1o_Tp.js                                                  0.33 kB │ gzip:   0.25 kB
dist/assets/book-marked-CdYfgspN.js                                           0.33 kB │ gzip:   0.26 kB
dist/assets/non-binary-C7bWtgIW.js                                            0.33 kB │ gzip:   0.25 kB
dist/assets/picture-in-picture-2-Cq340mEE.js                                  0.33 kB │ gzip:   0.27 kB
dist/assets/arrow-right-left-BUNreaQ7.js                                      0.33 kB │ gzip:   0.25 kB
dist/assets/chart-gantt-0rt3FkS2.js                                           0.33 kB │ gzip:   0.25 kB
dist/assets/circle-dollar-sign-B5u2LeE4.js                                    0.33 kB │ gzip:   0.26 kB
dist/assets/goal-Br8jAuvJ.js                                                  0.33 kB │ gzip:   0.26 kB
dist/assets/video-BZiIQAl6.js                                                 0.33 kB │ gzip:   0.27 kB
dist/assets/circle-off-5fylv6dI.js                                            0.33 kB │ gzip:   0.25 kB
dist/assets/donut-CHgFEMJE.js                                                 0.33 kB │ gzip:   0.27 kB
dist/assets/file-warning-DyusuiUv.js                                          0.33 kB │ gzip:   0.25 kB
dist/assets/list-indent-decrease-DmhDjkjF.js                                  0.33 kB │ gzip:   0.24 kB
dist/assets/tent-B3ONqijT.js                                                  0.33 kB │ gzip:   0.24 kB
dist/assets/test-tube-ABmk24ov.js                                             0.33 kB │ gzip:   0.25 kB
dist/assets/grid-2x2-check-DFrR4dnA.js                                        0.33 kB │ gzip:   0.25 kB
dist/assets/pentagon-DGxbOO0P.js                                              0.33 kB │ gzip:   0.25 kB
dist/assets/chart-column-BDPfLI7z.js                                          0.34 kB │ gzip:   0.25 kB
dist/assets/compass-Dh1-eNxU.js                                               0.34 kB │ gzip:   0.26 kB
dist/assets/file-minus-2-CbHTYHBZ.js                                          0.34 kB │ gzip:   0.25 kB
dist/assets/mouse-pointer-2-URxRz0qW.js                                       0.34 kB │ gzip:   0.27 kB
dist/assets/settings-2-x1-vlzSC.js                                            0.34 kB │ gzip:   0.25 kB
dist/assets/circle-percent-DWCwMsAR.js                                        0.34 kB │ gzip:   0.25 kB
dist/assets/lollipop-Bmvis9O0.js                                              0.34 kB │ gzip:   0.26 kB
dist/assets/webcam-DugFr034.js                                                0.34 kB │ gzip:   0.24 kB
dist/assets/archive-BHWFoO3_.js                                               0.34 kB │ gzip:   0.26 kB
dist/assets/mars-stroke-DtMdQsd0.js                                           0.34 kB │ gzip:   0.26 kB
dist/assets/squares-unite-B79kuBof.js                                         0.34 kB │ gzip:   0.24 kB
dist/assets/ticket-minus-tHblhooS.js                                          0.34 kB │ gzip:   0.25 kB
dist/assets/users-round-CipHP8n3.js                                           0.34 kB │ gzip:   0.27 kB
dist/assets/git-commit-horizontal-8M0zcUsp.js                                 0.34 kB │ gzip:   0.24 kB
dist/assets/pound-sterling-Crd8Dgys.js                                        0.34 kB │ gzip:   0.25 kB
dist/assets/circle-ellipsis-DbyBeT7n.js                                       0.34 kB │ gzip:   0.24 kB
dist/assets/lock-keyhole-5s95jCkg.js                                          0.34 kB │ gzip:   0.27 kB
dist/assets/text-wrap-CF50El9U.js                                             0.34 kB │ gzip:   0.24 kB
dist/assets/square-user-round-B3c7XUDK.js                                     0.34 kB │ gzip:   0.27 kB
dist/assets/chart-bar-decreasing-DtgLKR-U.js                                  0.34 kB │ gzip:   0.25 kB
dist/assets/chart-bar-increasing-CIMsPl7S.js                                  0.34 kB │ gzip:   0.25 kB
dist/assets/circle-play-RV1TC8iV.js                                           0.34 kB │ gzip:   0.26 kB
dist/assets/georgian-lari-Dv1vq6dh.js                                         0.34 kB │ gzip:   0.25 kB
dist/assets/square-m-C1l1mfNp.js                                              0.34 kB │ gzip:   0.27 kB
dist/assets/file-check-2-DK8Uynkq.js                                          0.34 kB │ gzip:   0.25 kB
dist/assets/person-standing-BxUAIHu_.js                                       0.34 kB │ gzip:   0.26 kB
dist/assets/search-x-CsUplcF_.js                                              0.34 kB │ gzip:   0.25 kB
dist/assets/production-team-type.enum-BHSEBu3T.js                             0.34 kB │ gzip:   0.26 kB
dist/assets/app-window-BJNUUsTr.js                                            0.34 kB │ gzip:   0.25 kB
dist/assets/bluetooth-connected-DWLRITRO.js                                   0.34 kB │ gzip:   0.26 kB
dist/assets/grid-3x2-SyGuwWds.js                                              0.34 kB │ gzip:   0.25 kB
dist/assets/heart-DRal-Jyo.js                                                 0.34 kB │ gzip:   0.27 kB
dist/assets/pc-case-C87tokw4.js                                               0.34 kB │ gzip:   0.26 kB
dist/assets/plug-Bgehx3t3.js                                                  0.34 kB │ gzip:   0.25 kB
dist/assets/pyramid-Gr0CeeoX.js                                               0.34 kB │ gzip:   0.26 kB
dist/assets/rectangle-goggles-D0aumjKM.js                                     0.34 kB │ gzip:   0.26 kB
dist/assets/monitor-Dp8CI8OC.js                                               0.34 kB │ gzip:   0.26 kB
dist/assets/music-4-B4JBTggE.js                                               0.34 kB │ gzip:   0.25 kB
dist/assets/refrigerator-CmBHss6-.js                                          0.34 kB │ gzip:   0.25 kB
dist/assets/split-iopSavT5.js                                                 0.34 kB │ gzip:   0.26 kB
dist/assets/square-arrow-out-up-left-O1JI43Sc.js                              0.34 kB │ gzip:   0.26 kB
dist/assets/ticket-check-yTiMqtFr.js                                          0.34 kB │ gzip:   0.26 kB
dist/assets/ticket-slash-RAGAN8Hc.js                                          0.34 kB │ gzip:   0.26 kB
dist/assets/align-end-vertical-BEWTiUgZ.js                                    0.34 kB │ gzip:   0.25 kB
dist/assets/circle-user-CrkzmGCM.js                                           0.34 kB │ gzip:   0.26 kB
dist/assets/euro-B3Ptf77O.js                                                  0.34 kB │ gzip:   0.26 kB
dist/assets/file-minus-DKOfhnP0.js                                            0.34 kB │ gzip:   0.25 kB
dist/assets/map-pin-minus-inside-BJCKGXNq.js                                  0.34 kB │ gzip:   0.27 kB
dist/assets/text-cursor-B0YWdbDT.js                                           0.34 kB │ gzip:   0.25 kB
dist/assets/weight-DZiETB4T.js                                                0.34 kB │ gzip:   0.27 kB
dist/assets/utensils-PGJB8Q7-.js                                              0.35 kB │ gzip:   0.26 kB
dist/assets/align-start-vertical-DBelGYdb.js                                  0.35 kB │ gzip:   0.25 kB
dist/assets/bed-single-ca9xdxN6.js                                            0.35 kB │ gzip:   0.25 kB
dist/assets/cloud-download-n2Jkou71.js                                        0.35 kB │ gzip:   0.27 kB
dist/assets/handbag-CuKNJQ3j.js                                               0.35 kB │ gzip:   0.26 kB
dist/assets/rows-4-AgmjyLDc.js                                                0.35 kB │ gzip:   0.25 kB
dist/assets/square-arrow-out-up-right-Dap-gBV2.js                             0.35 kB │ gzip:   0.26 kB
dist/assets/square-kanban-lFh_PDhx.js                                         0.35 kB │ gzip:   0.26 kB
dist/assets/align-end-horizontal-Bj8Vrrme.js                                  0.35 kB │ gzip:   0.26 kB
dist/assets/chart-column-decreasing-DIbIRgN_.js                               0.35 kB │ gzip:   0.26 kB
dist/assets/chart-column-increasing-AZLgEd_f.js                               0.35 kB │ gzip:   0.26 kB
dist/assets/clock-alert-CcykE0yc.js                                           0.35 kB │ gzip:   0.25 kB
dist/assets/ghost-ycxgdbA3.js                                                 0.35 kB │ gzip:   0.26 kB
dist/assets/import-CPnovR__.js                                                0.35 kB │ gzip:   0.25 kB
dist/assets/lock-keyhole-open-BDlQlF7Q.js                                     0.35 kB │ gzip:   0.28 kB
dist/assets/navigation-off-DvMaC_DE.js                                        0.35 kB │ gzip:   0.27 kB
dist/assets/square-menu-DgUyZlU4.js                                           0.35 kB │ gzip:   0.25 kB
dist/assets/tree-deciduous-CNkdjv2d.js                                        0.35 kB │ gzip:   0.27 kB
dist/assets/vegan-0EEn8XJn.js                                                 0.35 kB │ gzip:   0.27 kB
dist/assets/align-start-horizontal-BM2PVkLZ.js                                0.35 kB │ gzip:   0.25 kB
dist/assets/closed-caption-DuvfjfTo.js                                        0.35 kB │ gzip:   0.26 kB
dist/assets/navigation-2-off-CacOk-Vw.js                                      0.35 kB │ gzip:   0.27 kB
dist/assets/square-arrow-out-down-left-BPlbdxx_.js                            0.35 kB │ gzip:   0.26 kB
dist/assets/square-pause-CM49twGE.js                                          0.35 kB │ gzip:   0.25 kB
dist/assets/test-tube-diagonal-DUn55tJM.js                                    0.35 kB │ gzip:   0.26 kB
dist/assets/key-BA8teH-8.js                                                   0.35 kB │ gzip:   0.27 kB
dist/assets/columns-4-CwznkpLp.js                                             0.35 kB │ gzip:   0.25 kB
dist/assets/tablets-TBV_GK_q.js                                               0.35 kB │ gzip:   0.26 kB
dist/assets/workflow-DoeycwB7.js                                              0.35 kB │ gzip:   0.26 kB
dist/assets/barcode-D7DB11MT.js                                               0.35 kB │ gzip:   0.23 kB
dist/assets/case-lower-pZ3OIcwH.js                                            0.35 kB │ gzip:   0.25 kB
dist/assets/leaf-xV2v_nFb.js                                                  0.35 kB │ gzip:   0.28 kB
dist/assets/trending-up-down-CsVUTWqq.js                                      0.35 kB │ gzip:   0.26 kB
dist/assets/user-round-plus-CiQMBMcc.js                                       0.35 kB │ gzip:   0.27 kB
dist/assets/user-round-x-BHf3tNEV.js                                          0.35 kB │ gzip:   0.27 kB
dist/assets/blocks-neJO7XNl.js                                                0.35 kB │ gzip:   0.26 kB
dist/assets/map-pin-check-inside-wCP4iPkc.js                                  0.35 kB │ gzip:   0.28 kB
dist/assets/radio-receiver-C726_mhG.js                                        0.35 kB │ gzip:   0.26 kB
dist/assets/square-dashed-bottom-DaYPqhZG.js                                  0.35 kB │ gzip:   0.25 kB
dist/assets/tornado-Dke7GGX0.js                                               0.35 kB │ gzip:   0.24 kB
dist/assets/table-properties-DeV31b63.js                                      0.35 kB │ gzip:   0.26 kB
dist/assets/square-arrow-out-down-right-BZF4cD1b.js                           0.35 kB │ gzip:   0.26 kB
dist/assets/square-chart-gantt-BRA3oMa5.js                                    0.35 kB │ gzip:   0.26 kB
dist/assets/square-library-BZ5BTGs5.js                                        0.35 kB │ gzip:   0.26 kB
dist/assets/tally-5-BA5DTJrF.js                                               0.35 kB │ gzip:   0.23 kB
dist/assets/list-plus-DzRF0DnH.js                                             0.35 kB │ gzip:   0.24 kB
dist/assets/app-window-mac-BO0tcsRp.js                                        0.35 kB │ gzip:   0.25 kB
dist/assets/axis-3d-DHz0wF7O.js                                               0.35 kB │ gzip:   0.26 kB
dist/assets/badge-BwFHpSBr.js                                                 0.35 kB │ gzip:   0.24 kB
dist/assets/battery-medium-URSXUVya.js                                        0.35 kB │ gzip:   0.26 kB
dist/assets/between-vertical-end-C7ZeYO7I.js                                  0.35 kB │ gzip:   0.26 kB
dist/assets/signal-C8Q-ouNL.js                                                0.35 kB │ gzip:   0.25 kB
dist/assets/table-cells-split-qUI1484E.js                                     0.35 kB │ gzip:   0.26 kB
dist/assets/align-vertical-justify-end-Bunf60c1.js                            0.35 kB │ gzip:   0.26 kB
dist/assets/dice-3-B77eokFP.js                                                0.35 kB │ gzip:   0.26 kB
dist/assets/ice-cream-cone-D8Irh8HO.js                                        0.35 kB │ gzip:   0.26 kB
dist/assets/monitor-check-4_ru5tbE.js                                         0.35 kB │ gzip:   0.27 kB
dist/assets/scroll-BH8Ok5Bm.js                                                0.35 kB │ gzip:   0.26 kB
dist/assets/square-percent-BFgBNTtQ.js                                        0.35 kB │ gzip:   0.26 kB
dist/assets/square-user-BBd-tFGU.js                                           0.35 kB │ gzip:   0.27 kB
dist/assets/timer-reset-D4Ld9NEV.js                                           0.35 kB │ gzip:   0.26 kB
dist/assets/trello-DNyzuuB_.js                                                0.35 kB │ gzip:   0.24 kB
dist/assets/align-vertical-justify-start-hlvVsJbe.js                          0.35 kB │ gzip:   0.26 kB
dist/assets/between-vertical-start-CUBXx3l4.js                                0.35 kB │ gzip:   0.26 kB
dist/assets/book-text-Bkaevs1_.js                                             0.35 kB │ gzip:   0.26 kB
dist/assets/circle-pound-sterling-DYf5wM2I.js                                 0.35 kB │ gzip:   0.26 kB
dist/assets/folder-minus-Arjc0qtM.js                                          0.35 kB │ gzip:   0.26 kB
dist/assets/rotate-cw-square-CpUn94Kf.js                                      0.35 kB │ gzip:   0.26 kB
dist/assets/signpost-big-8lXQd17D.js                                          0.35 kB │ gzip:   0.26 kB
dist/assets/align-horizontal-justify-end-CMEgQMB5.js                          0.36 kB │ gzip:   0.26 kB
dist/assets/between-horizontal-end-D8brUssE.js                                0.36 kB │ gzip:   0.26 kB
dist/assets/between-horizontal-start-BEHWQc4G.js                              0.36 kB │ gzip:   0.26 kB
dist/assets/book-plus-DdbbNoAZ.js                                             0.36 kB │ gzip:   0.27 kB
dist/assets/chart-bar-big-Bh_pQUCR.js                                         0.36 kB │ gzip:   0.26 kB
dist/assets/shield-Bu3w26gM.js                                                0.36 kB │ gzip:   0.28 kB
dist/assets/align-horizontal-justify-start-DFjFsO4b.js                        0.36 kB │ gzip:   0.26 kB
dist/assets/align-vertical-justify-center-nt6sA96u.js                         0.36 kB │ gzip:   0.26 kB
dist/assets/folder-closed-D-jNqD7c.js                                         0.36 kB │ gzip:   0.26 kB
dist/assets/list-filter-plus-BON7vil2.js                                      0.36 kB │ gzip:   0.25 kB
dist/assets/repeat-CSLKcKX_.js                                                0.36 kB │ gzip:   0.25 kB
dist/assets/rotate-ccw-square-B-l_mk0n.js                                     0.36 kB │ gzip:   0.26 kB
dist/assets/search-code-BTtk_zdX.js                                           0.36 kB │ gzip:   0.27 kB
dist/assets/square-asterisk-BZeZOppX.js                                       0.36 kB │ gzip:   0.26 kB
dist/assets/square-play-BitB9Rrd.js                                           0.36 kB │ gzip:   0.28 kB
dist/assets/chart-column-big-BC7UlbXX.js                                      0.36 kB │ gzip:   0.26 kB
dist/assets/chart-pie-GCMwq-CR.js                                             0.36 kB │ gzip:   0.27 kB
dist/assets/clock-plus-CAy1aDF5.js                                            0.36 kB │ gzip:   0.26 kB
dist/assets/repeat-2-CCDPrHF_.js                                              0.36 kB │ gzip:   0.26 kB
dist/assets/speaker-CRJSHn-7.js                                               0.36 kB │ gzip:   0.27 kB
dist/assets/award-Da-J4EAI.js                                                 0.36 kB │ gzip:   0.28 kB
dist/assets/align-horizontal-justify-center-CbAHNxgJ.js                       0.36 kB │ gzip:   0.26 kB
dist/assets/square-function-Cml933FC.js                                       0.36 kB │ gzip:   0.27 kB
dist/assets/square-pi-DtUzUKb_.js                                             0.36 kB │ gzip:   0.27 kB
dist/assets/umbrella-VL5DyxSs.js                                              0.36 kB │ gzip:   0.26 kB
dist/assets/book-alert-CO3IeU4o.js                                            0.36 kB │ gzip:   0.26 kB
dist/assets/book-x-dt4QuySo.js                                                0.36 kB │ gzip:   0.26 kB
dist/assets/list-x-D3qgh_ER.js                                                0.36 kB │ gzip:   0.25 kB
dist/assets/message-square-dot-Fhuwm5JV.js                                    0.36 kB │ gzip:   0.29 kB
dist/assets/receipt-euro-B60gmDpj.js                                          0.36 kB │ gzip:   0.26 kB
dist/assets/rectangle-ellipsis-B_fyeVEN.js                                    0.36 kB │ gzip:   0.25 kB
dist/assets/book-up-DIIZjPwl.js                                               0.36 kB │ gzip:   0.27 kB
dist/assets/folder-check-HvEGQf55.js                                          0.36 kB │ gzip:   0.27 kB
dist/assets/bolt-BN1QE8Et.js                                                  0.36 kB │ gzip:   0.27 kB
dist/assets/clock-arrow-down-DnK7dr4O.js                                      0.36 kB │ gzip:   0.27 kB
dist/assets/pen-line-BvFlgJtu.js                                              0.36 kB │ gzip:   0.28 kB
dist/assets/-inventory-document-layout-5UvistbW.js                            0.36 kB │ gzip:   0.26 kB
dist/assets/a-arrow-up-DEkMHaHC.js                                            0.36 kB │ gzip:   0.27 kB
dist/assets/bomb-DN-rvtsW.js                                                  0.36 kB │ gzip:   0.28 kB
dist/assets/book-a-AQ9k4QNF.js                                                0.36 kB │ gzip:   0.27 kB
dist/assets/book-down-CzAaeqr5.js                                             0.36 kB │ gzip:   0.27 kB
dist/assets/bookmark-plus-LsFA9OQ7.js                                         0.36 kB │ gzip:   0.27 kB
dist/assets/mail-minus-BbS9JBP_.js                                            0.36 kB │ gzip:   0.27 kB
dist/assets/receipt-cent-6Ega1Pf9.js                                          0.36 kB │ gzip:   0.26 kB
dist/assets/scale-3d-d46Mryfo.js                                              0.36 kB │ gzip:   0.26 kB
dist/assets/volume-BugSILJs.js                                                0.36 kB │ gzip:   0.27 kB
dist/assets/list-checks-BR_hYHPS.js                                           0.36 kB │ gzip:   0.24 kB
dist/assets/coins-B5zT2ItF.js                                                 0.36 kB │ gzip:   0.27 kB
dist/assets/book-open-BpZH-c8-.js                                             0.36 kB │ gzip:   0.26 kB
dist/assets/braces-DUpG3Ppe.js                                                0.36 kB │ gzip:   0.26 kB
dist/assets/decimals-arrow-left-D46cFwU-.js                                   0.36 kB │ gzip:   0.28 kB
dist/assets/lamp-floor-BlYWWbS2.js                                            0.36 kB │ gzip:   0.27 kB
dist/assets/power-off-8LQaS1PQ.js                                             0.36 kB │ gzip:   0.27 kB
dist/assets/user-search-xNY358p5.js                                           0.36 kB │ gzip:   0.27 kB
dist/assets/a-arrow-down-DZALH535.js                                          0.36 kB │ gzip:   0.28 kB
dist/assets/cloud-rain-BBuweUxt.js                                            0.36 kB │ gzip:   0.26 kB
dist/assets/file-diff-jEgKmCph.js                                             0.36 kB │ gzip:   0.26 kB
dist/assets/git-branch-CS5zhJOZ.js                                            0.36 kB │ gzip:   0.27 kB
dist/assets/list-music-B-iovOcV.js                                            0.36 kB │ gzip:   0.26 kB
dist/assets/wifi-DE384cP6.js                                                  0.36 kB │ gzip:   0.26 kB
dist/assets/use-entity-by-id-query-DhjTks89.js                                0.37 kB │ gzip:   0.29 kB
dist/assets/clock-arrow-up-C6zc-38B.js                                        0.37 kB │ gzip:   0.27 kB
dist/assets/file-chart-line-BXmovyI7.js                                       0.37 kB │ gzip:   0.27 kB
dist/assets/grid-2x2-plus-SBjNNAbU.js                                         0.37 kB │ gzip:   0.26 kB
dist/assets/grid-2x2-x-DuMpbvrK.js                                            0.37 kB │ gzip:   0.26 kB
dist/assets/rewind-BxsZU3z1.js                                                0.37 kB │ gzip:   0.24 kB
dist/assets/wind-arrow-down-BZBwc63v.js                                       0.37 kB │ gzip:   0.26 kB
dist/assets/arrow-big-up-1A3XvK50.js                                          0.37 kB │ gzip:   0.27 kB
dist/assets/drumstick-CT7TYBHr.js                                             0.37 kB │ gzip:   0.28 kB
dist/assets/eraser-Bb0PQI71.js                                                0.37 kB │ gzip:   0.27 kB
dist/assets/plug-2-D43fOcni.js                                                0.37 kB │ gzip:   0.26 kB
dist/assets/square-split-vertical-C2E74pt0.js                                 0.37 kB │ gzip:   0.28 kB
dist/assets/tablet-smartphone-DXDDIv_p.js                                     0.37 kB │ gzip:   0.28 kB
dist/assets/arrow-big-down-CqOIcsZR.js                                        0.37 kB │ gzip:   0.27 kB
dist/assets/file-question-mark-YT755MZp.js                                    0.37 kB │ gzip:   0.27 kB
dist/assets/heading-4-I1UMEOKs.js                                             0.37 kB │ gzip:   0.25 kB
dist/assets/wine-DU7oQYU_.js                                                  0.37 kB │ gzip:   0.26 kB
dist/assets/container-Be-RDYcE.js                                             0.37 kB │ gzip:   0.27 kB
dist/assets/arrow-up-narrow-wide-ByDqrxqs.js                                  0.37 kB │ gzip:   0.25 kB
dist/assets/arrow-up-wide-narrow-CtBYzVpk.js                                  0.37 kB │ gzip:   0.25 kB
dist/assets/folder-dot-DPNCt44s.js                                            0.37 kB │ gzip:   0.28 kB
dist/assets/mail-check-DtVVhCOi.js                                            0.37 kB │ gzip:   0.27 kB
dist/assets/square-split-horizontal-BWO5f-6-.js                               0.37 kB │ gzip:   0.29 kB
dist/assets/git-compare-CRMM0z_F.js                                           0.37 kB │ gzip:   0.26 kB
dist/assets/arrow-big-left-DfwjKgRg.js                                        0.37 kB │ gzip:   0.27 kB
dist/assets/arrow-down-narrow-wide-Cwpsgql0.js                                0.37 kB │ gzip:   0.25 kB
dist/assets/arrow-down-wide-narrow-vBC2WZMT.js                                0.37 kB │ gzip:   0.25 kB
dist/assets/copy-check-BdBzc0Lg.js                                            0.37 kB │ gzip:   0.29 kB
dist/assets/diamond-minus-BBD4HLFG.js                                         0.37 kB │ gzip:   0.26 kB
dist/assets/fast-forward-0fzLFuET.js                                          0.37 kB │ gzip:   0.25 kB
dist/assets/glass-water-AsEEsH8N.js                                           0.37 kB │ gzip:   0.28 kB
dist/assets/ligature-DLE-lB7w.js                                              0.37 kB │ gzip:   0.26 kB
dist/assets/list-collapse-jtpOd-Po.js                                         0.37 kB │ gzip:   0.24 kB
dist/assets/satellite-dish-cxSRBlhW.js                                        0.37 kB │ gzip:   0.26 kB
dist/assets/send-horizontal-Ddv2ocl3.js                                       0.37 kB │ gzip:   0.28 kB
dist/assets/file-plus-2-DoasPOF7.js                                           0.37 kB │ gzip:   0.26 kB
dist/assets/wallet-DnHKoosw.js                                                0.37 kB │ gzip:   0.26 kB
dist/assets/arrow-big-right-BXxjWGn1.js                                       0.37 kB │ gzip:   0.27 kB
dist/assets/layout-template-NnBQ6nnn.js                                       0.37 kB │ gzip:   0.24 kB
dist/assets/scaling-QrYFc-gl.js                                               0.37 kB │ gzip:   0.26 kB
dist/assets/shirt-VTA3R7OO.js                                                 0.37 kB │ gzip:   0.28 kB
dist/assets/user-round-search-10BpcgnN.js                                     0.37 kB │ gzip:   0.28 kB
dist/assets/arrows-up-from-line-GOzVUdzg.js                                   0.37 kB │ gzip:   0.25 kB
dist/assets/computer-BP3Rkico.js                                              0.37 kB │ gzip:   0.26 kB
dist/assets/layout-panel-left-CkCol4aR.js                                     0.37 kB │ gzip:   0.24 kB
dist/assets/layout-panel-top-CqcfHQtL.js                                      0.37 kB │ gzip:   0.24 kB
dist/assets/text-search-DT1HCmlM.js                                           0.37 kB │ gzip:   0.26 kB
dist/assets/toy-brick-BXxNMTVZ.js                                             0.37 kB │ gzip:   0.27 kB
dist/assets/bike-C3IKpPIS.js                                                  0.37 kB │ gzip:   0.26 kB
dist/assets/disc-3-DkDVa2vC.js                                                0.37 kB │ gzip:   0.27 kB
dist/assets/list-chevrons-down-up-jccIIVL6.js                                 0.37 kB │ gzip:   0.25 kB
dist/assets/list-chevrons-up-down-BRvuWFzP.js                                 0.37 kB │ gzip:   0.25 kB
dist/assets/receipt-russian-ruble-C-UgEaRI.js                                 0.37 kB │ gzip:   0.26 kB
dist/assets/shrub-CZ9UEnAf.js                                                 0.37 kB │ gzip:   0.28 kB
dist/assets/tangent-BosKH47L.js                                               0.37 kB │ gzip:   0.27 kB
dist/assets/ticket-plus-BSu9zktW.js                                           0.37 kB │ gzip:   0.26 kB
dist/assets/file-lock-eXrCub15.js                                             0.37 kB │ gzip:   0.28 kB
dist/assets/git-pull-request-DsuigmIB.js                                      0.37 kB │ gzip:   0.27 kB
dist/assets/list-end-CHr1C5Nj.js                                              0.37 kB │ gzip:   0.26 kB
dist/assets/mail-open-DvCRt3bi.js                                             0.37 kB │ gzip:   0.28 kB
dist/assets/pill-bottle-B0DjtYMM.js                                           0.37 kB │ gzip:   0.28 kB
dist/assets/scan-BRZ_cM1Y.js                                                  0.37 kB │ gzip:   0.26 kB
dist/assets/square-pilcrow-DrcS8XnE.js                                        0.37 kB │ gzip:   0.27 kB
dist/assets/file-symlink-CWxZlqP4.js                                          0.37 kB │ gzip:   0.27 kB
dist/assets/list-start-Bs01o2L3.js                                            0.37 kB │ gzip:   0.26 kB
dist/assets/monitor-stop-DEd7LqM9.js                                          0.37 kB │ gzip:   0.27 kB
dist/assets/egg-off-CpqvZBmf.js                                               0.38 kB │ gzip:   0.28 kB
dist/assets/file-x-2-DcetXH5O.js                                              0.38 kB │ gzip:   0.26 kB
dist/assets/heading-6-DT9cpxzO.js                                             0.38 kB │ gzip:   0.27 kB
dist/assets/indian-rupee-CVuO93vd.js                                          0.38 kB │ gzip:   0.26 kB
dist/assets/radius-DcXGWSU6.js                                                0.38 kB │ gzip:   0.27 kB
dist/assets/sales-quotation-decision.type-CRlQ1vJh.js                         0.38 kB │ gzip:   0.28 kB
dist/assets/folder-open-DeEkE7Cm.js                                           0.38 kB │ gzip:   0.27 kB
dist/assets/shopping-cart-DWmfc4iR.js                                         0.38 kB │ gzip:   0.28 kB
dist/assets/bubbles-rM9UsRfe.js                                               0.38 kB │ gzip:   0.26 kB
dist/assets/case-sensitive-CqNDtTXy.js                                        0.38 kB │ gzip:   0.29 kB
dist/assets/cloud-rain-wind-B_xkEwyt.js                                       0.38 kB │ gzip:   0.27 kB
dist/assets/file-input-CtdUG5NT.js                                            0.38 kB │ gzip:   0.27 kB
dist/assets/lasso-CwUR9wgp.js                                                 0.38 kB │ gzip:   0.27 kB
dist/assets/variable-CM0gDWXP.js                                              0.38 kB │ gzip:   0.26 kB
dist/assets/venus-and-mars-C3ptnhF4.js                                        0.38 kB │ gzip:   0.27 kB
dist/assets/maximize-BdXpq7IN.js                                              0.38 kB │ gzip:   0.26 kB
dist/assets/minimize-fVzRVaO8.js                                              0.38 kB │ gzip:   0.26 kB
dist/assets/pilcrow-left-BtIxGhAZ.js                                          0.38 kB │ gzip:   0.26 kB
dist/assets/smile-DjHapl3v.js                                                 0.38 kB │ gzip:   0.27 kB
dist/assets/turntable-BaeTyarG.js                                             0.38 kB │ gzip:   0.29 kB
dist/assets/link-2-off-DLRBlUjo.js                                            0.38 kB │ gzip:   0.27 kB
dist/assets/linkedin-BiQnHrmA.js                                              0.38 kB │ gzip:   0.29 kB
dist/assets/meh-CQgrU9sc.js                                                   0.38 kB │ gzip:   0.26 kB
dist/assets/moon-star-CYGpE-JY.js                                             0.38 kB │ gzip:   0.28 kB
dist/assets/pilcrow-right-CdUBHjUg.js                                         0.38 kB │ gzip:   0.26 kB
dist/assets/receipt-turkish-lira-82n2pt3a.js                                  0.38 kB │ gzip:   0.27 kB
dist/assets/book-user-6i0rBm_M.js                                             0.38 kB │ gzip:   0.29 kB
dist/assets/flashlight-BAgpr5Bl.js                                            0.38 kB │ gzip:   0.27 kB
dist/assets/frown-DlyN-o8I.js                                                 0.38 kB │ gzip:   0.27 kB
dist/assets/grid-3x3-JwotuOtN.js                                              0.38 kB │ gzip:   0.26 kB
dist/assets/map-pin-plus-inside-ofXa7uDV.js                                   0.38 kB │ gzip:   0.29 kB
dist/assets/hash-Bvjy5LVR.js                                                  0.38 kB │ gzip:   0.24 kB
dist/assets/frame-8INR87cg.js                                                 0.38 kB │ gzip:   0.24 kB
dist/assets/instagram-Era2AsDQ.js                                             0.38 kB │ gzip:   0.29 kB
dist/assets/list-tree-BnuKZn7u.js                                             0.38 kB │ gzip:   0.25 kB
dist/assets/ticket-x-qnxpzibJ.js                                              0.38 kB │ gzip:   0.27 kB
dist/assets/bed-double-CSNmSdj8.js                                            0.38 kB │ gzip:   0.26 kB
dist/assets/egg-fried-QwgiW-ca.js                                             0.38 kB │ gzip:   0.29 kB
dist/assets/file-plus-Blu5MZuQ.js                                             0.38 kB │ gzip:   0.26 kB
dist/assets/receipt-text-DEs4DknW.js                                          0.38 kB │ gzip:   0.25 kB
dist/assets/archive-x-BWbVdeaX.js                                             0.38 kB │ gzip:   0.28 kB
dist/assets/calendar-1-EVyAnHhM.js                                            0.38 kB │ gzip:   0.27 kB
dist/assets/clipboard-minus-DhAlmy7q.js                                       0.38 kB │ gzip:   0.28 kB
dist/assets/copy-minus-DG-ZOL38.js                                            0.38 kB │ gzip:   0.29 kB
dist/assets/copy-slash-CumnWXPq.js                                            0.38 kB │ gzip:   0.29 kB
dist/assets/file-code-2-D7hJ4kaM.js                                           0.38 kB │ gzip:   0.27 kB
dist/assets/folder-symlink-B-1nfWdZ.js                                        0.38 kB │ gzip:   0.27 kB
dist/assets/headset-7vM-unuC.js                                               0.38 kB │ gzip:   0.27 kB
dist/assets/feather-BGG9vaWL.js                                               0.38 kB │ gzip:   0.28 kB
dist/assets/panel-top-dashed-B4diFLCr.js                                      0.38 kB │ gzip:   0.27 kB
dist/assets/spade-Yh8kXXs7.js                                                 0.38 kB │ gzip:   0.29 kB
dist/assets/star-off-C1ua2ASO.js                                              0.38 kB │ gzip:   0.29 kB
dist/assets/bone-CYE3YzSp.js                                                  0.38 kB │ gzip:   0.27 kB
dist/assets/file-key-yfLL8dWD.js                                              0.38 kB │ gzip:   0.28 kB
dist/assets/flame-kindling-UbMSoLwT.js                                        0.38 kB │ gzip:   0.29 kB
dist/assets/list-todo-CdYGVlGA.js                                             0.38 kB │ gzip:   0.27 kB
dist/assets/monitor-dot-CMkYpbyP.js                                           0.38 kB │ gzip:   0.28 kB
dist/assets/panel-left-dashed-D4gUoqlK.js                                     0.38 kB │ gzip:   0.26 kB
dist/assets/battery-full-DXfsv_mt.js                                          0.39 kB │ gzip:   0.27 kB
dist/assets/bean-B3v-T-DL.js                                                  0.39 kB │ gzip:   0.30 kB
dist/assets/monitor-pause-DEJd2lfv.js                                         0.39 kB │ gzip:   0.27 kB
dist/assets/video-off-DqFq3jiT.js                                             0.39 kB │ gzip:   0.28 kB
dist/assets/flask-conical-BMrcs2eF.js                                         0.39 kB │ gzip:   0.28 kB
dist/assets/calendar-minus-2-nZiJHeBv.js                                      0.39 kB │ gzip:   0.27 kB
dist/assets/chevrons-left-right-ellipsis-V4UNhmvt.js                          0.39 kB │ gzip:   0.26 kB
dist/assets/circle-divide-_e-z6IG-.js                                         0.39 kB │ gzip:   0.25 kB
dist/assets/file-axis-3d-l5eEpOxW.js                                          0.39 kB │ gzip:   0.27 kB
dist/assets/message-square-share-DL5ffz7J.js                                  0.39 kB │ gzip:   0.28 kB
dist/assets/subscript-BXfVaQ9E.js                                             0.39 kB │ gzip:   0.29 kB
dist/assets/thumbs-up-DKNZxgBN.js                                             0.39 kB │ gzip:   0.29 kB
dist/assets/file-down-DxQi3hdd.js                                             0.39 kB │ gzip:   0.26 kB
dist/assets/cloud-off-CQ0nhy7y.js                                             0.39 kB │ gzip:   0.28 kB
dist/assets/delete-CgcaUgG4.js                                                0.39 kB │ gzip:   0.28 kB
dist/assets/map-pin-x-inside-CFHyKf_Z.js                                      0.39 kB │ gzip:   0.29 kB
dist/assets/milestone-D9ONw6ae.js                                             0.39 kB │ gzip:   0.27 kB
dist/assets/monitor-up-D2irSGVB.js                                            0.39 kB │ gzip:   0.28 kB
dist/assets/thumbs-down-D7UyzntT.js                                           0.39 kB │ gzip:   0.29 kB
dist/assets/coffee-H5AHgEjx.js                                                0.39 kB │ gzip:   0.26 kB
dist/assets/file-clock-BpIOSxcz.js                                            0.39 kB │ gzip:   0.28 kB
dist/assets/forklift-C-NBxonZ.js                                              0.39 kB │ gzip:   0.29 kB
dist/assets/lamp-ceiling-BGqFFNwv.js                                          0.39 kB │ gzip:   0.29 kB
dist/assets/laptop-yeceZzX0.js                                                0.39 kB │ gzip:   0.28 kB
dist/assets/mails-YJ73D4aN.js                                                 0.39 kB │ gzip:   0.29 kB
dist/assets/paint-roller-BIPbpotE.js                                          0.39 kB │ gzip:   0.28 kB
dist/assets/shrink-SuWE62Pz.js                                                0.39 kB │ gzip:   0.28 kB
dist/assets/arrow-up-a-z-CYmctYE2.js                                          0.39 kB │ gzip:   0.27 kB
dist/assets/ampersands-Ck-uKYJ0.js                                            0.39 kB │ gzip:   0.25 kB
dist/assets/audio-lines-DM87ya28.js                                           0.39 kB │ gzip:   0.25 kB
dist/assets/calendar-check-CGQ6IeAZ.js                                        0.39 kB │ gzip:   0.27 kB
dist/assets/file-x-CW5GW1u8.js                                                0.39 kB │ gzip:   0.26 kB
dist/assets/gallery-thumbnails-kBhy-pAj.js                                    0.39 kB │ gzip:   0.27 kB
dist/assets/mouse-off-BE2lAREg.js                                             0.39 kB │ gzip:   0.28 kB
dist/assets/panel-right-dashed-CG4egJUE.js                                    0.39 kB │ gzip:   0.27 kB
dist/assets/table-cells-merge-D2JwckmE.js                                     0.39 kB │ gzip:   0.27 kB
dist/assets/arrow-up-z-a-BsQjsSnT.js                                          0.39 kB │ gzip:   0.28 kB
dist/assets/case-upper-BYrpdel1.js                                            0.39 kB │ gzip:   0.28 kB
dist/assets/dice-4-DIOdjD2u.js                                                0.39 kB │ gzip:   0.26 kB
dist/assets/file-terminal-BGb9eLFB.js                                         0.39 kB │ gzip:   0.26 kB
dist/assets/folder-plus-BPGLtu4R.js                                           0.39 kB │ gzip:   0.28 kB
dist/assets/joystick-yxPeD6oX.js                                              0.39 kB │ gzip:   0.28 kB
dist/assets/monitor-down-BrHlNtoA.js                                          0.39 kB │ gzip:   0.28 kB
dist/assets/mouse-pointer-DdPmOn1d.js                                         0.39 kB │ gzip:   0.29 kB
dist/assets/panel-bottom-dashed-W2JTRheN.js                                   0.39 kB │ gzip:   0.27 kB
dist/assets/plane-DdPwQM4S.js                                                 0.39 kB │ gzip:   0.30 kB
dist/assets/receipt-swiss-franc-CfEw2-A6.js                                   0.39 kB │ gzip:   0.26 kB
dist/assets/user-x-C_hLNnzr.js                                                0.39 kB │ gzip:   0.28 kB
dist/assets/project-planning-service-CJnTSM8r.js                              0.39 kB │ gzip:   0.26 kB
dist/assets/align-vertical-space-between-Bbswc7MN.js                          0.39 kB │ gzip:   0.27 kB
dist/assets/arrow-up-0-1-CEcdkJzz.js                                          0.39 kB │ gzip:   0.28 kB
dist/assets/arrow-up-1-0-BoGHiOCb.js                                          0.39 kB │ gzip:   0.28 kB
dist/assets/book-audio-5jIpGU7G.js                                            0.39 kB │ gzip:   0.27 kB
dist/assets/file-music-GGL4fOF8.js                                            0.39 kB │ gzip:   0.28 kB
dist/assets/git-pull-request-create-CuWjj9QE.js                               0.39 kB │ gzip:   0.28 kB
dist/assets/arrow-down-a-z-C9IW5oaD.js                                        0.39 kB │ gzip:   0.27 kB
dist/assets/chef-hat-Da6d-RvW.js                                              0.39 kB │ gzip:   0.29 kB
dist/assets/cross-Dvt2BI5u.js                                                 0.39 kB │ gzip:   0.25 kB
dist/assets/laugh-DTWd4-Fa.js                                                 0.39 kB │ gzip:   0.28 kB
dist/assets/monitor-x-B0LnV-QA.js                                             0.39 kB │ gzip:   0.28 kB
dist/assets/align-horizontal-space-between-Bg6N74yA.js                        0.39 kB │ gzip:   0.28 kB
dist/assets/align-vertical-distribute-end-DkvCycPy.js                         0.39 kB │ gzip:   0.27 kB
dist/assets/arrow-down-z-a-UJ2SBpaA.js                                        0.39 kB │ gzip:   0.28 kB
dist/assets/brush-CPOFYEnF.js                                                 0.39 kB │ gzip:   0.29 kB
dist/assets/folder-clock-rQe80bak.js                                          0.39 kB │ gzip:   0.29 kB
dist/assets/inspection-panel-CIlGK5te.js                                      0.39 kB │ gzip:   0.26 kB
dist/assets/sprout-D9Prw-cu.js                                                0.39 kB │ gzip:   0.27 kB
dist/assets/text-initial-C_GGh31W.js                                          0.39 kB │ gzip:   0.27 kB
dist/assets/tree-pine-Pm-ZsT9L.js                                             0.39 kB │ gzip:   0.28 kB
dist/assets/align-vertical-distribute-start-DdXOo5oq.js                       0.39 kB │ gzip:   0.27 kB
dist/assets/arrow-down-0-1-DisJiCgz.js                                        0.39 kB │ gzip:   0.28 kB
dist/assets/arrow-down-1-0-CDzFFW01.js                                        0.39 kB │ gzip:   0.28 kB
dist/assets/concierge-bell-DJqP-7A3.js                                        0.39 kB │ gzip:   0.27 kB
dist/assets/folder-up-CF4oaYFZ.js                                             0.39 kB │ gzip:   0.28 kB
dist/assets/message-square-plus-DxPeQWdX.js                                   0.39 kB │ gzip:   0.29 kB
dist/assets/regex-DB7C4vmY.js                                                 0.39 kB │ gzip:   0.27 kB
dist/assets/align-horizontal-distribute-end-DTf1Sw-s.js                       0.40 kB │ gzip:   0.27 kB
dist/assets/message-square-off-Dsqn27gA.js                                    0.40 kB │ gzip:   0.29 kB
dist/assets/align-horizontal-distribute-start-CyTIQ-L-.js                     0.40 kB │ gzip:   0.27 kB
dist/assets/book-type-DA2cnxKu.js                                             0.40 kB │ gzip:   0.28 kB
dist/assets/hard-drive-upload-CwLFdWwe.js                                     0.40 kB │ gzip:   0.28 kB
dist/assets/folder-down-Czo4a1_A.js                                           0.40 kB │ gzip:   0.28 kB
dist/assets/hard-drive-download-D6wf80qD.js                                   0.40 kB │ gzip:   0.28 kB
dist/assets/heart-minus-CTOyR8LK.js                                           0.40 kB │ gzip:   0.30 kB
dist/assets/repeat-1-C6kboluy.js                                              0.40 kB │ gzip:   0.27 kB
dist/assets/user-lock-XrgxYYzg.js                                             0.40 kB │ gzip:   0.30 kB
dist/assets/antenna-DsCpAPSE.js                                               0.40 kB │ gzip:   0.25 kB
dist/assets/apple-4pRJZCr1.js                                                 0.40 kB │ gzip:   0.28 kB
dist/assets/flag-off-BQggPmV_.js                                              0.40 kB │ gzip:   0.29 kB
dist/assets/folder-input-BQOtKe8h.js                                          0.40 kB │ gzip:   0.28 kB
dist/assets/ice-cream-bowl-5ZUGWuSK.js                                        0.40 kB │ gzip:   0.28 kB
dist/assets/mail-plus-DPDU0q3u.js                                             0.40 kB │ gzip:   0.29 kB
dist/assets/saudi-riyal-Dhj9Xpi-.js                                           0.40 kB │ gzip:   0.29 kB
dist/assets/shield-half-BZ2jaijd.js                                           0.40 kB │ gzip:   0.30 kB
dist/assets/shield-minus-DPOZrkmH.js                                          0.40 kB │ gzip:   0.30 kB
dist/assets/book-image-DtC39lNG.js                                            0.40 kB │ gzip:   0.30 kB
dist/assets/bring-to-front-Brp1YOb7.js                                        0.40 kB │ gzip:   0.28 kB
dist/assets/chart-area-WYvwoO5P.js                                            0.40 kB │ gzip:   0.28 kB
dist/assets/folder-search-4P5J_TEd.js                                         0.40 kB │ gzip:   0.29 kB
dist/assets/mail-x-Dse-NcsH.js                                                0.40 kB │ gzip:   0.28 kB
dist/assets/badge-check-Cd5-1gc_.js                                           0.40 kB │ gzip:   0.27 kB
dist/assets/folder-output-CzbrLkGh.js                                         0.40 kB │ gzip:   0.28 kB
dist/assets/gavel--1kU_bjt.js                                                 0.40 kB │ gzip:   0.27 kB
dist/assets/languages-gvvgCYJg.js                                             0.40 kB │ gzip:   0.27 kB
dist/assets/message-square-warning-69uvNWGT.js                                0.40 kB │ gzip:   0.29 kB
dist/assets/banana-OKGdgULk.js                                                0.40 kB │ gzip:   0.30 kB
dist/assets/chromium-BEFvvkCy.js                                              0.40 kB │ gzip:   0.28 kB
dist/assets/git-pull-request-draft-BRZkxiHl.js                                0.40 kB │ gzip:   0.28 kB
dist/assets/shapes-OlACTX-i.js                                                0.40 kB │ gzip:   0.30 kB
dist/assets/signature-LRs1hv7j.js                                             0.40 kB │ gzip:   0.30 kB
dist/assets/sword-C_2u_VxT.js                                                 0.40 kB │ gzip:   0.27 kB
dist/assets/toilet-Bc-gpfDQ.js                                                0.40 kB │ gzip:   0.28 kB
dist/assets/videotape-Ctlrvo7U.js                                             0.40 kB │ gzip:   0.28 kB
dist/assets/cast-sqQJ81zh.js                                                  0.40 kB │ gzip:   0.28 kB
dist/assets/message-circle-plus-C8KI5gT0.js                                   0.40 kB │ gzip:   0.30 kB
dist/assets/message-circle-x-Bc-6H-ch.js                                      0.40 kB │ gzip:   0.30 kB
dist/assets/message-square-x-Cnr13oWl.js                                      0.40 kB │ gzip:   0.29 kB
dist/assets/monitor-off-DKg5_z6t.js                                           0.40 kB │ gzip:   0.28 kB
dist/assets/pencil-line-Cm58dCGb.js                                           0.40 kB │ gzip:   0.29 kB
dist/assets/table-of-contents-C9z9aDbU.js                                     0.40 kB │ gzip:   0.25 kB
dist/assets/hard-hat-Dvt90QF2.js                                              0.40 kB │ gzip:   0.29 kB
dist/assets/list-video-C_45UuFv.js                                            0.40 kB │ gzip:   0.27 kB
dist/assets/star-half-7Zl_nTqQ.js                                             0.40 kB │ gzip:   0.30 kB
dist/assets/shield-check-CtrfYhoK.js                                          0.40 kB │ gzip:   0.30 kB
dist/assets/diamond-plus-Cg2t6xrg.js                                          0.40 kB │ gzip:   0.27 kB
dist/assets/file-user-DGUQw2zH.js                                             0.40 kB │ gzip:   0.28 kB
dist/assets/fuel-CFWq0EZo.js                                                  0.40 kB │ gzip:   0.28 kB
dist/assets/move-C1ZAgEId.js                                                  0.40 kB │ gzip:   0.26 kB
dist/assets/stamp-DMKa5HGR.js                                                 0.41 kB │ gzip:   0.28 kB
dist/assets/refresh-ccw-MIXCthcC.js                                           0.41 kB │ gzip:   0.27 kB
dist/assets/book-copy-SwfHOdgI.js                                             0.41 kB │ gzip:   0.28 kB
dist/assets/cloud-moon-9ySorDjY.js                                            0.41 kB │ gzip:   0.31 kB
dist/assets/cup-soda-CPbOSid9.js                                              0.41 kB │ gzip:   0.28 kB
dist/assets/folders--BC5sodr.js                                               0.41 kB │ gzip:   0.28 kB
dist/assets/git-pull-request-arrow-B8Nlhn5y.js                                0.41 kB │ gzip:   0.29 kB
dist/assets/send-to-back-BJM8RWWO.js                                          0.41 kB │ gzip:   0.27 kB
dist/assets/square-stack-BjLdQBk3.js                                          0.41 kB │ gzip:   0.28 kB
dist/assets/superscript-0XpLk7yP.js                                           0.41 kB │ gzip:   0.30 kB
dist/assets/ticket-C0OO-5Zs.js                                                0.41 kB │ gzip:   0.27 kB
dist/assets/calendar-minus-CtI23hlV.js                                        0.41 kB │ gzip:   0.27 kB
dist/assets/folder-root-B1MhsmY1.js                                           0.41 kB │ gzip:   0.30 kB
dist/assets/hand-helping-CTdoaN42.js                                          0.41 kB │ gzip:   0.30 kB
dist/assets/microwave-QQ5FGMS0.js                                             0.41 kB │ gzip:   0.27 kB
dist/assets/spell-check-2-CIOzyUea.js                                         0.41 kB │ gzip:   0.26 kB
dist/assets/a-large-small-CP5hpR1l.js                                         0.41 kB │ gzip:   0.30 kB
dist/assets/arrow-big-down-dash-D_PM3lSD.js                                   0.41 kB │ gzip:   0.29 kB
dist/assets/arrow-big-up-dash-BEVXUgQ7.js                                     0.41 kB │ gzip:   0.28 kB
dist/assets/eye-closed-D1jhKj4y.js                                            0.41 kB │ gzip:   0.27 kB
dist/assets/funnel-plus-Dd82iP7-.js                                           0.41 kB │ gzip:   0.29 kB
dist/assets/id-card-CxzxXgFW.js                                               0.41 kB │ gzip:   0.29 kB
dist/assets/message-square-code-DvubPOoV.js                                   0.41 kB │ gzip:   0.29 kB
dist/assets/screen-share-D1F3Pupm.js                                          0.41 kB │ gzip:   0.28 kB
dist/assets/mail-warning-Sr-qSePa.js                                          0.41 kB │ gzip:   0.29 kB
dist/assets/message-circle-warning-CkTHAgly.js                                0.41 kB │ gzip:   0.30 kB
dist/assets/receipt-indian-rupee-Dl4YCjDS.js                                  0.41 kB │ gzip:   0.27 kB
dist/assets/rocking-chair-BbJJ86Sp.js                                         0.41 kB │ gzip:   0.28 kB
dist/assets/tv-minimal-play-BhYT6IeM.js                                       0.41 kB │ gzip:   0.30 kB
dist/assets/briefcase-business-B5IBsXXD.js                                    0.41 kB │ gzip:   0.29 kB
dist/assets/file-search-EJ0caCAi.js                                           0.41 kB │ gzip:   0.29 kB
dist/assets/flip-horizontal-2-D64p3cU3.js                                     0.41 kB │ gzip:   0.26 kB
dist/assets/squares-exclude-DU-Pjore.js                                       0.41 kB │ gzip:   0.27 kB
dist/assets/tag-D4JMNaqc.js                                                   0.41 kB │ gzip:   0.30 kB
dist/assets/arrow-big-left-dash-DF2NDA8f.js                                   0.41 kB │ gzip:   0.29 kB
dist/assets/arrow-big-right-dash-lD2HUQqu.js                                  0.41 kB │ gzip:   0.29 kB
dist/assets/contact-round-m5n1n9Ha.js                                         0.41 kB │ gzip:   0.29 kB
dist/assets/file-search-2-DxXhi8N4.js                                         0.41 kB │ gzip:   0.29 kB
dist/assets/heading-5-CeFkc3oQ.js                                             0.41 kB │ gzip:   0.28 kB
dist/assets/library-big-Yat7XUJj.js                                           0.41 kB │ gzip:   0.31 kB
dist/assets/monitor-smartphone-WoL87bky.js                                    0.41 kB │ gzip:   0.29 kB
dist/assets/receipt-pound-sterling-CixvJ5ZX.js                                0.41 kB │ gzip:   0.28 kB
dist/assets/sailboat-BASLGy_3.js                                              0.41 kB │ gzip:   0.29 kB
dist/assets/square-divide-zaezy9tt.js                                         0.41 kB │ gzip:   0.27 kB
dist/assets/battery-charging-BvI5s8wD.js                                      0.41 kB │ gzip:   0.29 kB
dist/assets/book-heart-Cg5W7jCt.js                                            0.41 kB │ gzip:   0.29 kB
dist/assets/fan-DOg7aDhD.js                                                   0.41 kB │ gzip:   0.27 kB
dist/assets/file-type-2-D3z-oed0.js                                           0.41 kB │ gzip:   0.27 kB
dist/assets/screen-share-off-DX2-gQ-Z.js                                      0.41 kB │ gzip:   0.28 kB
dist/assets/bell-minus-IoFX1n8E.js                                            0.41 kB │ gzip:   0.30 kB
dist/assets/bot-Csov-m4q.js                                                   0.41 kB │ gzip:   0.28 kB
dist/assets/calendar-check-2-B7njUB-c.js                                      0.41 kB │ gzip:   0.27 kB
dist/assets/nfc-MXdlx5-_.js                                                   0.41 kB │ gzip:   0.28 kB
dist/assets/volume-1-CZE6nVx-.js                                              0.41 kB │ gzip:   0.30 kB
dist/assets/wallet-cards-BAu5XSzx.js                                          0.41 kB │ gzip:   0.30 kB
dist/assets/youtube-C9R64JM8.js                                               0.41 kB │ gzip:   0.27 kB
dist/assets/badge-minus-BkO904mr.js                                           0.41 kB │ gzip:   0.28 kB
dist/assets/map-pin-minus-Ia8t08e-.js                                         0.41 kB │ gzip:   0.31 kB
dist/assets/notebook-C9q6LfRm.js                                              0.41 kB │ gzip:   0.28 kB
dist/assets/shield-ban-CpVE6vo7.js                                            0.41 kB │ gzip:   0.31 kB
dist/assets/tickets-PRi68rtt.js                                               0.41 kB │ gzip:   0.29 kB
dist/assets/flip-vertical-2-A4fKT-8B.js                                       0.41 kB │ gzip:   0.26 kB
dist/assets/folder-code-BE9E0boP.js                                           0.41 kB │ gzip:   0.29 kB
dist/assets/funnel-x-BoLXfudg.js                                              0.41 kB │ gzip:   0.30 kB
dist/assets/git-fork-K3cz45qG.js                                              0.41 kB │ gzip:   0.28 kB
dist/assets/bath-Bict7t-R.js                                                  0.42 kB │ gzip:   0.27 kB
dist/assets/file-audio-C_hfqqsF.js                                            0.42 kB │ gzip:   0.28 kB
dist/assets/message-circle-code-CyeWSD-g.js                                   0.42 kB │ gzip:   0.30 kB
dist/assets/scan-line-hGwe21cl.js                                             0.42 kB │ gzip:   0.27 kB
dist/assets/bell-dot-BAD8euFj.js                                              0.42 kB │ gzip:   0.31 kB
dist/assets/creative-commons-DmFId5j1.js                                      0.42 kB │ gzip:   0.26 kB
dist/assets/file-lock-2-BH3oVJ1N.js                                           0.42 kB │ gzip:   0.30 kB
dist/assets/flashlight-off-CqVKhkcD.js                                        0.42 kB │ gzip:   0.29 kB
dist/assets/graduation-cap-DUgUj-Op.js                                        0.42 kB │ gzip:   0.30 kB
dist/assets/ticket-percent-Cq9Qhbwa.js                                        0.42 kB │ gzip:   0.28 kB
dist/assets/heart-pulse-wVTuzaNU.js                                           0.42 kB │ gzip:   0.31 kB
dist/assets/layers-2-4fLQ59jy.js                                              0.42 kB │ gzip:   0.29 kB
dist/assets/dribbble-Bo0KbgiF.js                                              0.42 kB │ gzip:   0.31 kB
dist/assets/gem-B46HxyGy.js                                                   0.42 kB │ gzip:   0.30 kB
dist/assets/pin-off-NZ2v5vey.js                                               0.42 kB │ gzip:   0.29 kB
dist/assets/clipboard-plus-CWNHRIN_.js                                        0.42 kB │ gzip:   0.29 kB
dist/assets/book-open-check-sJAylhxg.js                                       0.42 kB │ gzip:   0.28 kB
dist/assets/clipboard-x-NWYVHRF1.js                                           0.42 kB │ gzip:   0.29 kB
dist/assets/contact-CSvs40wl.js                                               0.42 kB │ gzip:   0.29 kB
dist/assets/message-square-reply-DDzS7a1I.js                                  0.42 kB │ gzip:   0.30 kB
dist/assets/rotate-ccw-key-D_VfRG30.js                                        0.42 kB │ gzip:   0.30 kB
dist/assets/spool-PiLgC72e.js                                                 0.42 kB │ gzip:   0.30 kB
dist/assets/wallpaper-97M66GCr.js                                             0.42 kB │ gzip:   0.31 kB
dist/assets/book-lock-DVTVVq_z.js                                             0.42 kB │ gzip:   0.31 kB
dist/assets/bottle-wine-Hmy2Dgjs.js                                           0.42 kB │ gzip:   0.29 kB
dist/assets/camera-C1qdn9Ju.js                                                0.42 kB │ gzip:   0.30 kB
dist/assets/cooking-pot-DnWgZEBC.js                                           0.42 kB │ gzip:   0.29 kB
dist/assets/folder-search-2-BJBvlU8v.js                                       0.42 kB │ gzip:   0.30 kB
dist/assets/calendar-x-BahTMTIb.js                                            0.42 kB │ gzip:   0.28 kB
dist/assets/image-down-Cy5xW5Jj.js                                            0.42 kB │ gzip:   0.30 kB
dist/assets/image-up-N6x4F5vM.js                                              0.42 kB │ gzip:   0.30 kB
dist/assets/list-restart-BPmYsyd5.js                                          0.42 kB │ gzip:   0.29 kB
dist/assets/calendar-fold-B5OTHzgO.js                                         0.42 kB │ gzip:   0.28 kB
dist/assets/calendar-plus-2-DKfFpeLu.js                                       0.42 kB │ gzip:   0.28 kB
dist/assets/drafting-compass-B1-BSEOM.js                                      0.42 kB │ gzip:   0.30 kB
dist/assets/file-type-DOGKv0Al.js                                             0.42 kB │ gzip:   0.28 kB
dist/assets/focus-DE-__yrE.js                                                 0.42 kB │ gzip:   0.28 kB
dist/assets/lectern-DjxlDjIk.js                                               0.42 kB │ gzip:   0.31 kB
dist/assets/package-2-B-Z6Whbr.js                                             0.42 kB │ gzip:   0.30 kB
dist/assets/server-DP5t5VAl.js                                                0.42 kB │ gzip:   0.26 kB
dist/assets/type-outline-CLN-26DG.js                                          0.42 kB │ gzip:   0.26 kB
dist/assets/bitcoin-CFzBEQY1.js                                               0.42 kB │ gzip:   0.31 kB
dist/assets/database-zap-DPVSrbrd.js                                          0.42 kB │ gzip:   0.30 kB
dist/assets/files-DBh-HQ_R.js                                                 0.42 kB │ gzip:   0.27 kB
dist/assets/loader-pinwheel-sWR-7ERs.js                                       0.42 kB │ gzip:   0.28 kB
dist/assets/square-mouse-pointer-CfbdiHmQ.js                                  0.42 kB │ gzip:   0.31 kB
dist/assets/shopping-bag-BypTtf3d.js                                          0.42 kB │ gzip:   0.29 kB
dist/assets/alarm-clock-Blxu-k4_.js                                           0.42 kB │ gzip:   0.29 kB
dist/assets/angry-R1LwzC3a.js                                                 0.42 kB │ gzip:   0.29 kB
dist/assets/archive-restore-BRiI2SLT.js                                       0.42 kB │ gzip:   0.29 kB
dist/assets/battery-warning-DJzL9ikF.js                                       0.42 kB │ gzip:   0.28 kB
dist/assets/folder-lock-BVKOdJD5.js                                           0.42 kB │ gzip:   0.30 kB
dist/assets/paint-bucket-CBZ0M6N-.js                                          0.42 kB │ gzip:   0.30 kB
dist/assets/picture-in-picture-BTcMaMyj.js                                    0.42 kB │ gzip:   0.30 kB
dist/assets/specification-set-service-C530m_Jk.js                             0.43 kB │ gzip:   0.32 kB
dist/assets/air-vent-B7BFktut.js                                              0.43 kB │ gzip:   0.29 kB
dist/assets/ethernet-port-C5-Gx0Z3.js                                         0.43 kB │ gzip:   0.27 kB
dist/assets/file-key-2-CJRp-ZuQ.js                                            0.43 kB │ gzip:   0.30 kB
dist/assets/image-minus-B8uBeycJ.js                                           0.43 kB │ gzip:   0.31 kB
dist/assets/timer-off-D67vEisA.js                                             0.43 kB │ gzip:   0.28 kB
dist/assets/user-pen-D9TKY8oE.js                                              0.43 kB │ gzip:   0.31 kB
dist/assets/alarm-clock-minus-Bl4zRX9e.js                                     0.43 kB │ gzip:   0.29 kB
dist/assets/citrus-DRj8CMf1.js                                                0.43 kB │ gzip:   0.30 kB
dist/assets/message-circle-reply-DI2zhYk7.js                                  0.43 kB │ gzip:   0.31 kB
dist/assets/mouse-pointer-ban-BHIfdMdv.js                                     0.43 kB │ gzip:   0.32 kB
dist/assets/signpost-03ypgkd-.js                                              0.43 kB │ gzip:   0.28 kB
dist/assets/stethoscope-CWDB_yM3.js                                           0.43 kB │ gzip:   0.29 kB
dist/assets/accessibility-ByxuQhTj.js                                         0.43 kB │ gzip:   0.30 kB
dist/assets/globe-lock-C4QuMvJ-.js                                            0.43 kB │ gzip:   0.31 kB
dist/assets/utility-pole-DdQZ5UhI.js                                          0.43 kB │ gzip:   0.26 kB
dist/assets/venetian-mask-CPnq1GtE.js                                         0.43 kB │ gzip:   0.28 kB
dist/assets/file-chart-column-DdA03iUI.js                                     0.43 kB │ gzip:   0.28 kB
dist/assets/git-pull-request-closed-LhGkkUIj.js                               0.43 kB │ gzip:   0.29 kB
dist/assets/newspaper-BpHLhBKy.js                                             0.43 kB │ gzip:   0.30 kB
dist/assets/dice-5-IKdENwqe.js                                                0.43 kB │ gzip:   0.27 kB
dist/assets/heart-plus-BQIwM_2h.js                                            0.43 kB │ gzip:   0.31 kB
dist/assets/house-heart-w18f5qKl.js                                           0.43 kB │ gzip:   0.30 kB
dist/assets/message-square-quote-MhbWxLg7.js                                  0.43 kB │ gzip:   0.29 kB
dist/assets/octagon-DGzqVL-V.js                                               0.43 kB │ gzip:   0.27 kB
dist/assets/pen-off-BoCezLuq.js                                               0.43 kB │ gzip:   0.31 kB
dist/assets/pin-B5rLILXd.js                                                   0.43 kB │ gzip:   0.29 kB
dist/assets/clapperboard-DEIr1Pv7.js                                          0.43 kB │ gzip:   0.30 kB
dist/assets/folder-open-dot-ju-3S96L.js                                       0.43 kB │ gzip:   0.31 kB
dist/assets/lamp-CJQhOBM9.js                                                  0.43 kB │ gzip:   0.29 kB
dist/assets/map-pin-check-BPvRElgp.js                                         0.43 kB │ gzip:   0.32 kB
dist/assets/megaphone-9dg81amU.js                                             0.43 kB │ gzip:   0.29 kB
dist/assets/message-square-lock-DPMvLKXe.js                                   0.43 kB │ gzip:   0.32 kB
dist/assets/message-square-text-DZ7VX9Hm.js                                   0.43 kB │ gzip:   0.30 kB
dist/assets/smartphone-nfc-DPZGV7EU.js                                        0.43 kB │ gzip:   0.31 kB
dist/assets/currency-D-wnJ71w.js                                              0.43 kB │ gzip:   0.26 kB
dist/assets/decimals-arrow-right--mSKx-mP.js                                  0.43 kB │ gzip:   0.29 kB
dist/assets/droplet-off-B1mehBaM.js                                           0.43 kB │ gzip:   0.32 kB
dist/assets/folder-key-zAQs6cTQ.js                                            0.43 kB │ gzip:   0.30 kB
dist/assets/message-square-diff-BeG3cIyx.js                                   0.43 kB │ gzip:   0.30 kB
dist/assets/paw-print-9v1CAXQr.js                                             0.43 kB │ gzip:   0.30 kB
dist/assets/receipt-japanese-yen-CMkbr_m2.js                                  0.43 kB │ gzip:   0.28 kB
dist/assets/skull-B4_LPViz.js                                                 0.43 kB │ gzip:   0.29 kB
dist/assets/alarm-clock-check-BL5NWVNd.js                                     0.43 kB │ gzip:   0.29 kB
dist/assets/blinds-B0qjaxkd.js                                                0.43 kB │ gzip:   0.28 kB
dist/assets/chart-bar-stacked-CH2pfq6V.js                                     0.43 kB │ gzip:   0.29 kB
dist/assets/file-image-BKTVBVc1.js                                            0.43 kB │ gzip:   0.30 kB
dist/assets/git-graph-burQRdKX.js                                             0.43 kB │ gzip:   0.28 kB
dist/assets/monitor-speaker-BhfxYzzu.js                                       0.43 kB │ gzip:   0.31 kB
dist/assets/washing-machine-C5YUutMk.js                                       0.43 kB │ gzip:   0.31 kB
dist/assets/gpu-Bmg1a9sP.js                                                   0.43 kB │ gzip:   0.29 kB
dist/assets/locate-bPD7PZoq.js                                                0.43 kB │ gzip:   0.26 kB
dist/assets/podcast-2nUiRgMZ.js                                               0.43 kB │ gzip:   0.30 kB
dist/assets/scroll-text-DTiYAXGK.js                                           0.43 kB │ gzip:   0.28 kB
dist/assets/shield-plus-DpABVi2K.js                                           0.43 kB │ gzip:   0.31 kB
dist/assets/user-round-pen-BlxwAcnW.js                                        0.43 kB │ gzip:   0.32 kB
dist/assets/copy-x-BLCqH-Nm.js                                                0.43 kB │ gzip:   0.30 kB
dist/assets/battery-plus-YyKS3039.js                                          0.44 kB │ gzip:   0.29 kB
dist/assets/chart-column-stacked-qH9j3VAM.js                                  0.44 kB │ gzip:   0.29 kB
dist/assets/layout-dashboard-BYaBAWSj.js                                      0.44 kB │ gzip:   0.26 kB
dist/assets/book-key-CDn0Po3-.js                                              0.44 kB │ gzip:   0.31 kB
dist/assets/book-up-2-BGuNi2Ld.js                                             0.44 kB │ gzip:   0.29 kB
dist/assets/webhook-ZRc_w8LN.js                                               0.44 kB │ gzip:   0.32 kB
dist/assets/copy-plus-COFnmJHk.js                                             0.44 kB │ gzip:   0.31 kB
dist/assets/book-headphones-CvoVMbGR.js                                       0.44 kB │ gzip:   0.30 kB
dist/assets/circuit-board-U8Qx-KE3.js                                         0.44 kB │ gzip:   0.30 kB
dist/assets/crosshair-D5mgvgVx.js                                             0.44 kB │ gzip:   0.27 kB
dist/assets/folder-git-BounfKy6.js                                            0.44 kB │ gzip:   0.30 kB
dist/assets/plug-zap-DwakfeRd.js                                              0.44 kB │ gzip:   0.29 kB
dist/assets/shield-alert-_vb2EIAZ.js                                          0.44 kB │ gzip:   0.31 kB
dist/assets/train-track-CDKOOhC9.js                                           0.44 kB │ gzip:   0.26 kB
dist/assets/diameter-gSjy2Zhh.js                                              0.44 kB │ gzip:   0.28 kB
dist/assets/file-digit-BkFXRWTI.js                                            0.44 kB │ gzip:   0.30 kB
dist/assets/message-square-more-BxuBrNA8.js                                   0.44 kB │ gzip:   0.30 kB
dist/assets/file-chart-column-increasing-DhsYdFiN.js                          0.44 kB │ gzip:   0.29 kB
dist/assets/git-pull-request-create-arrow-B0CmBD6U.js                         0.44 kB │ gzip:   0.30 kB
dist/assets/house-plus-7VwJLNz5.js                                            0.44 kB │ gzip:   0.30 kB
dist/assets/key-round-CuW8Dz7B.js                                             0.44 kB │ gzip:   0.31 kB
dist/assets/orbit-RSyt7TF0.js                                                 0.44 kB │ gzip:   0.29 kB
dist/assets/cigarette-CZmZupCj.js                                             0.44 kB │ gzip:   0.28 kB
dist/assets/file-play-DgEaDC-n.js                                             0.44 kB │ gzip:   0.30 kB
dist/assets/gift-CUJYHq8T.js                                                  0.44 kB │ gzip:   0.30 kB
dist/assets/dessert-CVvGZHhA.js                                               0.44 kB │ gzip:   0.30 kB
dist/assets/door-closed-locked-CjlLeTeh.js                                    0.44 kB │ gzip:   0.30 kB
dist/assets/folder-heart-BM-wVDC3.js                                          0.44 kB │ gzip:   0.31 kB
dist/assets/glasses-DE7pJ57Q.js                                               0.44 kB │ gzip:   0.29 kB
dist/assets/lightbulb-off-D2y767gs.js                                         0.44 kB │ gzip:   0.30 kB
dist/assets/monitor-play-p-CNNjGk.js                                          0.44 kB │ gzip:   0.31 kB
dist/assets/share-2-9F0Nuiq0.js                                               0.44 kB │ gzip:   0.29 kB
dist/assets/shield-x-BqyNmrsT.js                                              0.44 kB │ gzip:   0.31 kB
dist/assets/turtle-DVm04T7q.js                                                0.44 kB │ gzip:   0.29 kB
dist/assets/bell-plus-C887_MiN.js                                             0.44 kB │ gzip:   0.31 kB
dist/assets/calendar-x-2-Dz0Qhc6J.js                                          0.44 kB │ gzip:   0.28 kB
dist/assets/cookie-Cillr9GM.js                                                0.44 kB │ gzip:   0.27 kB
dist/assets/message-circle-question-mark-Dtxgho0P.js                          0.44 kB │ gzip:   0.32 kB
dist/assets/speech-CjPyQae1.js                                                0.44 kB │ gzip:   0.32 kB
dist/assets/switch-camera-BmhVF_EY.js                                         0.44 kB │ gzip:   0.30 kB
dist/assets/hourglass-CB91tm2u.js                                             0.44 kB │ gzip:   0.29 kB
dist/assets/binary-BqtYTsyS.js                                                0.44 kB │ gzip:   0.28 kB
dist/assets/card-sim-DNqwjipv.js                                              0.44 kB │ gzip:   0.30 kB
dist/assets/fullscreen-Qo3v2a-T.js                                            0.44 kB │ gzip:   0.30 kB
dist/assets/lamp-wall-down-8pIyIkjh.js                                        0.44 kB │ gzip:   0.30 kB
dist/assets/lamp-wall-up-G-5vuLh3.js                                          0.44 kB │ gzip:   0.30 kB
dist/assets/mic-vocal-x0uL59nE.js                                             0.44 kB │ gzip:   0.33 kB
dist/assets/layout-list-CZCdF002.js                                           0.45 kB │ gzip:   0.27 kB
dist/assets/badge-cent-DSv4UMDs.js                                            0.45 kB │ gzip:   0.28 kB
dist/assets/badge-euro-C2JnRElb.js                                            0.45 kB │ gzip:   0.28 kB
dist/assets/syringe-CmutyQmI.js                                               0.45 kB │ gzip:   0.30 kB
dist/assets/calendar-plus-BuaKYow4.js                                         0.45 kB │ gzip:   0.29 kB
dist/assets/crown-Beyops_W.js                                                 0.45 kB │ gzip:   0.31 kB
dist/assets/file-audio-2-CXo50TV_.js                                          0.45 kB │ gzip:   0.30 kB
dist/assets/mailbox-B8-Gnf0B.js                                               0.45 kB │ gzip:   0.32 kB
dist/assets/parking-meter-DlTuOG4C.js                                         0.45 kB │ gzip:   0.29 kB
dist/assets/snail-DPiBbT5T.js                                                 0.45 kB │ gzip:   0.31 kB
dist/assets/utensils-crossed-B2C2IQOX.js                                      0.45 kB │ gzip:   0.31 kB
dist/assets/image-plus--xViWJoC.js                                            0.45 kB │ gzip:   0.30 kB
dist/assets/captions-off-CTKAyUHN.js                                          0.45 kB │ gzip:   0.28 kB
dist/assets/file-heart-C3o1NAPA.js                                            0.45 kB │ gzip:   0.31 kB
dist/assets/house-wifi-POkINzbN.js                                            0.45 kB │ gzip:   0.30 kB
dist/assets/armchair-bIYuIqmZ.js                                              0.45 kB │ gzip:   0.29 kB
dist/assets/watch-BtqWgKig.js                                                 0.45 kB │ gzip:   0.31 kB
dist/assets/bell-off-BaEoZKKJ.js                                              0.45 kB │ gzip:   0.32 kB
dist/assets/file-badge-2-BLnJSuXe.js                                          0.45 kB │ gzip:   0.32 kB
dist/assets/file-output-B4WAagoi.js                                           0.45 kB │ gzip:   0.29 kB
dist/assets/map-pin-plus-BqTbqV_h.js                                          0.45 kB │ gzip:   0.32 kB
dist/assets/messages-square-BtBiZnpS.js                                       0.45 kB │ gzip:   0.30 kB
dist/assets/trees-BjEt1frZ.js                                                 0.45 kB │ gzip:   0.30 kB
dist/assets/cake-slice-Ds-TG4XN.js                                            0.45 kB │ gzip:   0.32 kB
dist/assets/square-dashed-bottom-code-DwzOp-8i.js                             0.45 kB │ gzip:   0.29 kB
dist/assets/sticker-UIOYFJ9w.js                                               0.45 kB │ gzip:   0.29 kB
dist/assets/inventory-stock-report-service-EFcOghcU.js                        0.45 kB │ gzip:   0.29 kB
dist/assets/scale-C9ayM5Jw.js                                                 0.45 kB │ gzip:   0.29 kB
dist/assets/folder-archive-j0Wj5noj.js                                        0.45 kB │ gzip:   0.31 kB
dist/assets/folder-git-2-CH_88Lzk.js                                          0.45 kB │ gzip:   0.31 kB
dist/assets/notepad-text-eRkOGm6l.js                                          0.45 kB │ gzip:   0.29 kB
dist/assets/badge-turkish-lira-C5AnHbBE.js                                    0.45 kB │ gzip:   0.29 kB
dist/assets/clipboard-clock-OjY6j9YY.js                                       0.45 kB │ gzip:   0.31 kB
dist/assets/sheet-DeB_hW0A.js                                                 0.45 kB │ gzip:   0.28 kB
dist/assets/images-CnsC8Pgp.js                                                0.45 kB │ gzip:   0.33 kB
dist/assets/alarm-clock-off-BuTTfSaU.js                                       0.45 kB │ gzip:   0.30 kB
dist/assets/caravan-D_-sjGX3.js                                               0.45 kB │ gzip:   0.30 kB
dist/assets/message-circle-off-mFhVhswF.js                                    0.45 kB │ gzip:   0.32 kB
dist/assets/calendar-arrow-up-DfnQN1zf.js                                     0.46 kB │ gzip:   0.29 kB
dist/assets/ev-charger-CFkDghMS.js                                            0.46 kB │ gzip:   0.30 kB
dist/assets/file-volume-2-BlKKTvmo.js                                         0.46 kB │ gzip:   0.29 kB
dist/assets/map-pin-x-DlhbNFzN.js                                             0.46 kB │ gzip:   0.32 kB
dist/assets/square-parking-off-B6Vn94D0.js                                    0.46 kB │ gzip:   0.30 kB
dist/assets/touchpad-off-B0mYk9y_.js                                          0.46 kB │ gzip:   0.29 kB
dist/assets/door-open-CXXHvNCF.js                                             0.46 kB │ gzip:   0.30 kB
dist/assets/file-pen-DoFR0aj2.js                                              0.46 kB │ gzip:   0.31 kB
dist/assets/file-sliders-BonVmzEL.js                                          0.46 kB │ gzip:   0.28 kB
dist/assets/milk-EAm-o7PB.js                                                  0.46 kB │ gzip:   0.30 kB
dist/assets/tent-tree-BrLwaFDd.js                                             0.46 kB │ gzip:   0.29 kB
dist/assets/vibrate-off-B4K4o40O.js                                           0.46 kB │ gzip:   0.31 kB
dist/assets/badge-russian-ruble-RyZn8Llw.js                                   0.46 kB │ gzip:   0.29 kB
dist/assets/bird-CUXAZ4aP.js                                                  0.46 kB │ gzip:   0.30 kB
dist/assets/candy-cane-8KT-4e3A.js                                            0.46 kB │ gzip:   0.31 kB
dist/assets/droplets-Dri49N9v.js                                              0.46 kB │ gzip:   0.33 kB
dist/assets/file-stack-BZivn8ZK.js                                            0.46 kB │ gzip:   0.28 kB
dist/assets/flask-conical-off-DzBei_wm.js                                     0.46 kB │ gzip:   0.30 kB
dist/assets/grip-horizontal-IBZr54xn.js                                       0.46 kB │ gzip:   0.25 kB
dist/assets/refresh-ccw-dot-CRUMhjni.js                                       0.46 kB │ gzip:   0.30 kB
dist/assets/sparkle-DzvYhYst.js                                               0.46 kB │ gzip:   0.28 kB
dist/assets/banknote-x-d1QJ3j6Q.js                                            0.46 kB │ gzip:   0.30 kB
dist/assets/flip-horizontal-wbY8LRyd.js                                       0.46 kB │ gzip:   0.29 kB
dist/assets/gamepad-B9B3UB9i.js                                               0.46 kB │ gzip:   0.29 kB
dist/assets/pipette-BifBJ3Pv.js                                               0.46 kB │ gzip:   0.30 kB
dist/assets/radio-PlB-WT7l.js                                                 0.46 kB │ gzip:   0.30 kB
dist/assets/warehouse-DZD6MSJh.js                                             0.46 kB │ gzip:   0.30 kB
dist/assets/briefcase-medical-Ziv4_OUb.js                                     0.46 kB │ gzip:   0.30 kB
dist/assets/flip-vertical-cPpj7Hvn.js                                         0.46 kB │ gzip:   0.28 kB
dist/assets/git-branch-plus-DUe5pKVS.js                                       0.46 kB │ gzip:   0.28 kB
dist/assets/gitlab-BSwJxWX1.js                                                0.46 kB │ gzip:   0.30 kB
dist/assets/id-card-lanyard-BA7dcaYL.js                                       0.46 kB │ gzip:   0.31 kB
dist/assets/printer-check-qmE_lDfA.js                                         0.46 kB │ gzip:   0.29 kB
dist/assets/smile-plus-SZUjrx6o.js                                            0.46 kB │ gzip:   0.30 kB
dist/assets/axe-Coiewi0b.js                                                   0.46 kB │ gzip:   0.32 kB
dist/assets/calendar-arrow-down-LxUKMJOa.js                                   0.46 kB │ gzip:   0.30 kB
dist/assets/cassette-tape-CpQ2g3Fn.js                                         0.46 kB │ gzip:   0.31 kB
dist/assets/clipboard-type-huMvSbzE.js                                        0.46 kB │ gzip:   0.30 kB
dist/assets/cuboid-t5nlgHnc.js                                                0.46 kB │ gzip:   0.32 kB
dist/assets/folder-pen-Bux2vRqu.js                                            0.46 kB │ gzip:   0.32 kB
dist/assets/git-compare-arrows-B1Dn2FPB.js                                    0.46 kB │ gzip:   0.30 kB
dist/assets/diamond-percent-DF2VNS0b.js                                       0.46 kB │ gzip:   0.29 kB
dist/assets/alarm-clock-plus-D_Xr5QEi.js                                      0.46 kB │ gzip:   0.30 kB
dist/assets/badge-x-CbUjS8lz.js                                               0.46 kB │ gzip:   0.29 kB
dist/assets/beef-DvHv9FPm.js                                                  0.46 kB │ gzip:   0.34 kB
dist/assets/calendar-clock-BTrkEjKt.js                                        0.46 kB │ gzip:   0.30 kB
dist/assets/map-pin-pen-DalX1DVT.js                                           0.46 kB │ gzip:   0.33 kB
dist/assets/thermometer-sun-D-4-B-Xr.js                                       0.46 kB │ gzip:   0.31 kB
dist/assets/tram-front-9sqrBPn-.js                                            0.46 kB │ gzip:   0.30 kB
dist/assets/waves-ladder-2L3waO-c.js                                          0.46 kB │ gzip:   0.29 kB
dist/assets/clipboard-copy-BWuJizJh.js                                        0.46 kB │ gzip:   0.31 kB
dist/assets/router-CisFLbXh.js                                                0.46 kB │ gzip:   0.31 kB
dist/assets/chart-no-axes-combined-BzUcKna9.js                                0.46 kB │ gzip:   0.30 kB
dist/assets/life-buoy-BasthNZ3.js                                             0.47 kB │ gzip:   0.28 kB
dist/assets/luggage-CiJQvFi_.js                                               0.47 kB │ gzip:   0.29 kB
dist/assets/drum-BZgrtdFd.js                                                  0.47 kB │ gzip:   0.30 kB
dist/assets/hospital-DY4kapGd.js                                              0.47 kB │ gzip:   0.29 kB
dist/assets/image-play-EV4gt5QU.js                                            0.47 kB │ gzip:   0.31 kB
dist/assets/popcorn-DWccARQc.js                                               0.47 kB │ gzip:   0.31 kB
dist/assets/badge-plus-D3HGNbjj.js                                            0.47 kB │ gzip:   0.29 kB
dist/assets/dice-6-LBwiPMf9.js                                                0.47 kB │ gzip:   0.28 kB
dist/assets/message-circle-heart-B9VnU_SJ.js                                  0.47 kB │ gzip:   0.33 kB
dist/assets/paintbrush-vertical-D0vi7UO6.js                                   0.47 kB │ gzip:   0.29 kB
dist/assets/shredder-CvNxSZ0e.js                                              0.47 kB │ gzip:   0.29 kB
dist/assets/shuffle-X53Vlzde.js                                               0.47 kB │ gzip:   0.29 kB
dist/assets/train-front-BSc_qsvg.js                                           0.47 kB │ gzip:   0.31 kB
dist/assets/network-DZ1ucx6F.js                                               0.47 kB │ gzip:   0.29 kB
dist/assets/align-vertical-distribute-center-CEgRAA3O.js                      0.47 kB │ gzip:   0.30 kB
dist/assets/banknote-arrow-up-D7NnKI-P.js                                     0.47 kB │ gzip:   0.31 kB
dist/assets/microscope-Cqs9LGnQ.js                                            0.47 kB │ gzip:   0.30 kB
dist/assets/banknote-arrow-down-CXH-vuWh.js                                   0.47 kB │ gzip:   0.31 kB
dist/assets/calendar-search-DnWzcMrk.js                                       0.47 kB │ gzip:   0.31 kB
dist/assets/heart-off-JCcaRmGc.js                                             0.47 kB │ gzip:   0.33 kB
dist/assets/view-3wifx7G2.js                                                  0.47 kB │ gzip:   0.31 kB
dist/assets/align-horizontal-distribute-center-BcyM9kxd.js                    0.47 kB │ gzip:   0.30 kB
dist/assets/badge-dollar-sign-DZWtEDsc.js                                     0.47 kB │ gzip:   0.30 kB
dist/assets/badge-info-aQH8sRv_.js                                            0.47 kB │ gzip:   0.29 kB
dist/assets/baggage-claim-DKqO23E1.js                                         0.47 kB │ gzip:   0.31 kB
dist/assets/calendar-off-BsHJxX1o.js                                          0.47 kB │ gzip:   0.30 kB
dist/assets/pencil-off-hfVnB9XV.js                                            0.47 kB │ gzip:   0.32 kB
dist/assets/projector-CLZgdgPf.js                                             0.47 kB │ gzip:   0.31 kB
dist/assets/cannabis-TiwVJj_f.js                                              0.47 kB │ gzip:   0.31 kB
dist/assets/expand-BsfX2ilx.js                                                0.47 kB │ gzip:   0.28 kB
dist/assets/octagon-minus-kTtXCWmg.js                                         0.47 kB │ gzip:   0.29 kB
dist/assets/pocket-knife-CfCmIMHU.js                                          0.47 kB │ gzip:   0.31 kB
dist/assets/scan-search-DKo1AZXB.js                                           0.47 kB │ gzip:   0.30 kB
dist/assets/shield-user-BB60addd.js                                           0.47 kB │ gzip:   0.34 kB
dist/assets/square-scissors-BljlcfFV.js                                       0.47 kB │ gzip:   0.30 kB
dist/assets/badge-alert-5p93D9q5.js                                           0.47 kB │ gzip:   0.30 kB
dist/assets/locate-off-CBl0_z9I.js                                            0.47 kB │ gzip:   0.29 kB
dist/assets/swatch-book-NJTUBQqr.js                                           0.47 kB │ gzip:   0.31 kB
dist/assets/backpack-mOVCdV68.js                                              0.47 kB │ gzip:   0.28 kB
dist/assets/motorbike-C_Gc0V-U.js                                             0.47 kB │ gzip:   0.31 kB
dist/assets/shield-question-mark-BCxAhX3M.js                                  0.47 kB │ gzip:   0.33 kB
dist/assets/badge-percent-BbGEYbkx.js                                         0.47 kB │ gzip:   0.29 kB
dist/assets/volume-2-Ce2ejkHZ.js                                              0.47 kB │ gzip:   0.32 kB
dist/assets/volume-x-Bb7CEAbF.js                                              0.47 kB │ gzip:   0.32 kB
dist/assets/bandage-D-egMhQW.js                                               0.48 kB │ gzip:   0.29 kB
dist/assets/cloud-sun-CDDlU34g.js                                             0.48 kB │ gzip:   0.31 kB
dist/assets/hard-drive-C9xTVQU6.js                                            0.48 kB │ gzip:   0.31 kB
dist/assets/hat-glasses-D9CyEc2m.js                                           0.48 kB │ gzip:   0.32 kB
dist/assets/mic-off-qKpYrNQJ.js                                               0.48 kB │ gzip:   0.31 kB
dist/assets/sun-moon-yU8ZXKST.js                                              0.48 kB │ gzip:   0.32 kB
dist/assets/differenceInDays-xe6cM4hX.js                                      0.48 kB │ gzip:   0.28 kB
dist/assets/badge-swiss-franc-CxFX7Y41.js                                     0.48 kB │ gzip:   0.29 kB
dist/assets/spline-pointer-B1zTBTgd.js                                        0.48 kB │ gzip:   0.33 kB
dist/assets/worm-Do7MqyQ_.js                                                  0.48 kB │ gzip:   0.33 kB
dist/assets/cloud-drizzle-DTD0eQnp.js                                         0.48 kB │ gzip:   0.29 kB
dist/assets/codepen-CkWDCnfC.js                                               0.48 kB │ gzip:   0.29 kB
dist/assets/ruler-dimension-line-BEAkUcOi.js                                  0.48 kB │ gzip:   0.30 kB
dist/assets/fold-horizontal-DD3IhwS6.js                                       0.48 kB │ gzip:   0.28 kB
dist/assets/hand-metal-DqtVFiNH.js                                            0.48 kB │ gzip:   0.31 kB
dist/assets/file-pen-line-BBvoh8ST.js                                         0.48 kB │ gzip:   0.32 kB
dist/assets/hammer-XsmpX7qK.js                                                0.48 kB │ gzip:   0.33 kB
dist/assets/mail-question-mark-BeLklLf7.js                                    0.48 kB │ gzip:   0.33 kB
dist/assets/unfold-horizontal-DhUCNa8L.js                                     0.48 kB │ gzip:   0.29 kB
dist/assets/fold-vertical-fSnfbrkt.js                                         0.48 kB │ gzip:   0.29 kB
dist/assets/create-CDPt-wPK.js                                                0.48 kB │ gzip:   0.30 kB
dist/assets/cloud-hail-CngrFwa1.js                                            0.48 kB │ gzip:   0.29 kB
dist/assets/payment-request-service-DSFoDG_x.js                               0.48 kB │ gzip:   0.26 kB
dist/assets/baby-CdmHPPGg.js                                                  0.48 kB │ gzip:   0.31 kB
dist/assets/bell-electric-CJ3eT0tm.js                                         0.48 kB │ gzip:   0.32 kB
dist/assets/bell-ring-CL2XmiJH.js                                             0.48 kB │ gzip:   0.33 kB
dist/assets/scissors-line-dashed-CGn363sD.js                                  0.48 kB │ gzip:   0.30 kB
dist/assets/shield-ellipsis-rAi1CTgg.js                                       0.48 kB │ gzip:   0.32 kB
dist/assets/sofa-DOqRU29a.js                                                  0.48 kB │ gzip:   0.29 kB
dist/assets/test-tubes-D4_RFxea.js                                            0.48 kB │ gzip:   0.29 kB
dist/assets/unfold-vertical-Bl9cjp8j.js                                       0.48 kB │ gzip:   0.29 kB
dist/assets/circle-parking-off-DaSjLjFg.js                                    0.48 kB │ gzip:   0.31 kB
dist/assets/file-video-camera-C6W_NJBl.js                                     0.48 kB │ gzip:   0.33 kB
dist/assets/ruler-DYMDYMw7.js                                                 0.48 kB │ gzip:   0.30 kB
dist/assets/umbrella-off-B7NFcU3J.js                                          0.48 kB │ gzip:   0.32 kB
dist/assets/map-pinned-BzQhG4ZT.js                                            0.48 kB │ gzip:   0.35 kB
dist/assets/text-cursor-input-MBPPVyDi.js                                     0.48 kB │ gzip:   0.29 kB
dist/assets/car-front-D0ERzwiM.js                                             0.48 kB │ gzip:   0.32 kB
dist/assets/heart-crack-BvcuxT_4.js                                           0.48 kB │ gzip:   0.34 kB
dist/assets/piano-CCohStHT.js                                                 0.48 kB │ gzip:   0.30 kB
dist/assets/plane-takeoff-xpWi8ip2.js                                         0.48 kB │ gzip:   0.34 kB
dist/assets/shield-off-BaR3J0JO.js                                            0.48 kB │ gzip:   0.33 kB
dist/assets/cigarette-off-C0165Yn2.js                                         0.49 kB │ gzip:   0.30 kB
dist/assets/cloud-moon-rain-vpJUnE9z.js                                       0.49 kB │ gzip:   0.33 kB
dist/assets/magnet-eOQ0ejcI.js                                                0.49 kB │ gzip:   0.29 kB
dist/assets/mail-search-D0qMC7Hf.js                                           0.49 kB │ gzip:   0.33 kB
dist/assets/rotate-3d-DvWXY0Qi.js                                             0.49 kB │ gzip:   0.35 kB
dist/assets/save-all-Dji7-_C5.js                                              0.49 kB │ gzip:   0.30 kB
dist/assets/usb-CqY-9GBB.js                                                   0.49 kB │ gzip:   0.31 kB
dist/assets/cloud-snow-chYL0OTX.js                                            0.49 kB │ gzip:   0.29 kB
dist/assets/scan-text-PsDU7TKI.js                                             0.49 kB │ gzip:   0.29 kB
dist/assets/locate-fixed-Bg1ZVlsf.js                                          0.49 kB │ gzip:   0.28 kB
dist/assets/logs-C-LtYNMR.js                                                  0.49 kB │ gzip:   0.27 kB
dist/assets/brick-wall-BddI7Hga.js                                            0.49 kB │ gzip:   0.29 kB
dist/assets/file-json-2-D731YnCl.js                                           0.49 kB │ gzip:   0.29 kB
dist/assets/haze-CCqwhBNx.js                                                  0.49 kB │ gzip:   0.29 kB
dist/assets/map-pin-house-Cd_-GGm8.js                                         0.49 kB │ gzip:   0.33 kB
dist/assets/phone-missed-Br76SN1D.js                                          0.49 kB │ gzip:   0.32 kB
dist/assets/roller-coaster-CcLRBQgl.js                                        0.49 kB │ gzip:   0.30 kB
dist/assets/production-order-completion-service-FrhOuvAx.js                   0.49 kB │ gzip:   0.31 kB
dist/assets/aperture-vi1yjxkz.js                                              0.49 kB │ gzip:   0.31 kB
dist/assets/badge-question-mark-CpzsCXdc.js                                   0.49 kB │ gzip:   0.32 kB
dist/assets/brush-cleaning-DTFwQ01N.js                                        0.49 kB │ gzip:   0.32 kB
dist/assets/dices-Bv7n_zhB.js                                                 0.49 kB │ gzip:   0.31 kB
dist/assets/file-badge-COw7m8lC.js                                            0.49 kB │ gzip:   0.34 kB
dist/assets/hand-6Qm-X6x9.js                                                  0.49 kB │ gzip:   0.30 kB
dist/assets/kayak-BWwzsEVC.js                                                 0.49 kB │ gzip:   0.32 kB
dist/assets/factory-B9s8Dz-Z.js                                               0.49 kB │ gzip:   0.30 kB
dist/assets/badge-indian-rupee-Ch1xc0E4.js                                    0.49 kB │ gzip:   0.30 kB
dist/assets/car-B-Si-X79.js                                                   0.49 kB │ gzip:   0.34 kB
dist/assets/cherry-B0zN02cO.js                                                0.49 kB │ gzip:   0.31 kB
dist/assets/film-C4Jj0adi.js                                                  0.49 kB │ gzip:   0.29 kB
dist/assets/fire-extinguisher-B-nX9r6f.js                                     0.49 kB │ gzip:   0.31 kB
dist/assets/github-BOAm4zMh.js                                                0.49 kB │ gzip:   0.35 kB
dist/assets/phone-incoming-BAmXNy4E.js                                        0.49 kB │ gzip:   0.32 kB
dist/assets/scan-barcode-ZON8VjWW.js                                          0.49 kB │ gzip:   0.29 kB
dist/assets/tower-control-DLF7SvNn.js                                         0.49 kB │ gzip:   0.31 kB
dist/assets/anvil-Bh4AIJwZ.js                                                 0.49 kB │ gzip:   0.30 kB
dist/assets/hamburger-BrBajXQ5.js                                             0.49 kB │ gzip:   0.31 kB
dist/assets/phone-outgoing-B6g9VetB.js                                        0.49 kB │ gzip:   0.32 kB
dist/assets/scan-heart-DFDPztua.js                                            0.49 kB │ gzip:   0.32 kB
dist/assets/squirrel-DEfoO19c.js                                              0.49 kB │ gzip:   0.32 kB
dist/assets/file-chart-pie-Czj6n9j9.js                                        0.49 kB │ gzip:   0.33 kB
dist/assets/file-scan-DH4QeIAA.js                                             0.49 kB │ gzip:   0.28 kB
dist/assets/piggy-bank-bZCfIP_1.js                                            0.49 kB │ gzip:   0.31 kB
dist/assets/plane-landing-YswYDFge.js                                         0.49 kB │ gzip:   0.35 kB
dist/assets/align-center-vertical-C-gdhFIT.js                                 0.49 kB │ gzip:   0.30 kB
dist/assets/phone-forwarded-CzlR8xng.js                                       0.49 kB │ gzip:   0.32 kB
dist/assets/shopping-basket-wNz2_HsB.js                                       0.49 kB │ gzip:   0.31 kB
dist/assets/clipboard-list-BX2pAv-b.js                                        0.50 kB │ gzip:   0.31 kB
dist/assets/loader-C3SVUq_5.js                                                0.50 kB │ gzip:   0.29 kB
dist/assets/wifi-pen-lpwFHIu2.js                                              0.50 kB │ gzip:   0.33 kB
dist/assets/zap-off-D9_olTD5.js                                               0.50 kB │ gzip:   0.33 kB
dist/assets/align-center-horizontal-RA2yG_Ob.js                               0.50 kB │ gzip:   0.30 kB
dist/assets/badge-pound-sterling-DuHQyQhP.js                                  0.50 kB │ gzip:   0.31 kB
dist/assets/notebook-text-BUMJNkd8.js                                         0.50 kB │ gzip:   0.30 kB
dist/assets/server-crash-Bwr48N0p.js                                          0.50 kB │ gzip:   0.29 kB
dist/assets/cable-car-CNAYIUEt.js                                             0.50 kB │ gzip:   0.31 kB
dist/assets/mouse-pointer-click-Ee0TaF_4.js                                   0.50 kB │ gzip:   0.33 kB
dist/assets/calendar-range-sXzdBiFN.js                                        0.50 kB │ gzip:   0.31 kB
dist/assets/carrot-CV_c7IKk.js                                                0.50 kB │ gzip:   0.34 kB
dist/assets/file-json-CV7dw8bx.js                                             0.50 kB │ gzip:   0.29 kB
dist/assets/hand-coins-IQYNH4us.js                                            0.50 kB │ gzip:   0.34 kB
dist/assets/auto-label-CDCDFEpH.js                                            0.50 kB │ gzip:   0.36 kB
dist/assets/spotlight-pu41hhfY.js                                             0.50 kB │ gzip:   0.33 kB
dist/assets/tags-CzVODV-l.js                                                  0.50 kB │ gzip:   0.34 kB
dist/assets/transgender--5M0VAbN.js                                           0.50 kB │ gzip:   0.31 kB
dist/assets/briefcase-conveyor-belt-DMyNqb4V.js                               0.50 kB │ gzip:   0.31 kB
dist/assets/camera-off-CKJ0CnD0.js                                            0.50 kB │ gzip:   0.33 kB
dist/assets/headphone-off-Dz4VO3nB.js                                         0.50 kB │ gzip:   0.31 kB
dist/assets/map-minus-DaH-Ynzw.js                                             0.50 kB │ gzip:   0.32 kB
dist/assets/chart-candlestick-DIrVYQXm.js                                     0.50 kB │ gzip:   0.32 kB
dist/assets/construction-AyClSKNj.js                                          0.50 kB │ gzip:   0.31 kB
dist/assets/biceps-flexed-C-y88qk2.js                                         0.50 kB │ gzip:   0.36 kB
dist/assets/boom-box-DT4kbBCR.js                                              0.50 kB │ gzip:   0.32 kB
dist/assets/castle-DUHO-g3h.js                                                0.50 kB │ gzip:   0.30 kB
dist/assets/clover-BT2D4VPD.js                                                0.50 kB │ gzip:   0.29 kB
dist/assets/sunrise-BpHzVMAM.js                                               0.50 kB │ gzip:   0.30 kB
dist/assets/sunset-DdxLYw3c.js                                                0.50 kB │ gzip:   0.30 kB
dist/assets/package-minus-D1yDa2U4.js                                         0.50 kB │ gzip:   0.34 kB
dist/assets/waypoints-BF3Iv0uJ.js                                             0.50 kB │ gzip:   0.31 kB
dist/assets/bot-message-square-s0bFwgEo.js                                    0.51 kB │ gzip:   0.31 kB
dist/assets/calendar-heart-ByJGVJUH.js                                        0.51 kB │ gzip:   0.33 kB
dist/assets/ham-C3ymQZEa.js                                                   0.51 kB │ gzip:   0.31 kB
dist/assets/house-plug-BwRXIjlg.js                                            0.51 kB │ gzip:   0.30 kB
dist/assets/scan-face-hMW8jQDo.js                                             0.51 kB │ gzip:   0.30 kB
dist/assets/bot-off-BuqDC_Zq.js                                               0.51 kB │ gzip:   0.31 kB
dist/assets/octagon-x-CCyk6uoZ.js                                             0.51 kB │ gzip:   0.31 kB
dist/assets/sliders-vertical-Bpo8K5EE.js                                      0.51 kB │ gzip:   0.29 kB
dist/assets/phone-call-BFNSgqmV.js                                            0.51 kB │ gzip:   0.32 kB
dist/assets/wine-off-BIg1dcKI.js                                              0.51 kB │ gzip:   0.35 kB
dist/assets/alarm-smoke-D2UStpDn.js                                           0.51 kB │ gzip:   0.30 kB
dist/assets/barrel-Ch6vx8eS.js                                                0.51 kB │ gzip:   0.29 kB
dist/assets/clock-fading-CE2PPbcL.js                                          0.51 kB │ gzip:   0.31 kB
dist/assets/folder-sync-DK-yPJZU.js                                           0.51 kB │ gzip:   0.32 kB
dist/assets/group-xfcFxywo.js                                                 0.51 kB │ gzip:   0.32 kB
dist/assets/map-CtZvFr-f.js                                                   0.51 kB │ gzip:   0.32 kB
dist/assets/octagon-pause-C0z736PN.js                                         0.51 kB │ gzip:   0.30 kB
dist/assets/package-check-dBV9vEfC.js                                         0.51 kB │ gzip:   0.34 kB
dist/assets/megaphone-off-D7FsVbm9.js                                         0.51 kB │ gzip:   0.33 kB
dist/assets/package-x-CTHjEBco.js                                             0.51 kB │ gzip:   0.34 kB
dist/assets/book-open-text-DVYr2gX6.js                                        0.51 kB │ gzip:   0.30 kB
dist/assets/waves-C_53W9w8.js                                                 0.51 kB │ gzip:   0.26 kB
dist/assets/octagon-alert-XAdp-pSn.js                                         0.51 kB │ gzip:   0.30 kB
dist/assets/bean-off-Bt05rEgV.js                                              0.51 kB │ gzip:   0.35 kB
dist/assets/badge-japanese-yen-CiR48O1w.js                                    0.52 kB │ gzip:   0.31 kB
dist/assets/wand-CT0dwsI2.js                                                  0.52 kB │ gzip:   0.30 kB
dist/assets/atom-CuvUhY_u.js                                                  0.52 kB │ gzip:   0.33 kB
dist/assets/database-backup-CDqXkE15.js                                       0.52 kB │ gzip:   0.34 kB
dist/assets/milk-off-C9dhgjUQ.js                                              0.52 kB │ gzip:   0.34 kB
dist/assets/replace-4_emzqDV.js                                               0.52 kB │ gzip:   0.32 kB
dist/assets/route-off-TpF6dOG_.js                                             0.52 kB │ gzip:   0.33 kB
dist/assets/clipboard-pen-B0uATEyC.js                                         0.52 kB │ gzip:   0.35 kB
dist/assets/chart-network-ouIGTmNE.js                                         0.52 kB │ gzip:   0.33 kB
dist/assets/combine-CziFNaQV.js                                               0.52 kB │ gzip:   0.30 kB
dist/assets/medal-BolYIHZP.js                                                 0.52 kB │ gzip:   0.33 kB
dist/assets/edit-D-dwPZv8.js                                                  0.52 kB │ gzip:   0.33 kB
dist/assets/church-DfL41PID.js                                                0.52 kB │ gzip:   0.33 kB
dist/assets/traffic-cone-DXcqFa7G.js                                          0.52 kB │ gzip:   0.35 kB
dist/assets/ear-off-BjDYA5U6.js                                               0.52 kB │ gzip:   0.36 kB
dist/assets/sandwich-Dx-ORPGR.js                                              0.52 kB │ gzip:   0.34 kB
dist/assets/unplug-BVu683jS.js                                                0.52 kB │ gzip:   0.31 kB
dist/assets/car-taxi-front-48FUGFQQ.js                                        0.53 kB │ gzip:   0.34 kB
dist/assets/leafy-green-ClSaGv6Y.js                                           0.53 kB │ gzip:   0.35 kB
dist/assets/rabbit-B7zICDFH.js                                                0.53 kB │ gzip:   0.34 kB
dist/assets/rat-1r4AWmmG.js                                                   0.53 kB │ gzip:   0.34 kB
dist/assets/fence-CYqIb3cA.js                                                 0.53 kB │ gzip:   0.29 kB
dist/assets/flower-2-CZNtZP2F.js                                              0.53 kB │ gzip:   0.33 kB
dist/assets/pizza-B0_F4bZk.js                                                 0.53 kB │ gzip:   0.33 kB
dist/assets/squares-subtract-BdBgKZHw.js                                      0.53 kB │ gzip:   0.30 kB
dist/assets/notebook-tabs-D74chAM2.js                                         0.53 kB │ gzip:   0.31 kB
dist/assets/rose-WSrtJPaa.js                                                  0.53 kB │ gzip:   0.36 kB
dist/assets/shrimp-MMZZLffI.js                                                0.53 kB │ gzip:   0.34 kB
dist/assets/handshake-Cf5fAaox.js                                             0.53 kB │ gzip:   0.33 kB
dist/assets/container-DYDe5l9S.js                                             0.53 kB │ gzip:   0.35 kB
dist/assets/school-C0ACyUoU.js                                                0.53 kB │ gzip:   0.34 kB
dist/assets/server-off-uZu52Tqo.js                                            0.53 kB │ gzip:   0.32 kB
dist/assets/hand-grab-Cys4tn4X.js                                             0.53 kB │ gzip:   0.29 kB
dist/assets/phone-off-BaWL0YOA.js                                             0.53 kB │ gzip:   0.34 kB
dist/assets/tickets-plane-tW2flFkv.js                                         0.53 kB │ gzip:   0.34 kB
dist/assets/amphora-mAjhr31g.js                                               0.53 kB │ gzip:   0.33 kB
dist/assets/bus-front-5mHtM331.js                                             0.53 kB │ gzip:   0.32 kB
dist/assets/footprints-C2TKI6JN.js                                            0.53 kB │ gzip:   0.35 kB
dist/assets/train-front-tunnel-f6BMubKP.js                                    0.53 kB │ gzip:   0.33 kB
dist/assets/keyboard-music-Ckzy-t84.js                                        0.53 kB │ gzip:   0.31 kB
dist/assets/shovel-4ksitMHR.js                                                0.53 kB │ gzip:   0.34 kB
dist/assets/panel-top-bottom-dashed-v7QCnJ3s.js                               0.54 kB │ gzip:   0.31 kB
dist/assets/bus-BYs9iXrs.js                                                   0.54 kB │ gzip:   0.34 kB
dist/assets/keyboard-aWWdBy_y.js                                              0.54 kB │ gzip:   0.30 kB
dist/assets/map-plus-BeT5J8Cu.js                                              0.54 kB │ gzip:   0.34 kB
dist/assets/radio-tower-CsvCw9hD.js                                           0.54 kB │ gzip:   0.35 kB
dist/assets/key-square-6ZEkMV4N.js                                            0.54 kB │ gzip:   0.33 kB
dist/assets/package-plus-dPmEqH13.js                                          0.54 kB │ gzip:   0.35 kB
dist/assets/panel-left-right-dashed-DbATsuwd.js                               0.54 kB │ gzip:   0.31 kB
dist/assets/rocket-PD_NAcTy.js                                                0.54 kB │ gzip:   0.36 kB
dist/assets/heart-handshake-DxE8GXyw.js                                       0.54 kB │ gzip:   0.35 kB
dist/assets/cat-DVV6uFuj.js                                                   0.54 kB │ gzip:   0.37 kB
dist/assets/earth-lock-CfunTGY8.js                                            0.54 kB │ gzip:   0.35 kB
dist/assets/origami-2I69Fsie.js                                               0.54 kB │ gzip:   0.36 kB
dist/assets/pointer-BV7rtIgL.js                                               0.54 kB │ gzip:   0.32 kB
dist/assets/wifi-off-DIMU2elC.js                                              0.54 kB │ gzip:   0.32 kB
dist/assets/scan-eye-BGfEOKyp.js                                              0.55 kB │ gzip:   0.33 kB
dist/assets/volleyball-CM2I7sjH.js                                            0.55 kB │ gzip:   0.33 kB
dist/assets/circle-fading-plus-DmON7-IT.js                                    0.55 kB │ gzip:   0.33 kB
dist/assets/message-square-heart-SOSbpXHS.js                                  0.55 kB │ gzip:   0.36 kB
dist/assets/tree-palm-BNlBVLPF.js                                             0.55 kB │ gzip:   0.37 kB
dist/assets/file-volume-w8C7daYX.js                                           0.55 kB │ gzip:   0.35 kB
dist/assets/beer-BoQtR7y1.js                                                  0.55 kB │ gzip:   0.34 kB
dist/assets/cloud-sun-rain-YyLRDRec.js                                        0.55 kB │ gzip:   0.33 kB
dist/assets/sun-dim-BavC6ZBS.js                                               0.55 kB │ gzip:   0.30 kB
dist/assets/ferris-wheel-Dli-coFY.js                                          0.55 kB │ gzip:   0.33 kB
dist/assets/warehouse-service-Cjli23WA.js                                     0.55 kB │ gzip:   0.27 kB
dist/assets/hand-platter-TX_UZr2H.js                                          0.55 kB │ gzip:   0.36 kB
dist/assets/image-off-CBWIfP2C.js                                             0.56 kB │ gzip:   0.35 kB
dist/assets/figma-DMQGWa77.js                                                 0.56 kB │ gzip:   0.30 kB
dist/assets/pen-tool-B7PMSEys.js                                              0.56 kB │ gzip:   0.35 kB
dist/assets/save-off-BwoxjTDh.js                                              0.56 kB │ gzip:   0.34 kB
dist/assets/siren-D49nZKJr.js                                                 0.56 kB │ gzip:   0.33 kB
dist/assets/soap-dispenser-droplet-DTPjN0_f.js                                0.56 kB │ gzip:   0.36 kB
dist/assets/star-WPNwWfsB.js                                                  0.56 kB │ gzip:   0.35 kB
dist/assets/sun-C1R3fESC.js                                                   0.56 kB │ gzip:   0.31 kB
dist/assets/wifi-sync-Dd4UFPQ1.js                                             0.56 kB │ gzip:   0.34 kB
dist/assets/circle-fading-arrow-up-DlI1AY5S.js                                0.56 kB │ gzip:   0.34 kB
dist/assets/thermometer-snowflake-DaMW3FCn.js                                 0.56 kB │ gzip:   0.35 kB
dist/assets/map-pin-off-00NKYI5c.js                                           0.56 kB │ gzip:   0.36 kB
dist/assets/notebook-pen-D7dN802j.js                                          0.56 kB │ gzip:   0.34 kB
dist/assets/salad-DmdEGIFP.js                                                 0.56 kB │ gzip:   0.33 kB
dist/assets/square-dashed-top-solid-CK9sqPyP.js                               0.56 kB │ gzip:   0.31 kB
dist/assets/trophy-DBGEfa3Q.js                                                0.56 kB │ gzip:   0.33 kB
dist/assets/volume-off-Dw61VwJQ.js                                            0.56 kB │ gzip:   0.36 kB
dist/assets/lamp-desk-DCLDhJ7u.js                                             0.56 kB │ gzip:   0.35 kB
dist/assets/raw-mat.enum-Bxlq12Z9.js                                          0.56 kB │ gzip:   0.30 kB
dist/assets/image-upscale-pXn6mIW3.js                                         0.56 kB │ gzip:   0.35 kB
dist/assets/folder-tree-D6EpN583.js                                           0.56 kB │ gzip:   0.32 kB
dist/assets/ship-YFc6BnF8.js                                                  0.56 kB │ gzip:   0.33 kB
dist/assets/webhook-off-JBn_4XDC.js                                           0.56 kB │ gzip:   0.35 kB
dist/assets/circle-star-BZOjOszT.js                                           0.56 kB │ gzip:   0.36 kB
dist/assets/file-box-CeCbdwr3.js                                              0.57 kB │ gzip:   0.34 kB
dist/assets/sun-medium-B8A3JLLU.js                                            0.57 kB │ gzip:   0.32 kB
dist/assets/use-warehouse-C2OkprkD.js                                         0.57 kB │ gzip:   0.37 kB
dist/assets/package-search-CRW5Mab4.js                                        0.57 kB │ gzip:   0.37 kB
dist/assets/cake-CjlAqbWR.js                                                  0.57 kB │ gzip:   0.31 kB
dist/assets/drill-Dr7Lxrh_.js                                                 0.57 kB │ gzip:   0.33 kB
dist/assets/clipboard-pen-line-DoWrLySA.js                                    0.57 kB │ gzip:   0.36 kB
dist/assets/pointer-off-DqUIWCuM.js                                           0.57 kB │ gzip:   0.36 kB
dist/assets/scan-qr-code-D_Zgbcdo.js                                          0.57 kB │ gzip:   0.34 kB
dist/assets/calendar-sync-aws3NXmA.js                                         0.57 kB │ gzip:   0.34 kB
dist/assets/cctv-CXeJGZ0G.js                                                  0.58 kB │ gzip:   0.36 kB
dist/assets/sparkles-DSsB2p3c.js                                              0.58 kB │ gzip:   0.33 kB
dist/assets/cable-CuPEoZ1B.js                                                 0.58 kB │ gzip:   0.32 kB
dist/assets/square-star-Cok6SMI1.js                                           0.58 kB │ gzip:   0.38 kB
dist/assets/hand-heart-B-erWoA_.js                                            0.58 kB │ gzip:   0.39 kB
dist/assets/shower-head-n9M2GcbS.js                                           0.58 kB │ gzip:   0.31 kB
dist/assets/store-Cd_JMB-i.js                                                 0.58 kB │ gzip:   0.34 kB
dist/assets/chart-scatter-DRAnhxQ7.js                                         0.59 kB │ gzip:   0.30 kB
dist/assets/radar-C-kV59LC.js                                                 0.59 kB │ gzip:   0.36 kB
dist/assets/refresh-cw-off-DZKHmUsM.js                                        0.59 kB │ gzip:   0.36 kB
dist/assets/grip-DBxQmHl-.js                                                  0.59 kB │ gzip:   0.27 kB
dist/assets/hotel-pUUOw7_C.js                                                 0.59 kB │ gzip:   0.33 kB
dist/assets/brick-wall-fire-DmBsGQZW.js                                       0.59 kB │ gzip:   0.36 kB
dist/assets/square-bottom-dashed-scissors-DG7lQQQQ.js                         0.59 kB │ gzip:   0.34 kB
dist/assets/dam-BiUTAreZ.js                                                   0.60 kB │ gzip:   0.33 kB
dist/assets/panda-CDPao737.js                                                 0.60 kB │ gzip:   0.37 kB
dist/assets/wand-sparkles--B4dgKfw.js                                         0.60 kB │ gzip:   0.34 kB
dist/assets/ambulance--j2Z1WZQ.js                                             0.60 kB │ gzip:   0.36 kB
dist/assets/ship-wheel-Coh7iMc4.js                                            0.60 kB │ gzip:   0.34 kB
dist/assets/university-D--xEBa8.js                                            0.61 kB │ gzip:   0.36 kB
dist/assets/tool-case-iDrJW-gA.js                                             0.61 kB │ gzip:   0.39 kB
dist/assets/spray-can-BOPhrLDb.js                                             0.61 kB │ gzip:   0.34 kB
dist/assets/callback-OWW22PGi.js                                              0.61 kB │ gzip:   0.42 kB
dist/assets/hand-fist-s1KD6aSG.js                                             0.61 kB │ gzip:   0.38 kB
dist/assets/keyboard-off-DCERp7TR.js                                          0.61 kB │ gzip:   0.34 kB
dist/assets/memory-stick-DZKiJpMW.js                                          0.61 kB │ gzip:   0.33 kB
dist/assets/soup-D_ETcPw1.js                                                  0.61 kB │ gzip:   0.33 kB
dist/assets/theater-CWu1rHpH.js                                               0.61 kB │ gzip:   0.32 kB
dist/assets/unlink-C3YqZj4e.js                                                0.61 kB │ gzip:   0.35 kB
dist/assets/truck-electric-twFBF_3h.js                                        0.61 kB │ gzip:   0.37 kB
dist/assets/user-star-fOBJWZl7.js                                             0.61 kB │ gzip:   0.39 kB
dist/assets/guitar-P4OpGFOs.js                                                0.61 kB │ gzip:   0.37 kB
dist/assets/radiation-Cfm_qvcp.js                                             0.61 kB │ gzip:   0.36 kB
dist/assets/bow-arrow-DIgWr3Xm.js                                             0.62 kB │ gzip:   0.38 kB
dist/assets/heater-D4dn_BVU.js                                                0.62 kB │ gzip:   0.32 kB
dist/assets/paintbrush-BmqPvMfI.js                                            0.62 kB │ gzip:   0.39 kB
dist/assets/tractor-DP3SopN6.js                                               0.62 kB │ gzip:   0.37 kB
dist/assets/lasso-select-Bascftw4.js                                          0.63 kB │ gzip:   0.40 kB
dist/assets/grape-TQfgOGzA.js                                                 0.63 kB │ gzip:   0.33 kB
dist/assets/triangle-dashed-D63x1pus.js                                       0.63 kB │ gzip:   0.36 kB
dist/assets/drone-CwLv_OVe.js                                                 0.63 kB │ gzip:   0.36 kB
dist/assets/swords-CajjBbHK.js                                                0.63 kB │ gzip:   0.34 kB
dist/assets/codesandbox-RdwsP2q8.js                                           0.64 kB │ gzip:   0.37 kB
dist/assets/drama-Wg03o0wl.js                                                 0.64 kB │ gzip:   0.39 kB
dist/assets/pencil-ruler-v_JPZW8H.js                                          0.64 kB │ gzip:   0.39 kB
dist/assets/vector-square-BW5qEy9y.js                                         0.64 kB │ gzip:   0.32 kB
dist/assets/binoculars-Ddfqe1we.js                                            0.64 kB │ gzip:   0.34 kB
dist/assets/dumbbell-BEGU21nb.js                                              0.64 kB │ gzip:   0.34 kB
dist/assets/table-columns-split-DmYEzJe2.js                                   0.64 kB │ gzip:   0.33 kB
dist/assets/building-BLYeYBQH.js                                              0.65 kB │ gzip:   0.33 kB
dist/assets/table-rows-split-DDLgcjHW.js                                      0.65 kB │ gzip:   0.34 kB
dist/assets/replace-all-D-moHhO0.js                                           0.65 kB │ gzip:   0.35 kB
dist/assets/square-dashed-hUBU2RgM.js                                         0.65 kB │ gzip:   0.32 kB
dist/assets/sun-snow-NYn72RMG.js                                              0.65 kB │ gzip:   0.36 kB
dist/assets/candy-DbCj5ucZ.js                                                 0.65 kB │ gzip:   0.35 kB
dist/assets/puzzle-COfod2vL.js                                                0.66 kB │ gzip:   0.32 kB
dist/assets/use-work-item-category-defaults-DG5jwIk9.js                       0.66 kB │ gzip:   0.40 kB
dist/assets/circle-dashed-CvkICiO3.js                                         0.66 kB │ gzip:   0.34 kB
dist/assets/brain-CgHQiH59.js                                                 0.66 kB │ gzip:   0.36 kB
dist/assets/book-dashed-DA0fsZZw.js                                           0.67 kB │ gzip:   0.35 kB
dist/assets/recycle-BOORrwIY.js                                               0.67 kB │ gzip:   0.40 kB
dist/assets/bug-off-BYGGzJYN.js                                               0.67 kB │ gzip:   0.38 kB
dist/assets/ribbon-CnlZlwO6.js                                                0.67 kB │ gzip:   0.41 kB
dist/assets/flower-3NGFLDSZ.js                                                0.67 kB │ gzip:   0.35 kB
dist/assets/pickaxe-C_vS8ofx.js                                               0.67 kB │ gzip:   0.40 kB
dist/assets/croissant-BX9d3LMJ.js                                             0.68 kB │ gzip:   0.38 kB
dist/assets/nut-BSUtvORy.js                                                   0.68 kB │ gzip:   0.44 kB
dist/assets/receipt-request.type-ky10gb23.js                                  0.68 kB │ gzip:   0.41 kB
dist/assets/dna-off-C2GeKM6m.js                                               0.68 kB │ gzip:   0.39 kB
dist/assets/message-circle-dashed-Bst5ZBM0.js                                 0.68 kB │ gzip:   0.37 kB
dist/assets/fingerprint-BkA4BjB1.js                                           0.69 kB │ gzip:   0.40 kB
dist/assets/slack-BQlkZIwQ.js                                                 0.69 kB │ gzip:   0.36 kB
dist/assets/satellite-FU-N67aa.js                                             0.69 kB │ gzip:   0.35 kB
dist/assets/fish-CNWB3cGQ.js                                                  0.70 kB │ gzip:   0.43 kB
dist/assets/microchip-CWSDzwli.js                                             0.70 kB │ gzip:   0.36 kB
dist/assets/telescope-YOMTjxNG.js                                             0.70 kB │ gzip:   0.43 kB
dist/assets/square-dashed-mouse-pointer-CnoyZafq.js                           0.70 kB │ gzip:   0.38 kB
dist/assets/beer-off-BkJsWqp_.js                                              0.70 kB │ gzip:   0.42 kB
dist/assets/gamepad-2-B-duVIkh.js                                             0.71 kB │ gzip:   0.44 kB
dist/assets/squares-intersect-DyKH4DkB.js                                     0.71 kB │ gzip:   0.35 kB
dist/assets/dna-BVIhztOX.js                                                   0.71 kB │ gzip:   0.39 kB
dist/assets/bug-CHokHiVw.js                                                   0.71 kB │ gzip:   0.38 kB
dist/assets/snowflake-Qd3gRfsL.js                                             0.71 kB │ gzip:   0.38 kB
dist/assets/squircle-dashed-zbsViSPx.js                                       0.71 kB │ gzip:   0.40 kB
dist/assets/notepad-text-dashed-B_C-nPth.js                                   0.72 kB │ gzip:   0.35 kB
dist/assets/bug-play-VHCH7Zq3.js                                              0.72 kB │ gzip:   0.39 kB
dist/assets/brick-wall-shield-BAyEY81i.js                                     0.73 kB │ gzip:   0.42 kB
dist/assets/circle-dot-dashed-B5KuzTqe.js                                     0.73 kB │ gzip:   0.37 kB
dist/assets/user-cog-DLjf3GwQ.js                                              0.73 kB │ gzip:   0.38 kB
dist/assets/dog-BjOVo24W.js                                                   0.73 kB │ gzip:   0.46 kB
dist/assets/cloud-cog-dPpTkuva.js                                             0.73 kB │ gzip:   0.39 kB
dist/assets/qr-code-DKRIvpJi.js                                               0.73 kB │ gzip:   0.36 kB
dist/assets/columns-3-cog-DeWvzhBQ.js                                         0.74 kB │ gzip:   0.39 kB
dist/assets/candy-off-COo4YxRY.js                                             0.74 kB │ gzip:   0.39 kB
dist/assets/user-round-cog-C7GhXvGm.js                                        0.74 kB │ gzip:   0.39 kB
dist/assets/fish-off-UURxi4aR.js                                              0.75 kB │ gzip:   0.47 kB
dist/assets/vault-svjvgocI.js                                                 0.75 kB │ gzip:   0.36 kB
dist/assets/use-generation-code-CRTKMbhg.js                                   0.75 kB │ gzip:   0.39 kB
dist/assets/text-select-D9bWt8v9.js                                           0.76 kB │ gzip:   0.35 kB
dist/assets/cog-s8dBtXsE.js                                                   0.76 kB │ gzip:   0.38 kB
dist/assets/message-square-dashed-BnhAQKxx.js                                 0.76 kB │ gzip:   0.37 kB
dist/assets/tree-utils-BYePR1Id.js                                            0.77 kB │ gzip:   0.37 kB
dist/assets/biohazard-DxipLsPF.js                                             0.77 kB │ gzip:   0.44 kB
dist/assets/square-dashed-kanban-DSIQeX83.js                                  0.77 kB │ gzip:   0.36 kB
dist/assets/folder-cog-BkcTueKZ.js                                            0.77 kB │ gzip:   0.41 kB
dist/assets/component-CZry1hIb.js                                             0.78 kB │ gzip:   0.31 kB
dist/assets/file-cog-O_HUXFVN.js                                              0.78 kB │ gzip:   0.42 kB
dist/assets/index-BLksldFv.js                                                 0.78 kB │ gzip:   0.49 kB
dist/assets/monitor-cog-COIE6BHF.js                                           0.78 kB │ gzip:   0.41 kB
dist/assets/goods-receipt-po-request-service-D83ruiQH.js                      0.79 kB │ gzip:   0.35 kB
dist/assets/index-CVzlsmdU.js                                                 0.79 kB │ gzip:   0.52 kB
dist/assets/nut-off-B1TCCaJN.js                                               0.79 kB │ gzip:   0.49 kB
dist/assets/index-BXpjs6nY.js                                                 0.80 kB │ gzip:   0.53 kB
dist/assets/wifi-cog-DBQyrKB5.js                                              0.81 kB │ gzip:   0.42 kB
dist/assets/party-popper-6LjBxIOs.js                                          0.81 kB │ gzip:   0.46 kB
dist/assets/calendar-cog-gA3CL-mZ.js                                          0.83 kB │ gzip:   0.43 kB
dist/assets/goods-receipt-po-service-jgRvg8Hg.js                              0.84 kB │ gzip:   0.36 kB
dist/assets/inventory-transfer-service-YCgAbjHm.js                            0.84 kB │ gzip:   0.36 kB
dist/assets/goods-receipt-po-return-service-CrGX-fir.js                       0.85 kB │ gzip:   0.36 kB
dist/assets/brain-circuit-Dbgc7UJW.js                                         0.88 kB │ gzip:   0.45 kB
dist/assets/finished-goods-receipt-service-BTSKeke6.js                        0.91 kB │ gzip:   0.41 kB
dist/assets/server-cog-C92CqgRZ.js                                            0.91 kB │ gzip:   0.43 kB
dist/assets/production-order-service-BqSCM1MN.js                              0.93 kB │ gzip:   0.43 kB
dist/assets/wheat-DQ-vq_rP.js                                                 0.96 kB │ gzip:   0.39 kB
dist/assets/wheat-off-CKT1NgOr.js                                             1.01 kB │ gzip:   0.51 kB
dist/assets/use-supplier-B2iTwGJ5.js                                          1.03 kB │ gzip:   0.55 kB
dist/assets/use-step-status-D3eqk_M8.js                                       1.04 kB │ gzip:   0.49 kB
dist/assets/hop-off-D_uj0tsr.js                                               1.05 kB │ gzip:   0.58 kB
dist/assets/alert-DEVVSKTS.js                                                 1.07 kB │ gzip:   0.54 kB
dist/assets/brain-cog-BHVeBLBC.js                                             1.10 kB │ gzip:   0.53 kB
dist/assets/hop-BaFpIq7x.js                                                   1.11 kB │ gzip:   0.59 kB
dist/assets/inventory-transfer-request-service-DE9GaNZH.js                    1.12 kB │ gzip:   0.47 kB
dist/assets/use-project-management-gantt-DFwnxfK9.js                          1.15 kB │ gzip:   0.54 kB
dist/assets/index-DzA7lzlb.js                                                 1.20 kB │ gzip:   0.63 kB
dist/assets/index-BDXWHfB4.js                                                 1.21 kB │ gzip:   0.64 kB
dist/assets/use-business-role-D4EJcTnQ.js                                     1.24 kB │ gzip:   0.66 kB
dist/assets/use-production-norm-detail-filters-DrwNTWak.js                    1.30 kB │ gzip:   0.64 kB
dist/assets/index-CTnG5ALE.js                                                 1.35 kB │ gzip:   0.73 kB
dist/assets/index-BXfLuJe3.js                                                 1.35 kB │ gzip:   0.74 kB
dist/assets/forbidden-B47iPNX8.js                                             1.41 kB │ gzip:   0.76 kB
dist/assets/production-cost-combobox-Cn39A0e3.js                              1.47 kB │ gzip:   0.57 kB
dist/assets/-goods-receipt-po-detail-table-GMmh7Bbg.js                        1.51 kB │ gzip:   0.65 kB
dist/assets/-goods-receipt-po-request-detail-table-DWObWqhp.js                1.53 kB │ gzip:   0.65 kB
dist/assets/use-table-change-XdjiK990.js                                      1.53 kB │ gzip:   0.75 kB
dist/assets/-goods-receipt-po-return-detail-table-fn2pzVVV.js                 1.61 kB │ gzip:   0.67 kB
dist/assets/use-finished-goods-receipt-BV27ueGW.js                            1.63 kB │ gzip:   0.67 kB
dist/assets/-finished-goods-receipt-detail-table-BRFdPFoc.js                  1.70 kB │ gzip:   0.74 kB
dist/assets/unauthorized-BYTj4JNv.js                                          1.83 kB │ gzip:   0.89 kB
dist/assets/-inventory-transfer-detail-table-CirtmmTl.js                      1.84 kB │ gzip:   0.76 kB
dist/assets/logged-out-CjdXaJmz.js                                            1.85 kB │ gzip:   0.82 kB
dist/assets/use-trade-rule-set-DtYcd4RI.js                                    1.94 kB │ gzip:   0.82 kB
dist/assets/inventory-shared-C4pc-FzX.js                                      1.99 kB │ gzip:   0.99 kB
dist/assets/use-drawing-type-J7v-t8cd.js                                      2.01 kB │ gzip:   0.83 kB
dist/assets/modifier-info-BXBIdsUQ.js                                         2.02 kB │ gzip:   0.58 kB
dist/assets/use-logistic-party-type-BmvN2865.js                               2.05 kB │ gzip:   0.85 kB
dist/assets/use-packing-codes-group-zz294fs9.js                               2.07 kB │ gzip:   0.84 kB
dist/assets/-goods-transaction-form-registry-Xlr7OHo5.js                      2.08 kB │ gzip:   0.76 kB
dist/assets/use-period-kejOOQhQ.js                                            2.10 kB │ gzip:   1.07 kB
dist/assets/use-risk-BpLZZn4m.js                                              2.11 kB │ gzip:   0.88 kB
dist/assets/use-shipping-stage-Dnr03_Sm.js                                    2.12 kB │ gzip:   0.88 kB
dist/assets/use-responsibility-DTlzalkM.js                                    2.12 kB │ gzip:   0.88 kB
dist/assets/use-logistic-party-Cko4trgD.js                                    2.12 kB │ gzip:   0.88 kB
dist/assets/use-installation-tool-B2bZXX72.js                                 2.12 kB │ gzip:   0.88 kB
dist/assets/use-responsibility-type-CPM2RlUO.js                               2.12 kB │ gzip:   0.88 kB
dist/assets/use-logistic-party-group-vc4NFeQf.js                              2.12 kB │ gzip:   0.89 kB
dist/assets/use-packing-standard-type-C2HEwhyl.js                             2.12 kB │ gzip:   0.89 kB
dist/assets/use-packing-codes-type-Cs0TD4rb.js                                2.12 kB │ gzip:   0.89 kB
dist/assets/use-delivery-vehicle-type-C02ovRTI.js                             2.12 kB │ gzip:   0.89 kB
dist/assets/use-installation-standard-DJXawJ_W.js                             2.12 kB │ gzip:   0.88 kB
dist/assets/use-packing-standard-group-COsZtULz.js                            2.13 kB │ gzip:   0.89 kB
dist/assets/use-delivery-vehicle-group-e6fLsaat.js                            2.13 kB │ gzip:   0.89 kB
dist/assets/use-packaging-specification-type-BRCOSOkN.js                      2.13 kB │ gzip:   0.89 kB
dist/assets/use-packaging-specification-group-BQS3U1ue.js                     2.13 kB │ gzip:   0.89 kB
dist/assets/use-international-trade-agreement-BlAn5kZS.js                     2.13 kB │ gzip:   0.89 kB
dist/assets/use-certificate-of-origin-4SyQ5rUI.js                             2.13 kB │ gzip:   0.88 kB
dist/assets/use-production-standard-ZVaMPStk.js                               2.14 kB │ gzip:   0.86 kB
dist/assets/action-confirm-EzOXWztr.js                                        2.15 kB │ gzip:   0.88 kB
dist/assets/use-leave-type-Ch9mMwYm.js                                        2.15 kB │ gzip:   0.84 kB
dist/assets/use-day-session-2fJNaSIU.js                                       2.15 kB │ gzip:   0.84 kB
dist/assets/use-asset-unit-CIYrl-CB.js                                        2.16 kB │ gzip:   0.90 kB
dist/assets/use-responsibility-group-B7gLkxBq.js                              2.16 kB │ gzip:   0.89 kB
dist/assets/use-material-type-BodnPmGt.js                                     2.16 kB │ gzip:   0.89 kB
dist/assets/use-drawing-group-CYyW751U.js                                     2.17 kB │ gzip:   0.90 kB
dist/assets/use-installation-method-CIN7AxJS.js                               2.20 kB │ gzip:   0.91 kB
dist/assets/use-unit-of-measure-B6xmIeHK.js                                   2.25 kB │ gzip:   0.90 kB
dist/assets/use-expense-DEA7EzIg.js                                           2.25 kB │ gzip:   0.92 kB
dist/assets/purchase-request-filter-popover-CH93TEsm.js                       2.28 kB │ gzip:   1.10 kB
dist/assets/use-item-template-type-CY6qHBt9.js                                2.30 kB │ gzip:   0.91 kB
dist/assets/use-hs-D45pi-Et.js                                                2.31 kB │ gzip:   0.94 kB
dist/assets/use-hs-type-jPLcZCqy.js                                           2.31 kB │ gzip:   0.94 kB
dist/assets/use-plan-type-Bso3B2jQ.js                                         2.32 kB │ gzip:   0.94 kB
dist/assets/use-hs-group-DHMe8HFv.js                                          2.32 kB │ gzip:   0.94 kB
dist/assets/use-plan-group-B8YKtS1B.js                                        2.32 kB │ gzip:   0.95 kB
dist/assets/use-port-type-BMlrXxSS.js                                         2.32 kB │ gzip:   0.94 kB
dist/assets/use-report-type-pV4fUGiH.js                                       2.32 kB │ gzip:   0.94 kB
dist/assets/use-port-group-GrCNpcY9.js                                        2.32 kB │ gzip:   0.94 kB
dist/assets/use-report-group-nDb4VMvS.js                                      2.32 kB │ gzip:   0.94 kB
dist/assets/use-incoterm-group-PlpfYWR1.js                                    2.32 kB │ gzip:   0.95 kB
dist/assets/use-container-type-BvLZWjKG.js                                    2.32 kB │ gzip:   0.95 kB
dist/assets/use-container-group-CmtwtbSt.js                                   2.32 kB │ gzip:   0.95 kB
dist/assets/use-customs-declaration-group-C4CZ7Xf7.js                         2.33 kB │ gzip:   0.95 kB
dist/assets/-inventory-transfer-request-detail-table-Diq6D7YP.js              2.36 kB │ gzip:   0.86 kB
dist/assets/-service-purchase-detail-table-B8rWI_Ta.js                        2.39 kB │ gzip:   0.97 kB
dist/assets/use-production-cost-Bejn4W1M.js                                   2.42 kB │ gzip:   0.94 kB
dist/assets/-inventory-transfer-excess-recovery-detail-table-Cn5XVfA9.js      2.42 kB │ gzip:   0.97 kB
dist/assets/use-purchase-request-yQgRBpWg.js                                  2.44 kB │ gzip:   0.95 kB
dist/assets/use-leader-DOd-Ts1n.js                                            2.45 kB │ gzip:   0.90 kB
dist/assets/use-project-planning-CN8ybZMy.js                                  2.48 kB │ gzip:   0.95 kB
dist/assets/use-work-item-category-BVV78osL.js                                2.54 kB │ gzip:   0.91 kB
dist/assets/use-material-quotation-DvQ4Wj2y.js                                2.57 kB │ gzip:   0.98 kB
dist/assets/-stock-count-detail-table-Btd-cGW7.js                             2.66 kB │ gzip:   1.05 kB
dist/assets/index-B_I8p4bf.js                                                 2.90 kB │ gzip:   1.18 kB
dist/assets/use-installation-progress-data-cEiZyfGt.js                        3.01 kB │ gzip:   1.19 kB
dist/assets/use-business-process-DU-Zzy-A.js                                  3.04 kB │ gzip:   1.13 kB
dist/assets/use-semi-finished-good-C11EmMvK.js                                3.05 kB │ gzip:   1.08 kB
dist/assets/use-specification-set-type-BAKZhJJY.js                            3.05 kB │ gzip:   1.00 kB
dist/assets/index-CxU4dIng.js                                                 3.07 kB │ gzip:   1.21 kB
dist/assets/-inventory-adjustment-ticket-detail-table-2Hz2igWO.js             3.14 kB │ gzip:   1.09 kB
dist/assets/use-production-norm-BammBMan.js                                   3.15 kB │ gzip:   1.15 kB
dist/assets/use-production-budget-detail-filters-XNa_dXjo.js                  3.20 kB │ gzip:   1.20 kB
dist/assets/use-work-item-process-seIccGWL.js                                 3.37 kB │ gzip:   1.22 kB
dist/assets/estimate-cost.util-tY3IeFnp.js                                    3.64 kB │ gzip:   1.47 kB
dist/assets/index-BNkff10B.js                                                 3.67 kB │ gzip:   1.75 kB
dist/assets/index-C9AyPjWE.js                                                 3.70 kB │ gzip:   1.32 kB
dist/assets/use-attachment-uploader-Bhh0ePot.js                               3.77 kB │ gzip:   1.80 kB
dist/assets/installation-plan-nav-header-AjsKCtPQ.js                          3.80 kB │ gzip:   1.40 kB
dist/assets/delivery-progress-CQxGjDLi.js                                     3.97 kB │ gzip:   1.65 kB
dist/assets/use-trade-document-set-LEaJjVsR.js                                4.05 kB │ gzip:   1.07 kB
dist/assets/use-maintenance-order-Du96SfPz.js                                 4.21 kB │ gzip:   1.23 kB
dist/assets/radio-group-Dk-yZvQI.js                                           4.22 kB │ gzip:   1.91 kB
dist/assets/index-gTGMWb3i.js                                                 4.47 kB │ gzip:   1.73 kB
dist/assets/update-actual-progress-dialog-rwK5ifQO.js                         4.71 kB │ gzip:   1.78 kB
dist/assets/index-D5_HQP1m.js                                                 4.77 kB │ gzip:   1.79 kB
dist/assets/index-Gk9gdlss.js                                                 4.78 kB │ gzip:   1.43 kB
dist/assets/detail-Cs6xxkn9.js                                                4.94 kB │ gzip:   2.08 kB
dist/assets/use-mechanical-packing-list-iJ7i-LZX.js                           5.00 kB │ gzip:   1.44 kB
dist/assets/index-q9SWAwfy.js                                                 5.03 kB │ gzip:   1.78 kB
dist/assets/index-DGxN-uAs.js                                                 5.05 kB │ gzip:   1.69 kB
dist/assets/attachment-section-of0zWlhU.js                                    5.10 kB │ gzip:   2.12 kB
dist/assets/index-Bi8KUgKq.js                                                 5.11 kB │ gzip:   1.81 kB
dist/assets/index-CgqOIIzf.js                                                 5.13 kB │ gzip:   1.91 kB
dist/assets/index-irp3HbS6.js                                                 5.14 kB │ gzip:   1.88 kB
dist/assets/index-C1PnKVAw.js                                                 5.25 kB │ gzip:   2.21 kB
dist/assets/_app-DmXMSXf7.js                                                  5.30 kB │ gzip:   2.39 kB
dist/assets/index-CD6dgkWw.js                                                 5.32 kB │ gzip:   1.95 kB
dist/assets/index-DOmA8jvt.js                                                 5.34 kB │ gzip:   2.06 kB
dist/assets/attachment-section-CQB-LZgK.js                                    5.40 kB │ gzip:   2.20 kB
dist/assets/index--0ME09YJ.js                                                 5.51 kB │ gzip:   1.93 kB
dist/assets/index-DLBej-kX.js                                                 5.57 kB │ gzip:   1.87 kB
dist/assets/_id-B7WxcGNz.js                                                   5.69 kB │ gzip:   1.88 kB
dist/assets/index-XjYEaK5z.js                                                 5.79 kB │ gzip:   1.97 kB
dist/assets/design-profile-detail-view-BV1nOQrT.js                            5.86 kB │ gzip:   2.09 kB
dist/assets/specification-requirement-inline-DE99AyBp.js                      5.91 kB │ gzip:   2.11 kB
dist/assets/index-C-GF59CJ.js                                                 5.94 kB │ gzip:   1.98 kB
dist/assets/index-B0tStuSs.js                                                 6.02 kB │ gzip:   2.22 kB
dist/assets/warehouse-stock-preview-DKz1tPP2.js                               6.19 kB │ gzip:   2.26 kB
dist/assets/index-DlCuKTIN.js                                                 6.32 kB │ gzip:   2.12 kB
dist/assets/use-sale-quotation-_cL1iqr_.js                                    6.37 kB │ gzip:   1.97 kB
dist/assets/index-DQ5Z9KM_.js                                                 6.37 kB │ gzip:   2.23 kB
dist/assets/detail-TWB_ydij.js                                                6.49 kB │ gzip:   2.40 kB
dist/assets/index-DM7jtke2.js                                                 6.65 kB │ gzip:   2.25 kB
dist/assets/use-sale-quotation-request-DviArF_G.js                            6.65 kB │ gzip:   2.20 kB
dist/assets/index-DwiKnNFh.js                                                 6.82 kB │ gzip:   2.51 kB
dist/assets/index-D1xMPyq5.js                                                 6.82 kB │ gzip:   2.52 kB
dist/assets/index-B6bJvF-g.js                                                 6.86 kB │ gzip:   2.26 kB
dist/assets/index-Bz_zOvAT.js                                                 6.90 kB │ gzip:   2.46 kB
dist/assets/asset-disposal-form-gySR4knI.js                                   6.91 kB │ gzip:   2.57 kB
dist/assets/index-CBOvw6xl.js                                                 6.92 kB │ gzip:   2.22 kB
dist/assets/index-CxOKmNdo.js                                                 7.24 kB │ gzip:   2.46 kB
dist/assets/index-CBUzV0hO.js                                                 7.54 kB │ gzip:   2.10 kB
dist/assets/detail-Bim2eBrD.js                                                7.64 kB │ gzip:   3.07 kB
dist/assets/delivery-plan-nav-header-zrFMQaWW.js                              7.78 kB │ gzip:   2.60 kB
dist/assets/index-V7M4xof4.js                                                 7.83 kB │ gzip:   2.87 kB
dist/assets/detail-Cl0eIGGT.js                                                7.88 kB │ gzip:   2.23 kB
dist/assets/index-CqOp5eWM.js                                                 7.88 kB │ gzip:   3.13 kB
dist/assets/index-_y3UJkTU.js                                                 8.00 kB │ gzip:   2.70 kB
dist/assets/index-FAof6QrW.js                                                 8.10 kB │ gzip:   3.05 kB
dist/assets/_id-CqWeemdj.js                                                   8.21 kB │ gzip:   3.09 kB
dist/assets/index-DmixeJbi.js                                                 8.29 kB │ gzip:   3.11 kB
dist/assets/index-o-L8fX5B.js                                                 8.45 kB │ gzip:   3.21 kB
dist/assets/index-BClrP5iJ.js                                                 8.45 kB │ gzip:   2.97 kB
dist/assets/index-PMZaBlD_.js                                                 8.70 kB │ gzip:   2.67 kB
dist/assets/index-Bw0VTEID.js                                                 8.93 kB │ gzip:   3.37 kB
dist/assets/index-delJUKhP.js                                                 9.01 kB │ gzip:   3.31 kB
dist/assets/index-ZC5J59Fo.js                                                 9.04 kB │ gzip:   2.72 kB
dist/assets/index-BvRAYb4x.js                                                 9.05 kB │ gzip:   3.08 kB
dist/assets/index-10La_3Dl.js                                                 9.06 kB │ gzip:   2.91 kB
dist/assets/index-NY6b8rWN.js                                                 9.14 kB │ gzip:   3.09 kB
dist/assets/index-CHovExhQ.js                                                 9.17 kB │ gzip:   3.40 kB
dist/assets/index-BovrgQ3X.js                                                 9.31 kB │ gzip:   3.08 kB
dist/assets/index-CwH7abr4.js                                                 9.41 kB │ gzip:   2.88 kB
dist/assets/index-Bpq7VC8b.js                                                 9.45 kB │ gzip:   3.05 kB
dist/assets/use-production-order-DsQKdOIH.js                                  9.51 kB │ gzip:   2.54 kB
dist/assets/index-D1ByKMQa.js                                                 9.57 kB │ gzip:   3.50 kB
dist/assets/index-DCPQpLMX.js                                                 9.61 kB │ gzip:   3.50 kB
dist/assets/index-COelDd1U.js                                                 9.63 kB │ gzip:   3.53 kB
dist/assets/index-By8yISLp.js                                                 9.68 kB │ gzip:   3.50 kB
dist/assets/index-BT4WaWCH.js                                                 9.69 kB │ gzip:   3.50 kB
dist/assets/index-5iwyJxK2.js                                                 9.74 kB │ gzip:   3.51 kB
dist/assets/index-hvox9u8R.js                                                 9.76 kB │ gzip:   3.54 kB
dist/assets/index-DnFHldNo.js                                                 9.78 kB │ gzip:   3.54 kB
dist/assets/index-1neyrPNt.js                                                 9.80 kB │ gzip:   3.53 kB
dist/assets/index-CwE8SAz8.js                                                 9.81 kB │ gzip:   3.55 kB
dist/assets/index-mNZJPDVm.js                                                 9.89 kB │ gzip:   3.53 kB
dist/assets/index-C5-oQOAd.js                                                 9.92 kB │ gzip:   3.54 kB
dist/assets/advance-request-form-C8sWYb0p.js                                 10.18 kB │ gzip:   3.40 kB
dist/assets/index-B48idG3i.js                                                10.24 kB │ gzip:   3.75 kB
dist/assets/index-BFdFTMGq.js                                                10.28 kB │ gzip:   3.63 kB
dist/assets/index-DfQUHNhv.js                                                10.39 kB │ gzip:   3.74 kB
dist/assets/index-CV-PKsgi.js                                                10.39 kB │ gzip:   3.97 kB
dist/assets/index-BAUVwLB3.js                                                10.56 kB │ gzip:   3.74 kB
dist/assets/index-Bz_y7Kkj.js                                                10.57 kB │ gzip:   3.77 kB
dist/assets/index-DvJAzx1V.js                                                10.58 kB │ gzip:   3.36 kB
dist/assets/incoterm-stages-section-YXEzYhKH.js                              10.61 kB │ gzip:   3.70 kB
dist/assets/index-C5wMwiIz.js                                                10.63 kB │ gzip:   3.81 kB
dist/assets/finished-goods-delivery-packing-detail-table-CAJlVo-P.js         10.69 kB │ gzip:   3.11 kB
dist/assets/detail-upuIDwPz.js                                               10.71 kB │ gzip:   3.70 kB
dist/assets/index-BOxdanG1.js                                                10.71 kB │ gzip:   3.80 kB
dist/assets/index-Dcx8lfZd.js                                                10.75 kB │ gzip:   3.97 kB
dist/assets/index-DEJUrfyE.js                                                10.88 kB │ gzip:   3.66 kB
dist/assets/index--5BZW_9L.js                                                10.97 kB │ gzip:   4.10 kB
dist/assets/index-C6LUMGfT.js                                                10.97 kB │ gzip:   3.53 kB
dist/assets/index-eV_znC88.js                                                11.03 kB │ gzip:   4.01 kB
dist/assets/index-C26cJWTi.js                                                11.20 kB │ gzip:   3.89 kB
dist/assets/detail-DbxutVq_.js                                               11.33 kB │ gzip:   3.43 kB
dist/assets/index-Dl1ZafML.js                                                11.34 kB │ gzip:   3.67 kB
dist/assets/index-DiIIJV8P.js                                                11.53 kB │ gzip:   3.99 kB
dist/assets/index-D3fupP6d.js                                                11.63 kB │ gzip:   3.38 kB
dist/assets/index-BCVhXuPB.js                                                11.65 kB │ gzip:   3.73 kB
dist/assets/index-CVbYmj-E.js                                                11.66 kB │ gzip:   3.57 kB
dist/assets/index-EXCybJ8T.js                                                11.73 kB │ gzip:   4.12 kB
dist/assets/index-Dg0KpzqT.js                                                11.74 kB │ gzip:   4.23 kB
dist/assets/index-B0DsDqYO.js                                                11.79 kB │ gzip:   3.87 kB
dist/assets/index-C_2PVHjL.js                                                11.95 kB │ gzip:   4.12 kB
dist/assets/index-HBv6Kpyp.js                                                11.97 kB │ gzip:   4.29 kB
dist/assets/index-DN6jL0cv.js                                                11.97 kB │ gzip:   4.14 kB
dist/assets/index-CnUGAYGs.js                                                12.04 kB │ gzip:   3.87 kB
dist/assets/index-BSsgwMvT.js                                                12.05 kB │ gzip:   3.95 kB
dist/assets/index-Cyo-Jvcr.js                                                12.23 kB │ gzip:   3.98 kB
dist/assets/index-4UFchLo3.js                                                12.34 kB │ gzip:   4.15 kB
dist/assets/index-B6QdUC-2.js                                                12.38 kB │ gzip:   4.25 kB
dist/assets/index-C0hQYVxa.js                                                12.42 kB │ gzip:   4.33 kB
dist/assets/index-C7k8nRQ3.js                                                12.45 kB │ gzip:   4.25 kB
dist/assets/index-CZCfpf43.js                                                12.46 kB │ gzip:   4.18 kB
dist/assets/index-CrFD_uA1.js                                                12.49 kB │ gzip:   4.24 kB
dist/assets/index-cIHdhv3C.js                                                12.50 kB │ gzip:   4.28 kB
dist/assets/-goods-receipt-po-return-form-eIehS0Rz.js                        12.50 kB │ gzip:   3.97 kB
dist/assets/index-Cp_PrUXR.js                                                12.62 kB │ gzip:   4.24 kB
dist/assets/index-B0rh7IA_.js                                                12.66 kB │ gzip:   4.27 kB
dist/assets/index-0zL2RCzc.js                                                12.69 kB │ gzip:   3.65 kB
dist/assets/index-Bd1_k4Wo.js                                                12.69 kB │ gzip:   4.18 kB
dist/assets/index-BbooGr9Z.js                                                12.72 kB │ gzip:   4.40 kB
dist/assets/-goods-receipt-po-form-Ceiurgjc.js                               12.99 kB │ gzip:   4.10 kB
dist/assets/index-Cr_L75nW.js                                                13.00 kB │ gzip:   4.42 kB
dist/assets/index-BYy47bT3.js                                                13.02 kB │ gzip:   4.31 kB
dist/assets/contract-salary-advance-form-DndVK7AE.js                         13.25 kB │ gzip:   4.35 kB
dist/assets/index-Dc_xRgcX.js                                                13.32 kB │ gzip:   4.40 kB
dist/assets/index-B7RPecWt.js                                                13.36 kB │ gzip:   3.72 kB
dist/assets/index-DETdUES7.js                                                13.41 kB │ gzip:   4.48 kB
dist/assets/index-DFCv4mZN.js                                                13.41 kB │ gzip:   4.67 kB
dist/assets/index-BuAiLZTH.js                                                13.58 kB │ gzip:   4.78 kB
dist/assets/seasonal-labor-settlement-form-g6oGQ-Ee.js                       13.62 kB │ gzip:   4.40 kB
dist/assets/index-CrkJt8PP.js                                                13.71 kB │ gzip:   4.84 kB
dist/assets/index-COeyJivZ.js                                                13.80 kB │ gzip:   3.85 kB
dist/assets/index-CISKrBF5.js                                                13.85 kB │ gzip:   4.73 kB
dist/assets/index-CCZ-DgII.js                                                13.89 kB │ gzip:   4.71 kB
dist/assets/index-DAuHWSlr.js                                                13.91 kB │ gzip:   4.56 kB
dist/assets/index-6OGInyY_.js                                                14.17 kB │ gzip:   4.66 kB
dist/assets/index-DUNAUoAV.js                                                14.21 kB │ gzip:   4.67 kB
dist/assets/index-B53bEdv8.js                                                14.23 kB │ gzip:   4.73 kB
dist/assets/-mrp-detail-dialog-Bh1Ri9tB.js                                   14.26 kB │ gzip:   4.09 kB
dist/assets/index-DduciORO.js                                                14.28 kB │ gzip:   4.63 kB
dist/assets/index-Bb5kEZPX.js                                                14.41 kB │ gzip:   4.87 kB
dist/assets/index-BX-uMdKF.js                                                14.60 kB │ gzip:   5.14 kB
dist/assets/index-mRefot8m.js                                                14.67 kB │ gzip:   4.22 kB
dist/assets/packing-detail-table-DsaCqvHd.js                                 14.77 kB │ gzip:   3.39 kB
dist/assets/-inventory-transfer-form-9ow7dr_-.js                             15.14 kB │ gzip:   4.24 kB
dist/assets/index-CUmmiR8Y.js                                                15.20 kB │ gzip:   4.90 kB
dist/assets/index-BC373LTk.js                                                15.40 kB │ gzip:   4.73 kB
dist/assets/index-JV13G0w_.js                                                15.44 kB │ gzip:   5.09 kB
dist/assets/index-C-Jq6ByS.js                                                15.53 kB │ gzip:   4.90 kB
dist/assets/index-CCNexSBZ.js                                                15.84 kB │ gzip:   5.11 kB
dist/assets/index-B_m_rplq.js                                                15.86 kB │ gzip:   5.45 kB
dist/assets/index-Dr9A_X_Q.js                                                15.99 kB │ gzip:   5.20 kB
dist/assets/index-B_sAcmmp.js                                                16.07 kB │ gzip:   5.20 kB
dist/assets/index-6NMBSnk6.js                                                16.25 kB │ gzip:   5.23 kB
dist/assets/index-CuGzH78g.js                                                16.26 kB │ gzip:   4.66 kB
dist/assets/damage-deduction-form-CDCARyOO.js                                16.31 kB │ gzip:   5.26 kB
dist/assets/index-DHdrVk94.js                                                16.32 kB │ gzip:   5.00 kB
dist/assets/index-D6gIASYL.js                                                16.42 kB │ gzip:   5.26 kB
dist/assets/index-BiROLyil.js                                                16.43 kB │ gzip:   4.86 kB
dist/assets/index-CmHuxnVw.js                                                16.60 kB │ gzip:   5.07 kB
dist/assets/index-DSGkrfnu.js                                                16.60 kB │ gzip:   5.35 kB
dist/assets/index-BePLDkwp.js                                                16.65 kB │ gzip:   5.30 kB
dist/assets/index-BPW0Guam.js                                                16.66 kB │ gzip:   5.01 kB
dist/assets/index-h-o1OaJh.js                                                16.68 kB │ gzip:   5.15 kB
dist/assets/index-DaMH2hti.js                                                16.72 kB │ gzip:   5.29 kB
dist/assets/index-BCN4yaoq.js                                                16.74 kB │ gzip:   4.96 kB
dist/assets/index-D1K8tuWB.js                                                16.81 kB │ gzip:   5.40 kB
dist/assets/index-jaxh-8-u.js                                                16.83 kB │ gzip:   5.29 kB
dist/assets/detail-N_MY5DAe.js                                               16.85 kB │ gzip:   4.77 kB
dist/assets/index-MMq8iR4w.js                                                16.89 kB │ gzip:   5.56 kB
dist/assets/index-CwqiSTxw.js                                                17.02 kB │ gzip:   4.50 kB
dist/assets/index-DDZNE8Ck.js                                                17.12 kB │ gzip:   4.91 kB
dist/assets/index-DrSHRmQ6.js                                                17.17 kB │ gzip:   5.54 kB
dist/assets/index-tWkQ-BpU.js                                                17.29 kB │ gzip:   5.61 kB
dist/assets/index-Bu87Ni7H.js                                                17.48 kB │ gzip:   5.65 kB
dist/assets/index-DH1JPo3F.js                                                18.34 kB │ gzip:   5.78 kB
dist/assets/index-CFY5TtmU.js                                                18.56 kB │ gzip:   5.67 kB
dist/assets/index-STQgPcEO.js                                                18.56 kB │ gzip:   5.99 kB
dist/assets/sale-quotation-form-DTGe0B03.js                                  18.63 kB │ gzip:   5.45 kB
dist/assets/index-BLi4NDME.js                                                18.75 kB │ gzip:   5.49 kB
dist/assets/index-BXObTq_d.js                                                18.83 kB │ gzip:   5.39 kB
dist/assets/index-izP_p70Z.js                                                18.99 kB │ gzip:   5.49 kB
dist/assets/index-D0kiEwau.js                                                18.99 kB │ gzip:   6.01 kB
dist/assets/index-q1h8XU2X.js                                                19.09 kB │ gzip:   5.78 kB
dist/assets/detail-DemLP0ow.js                                               19.32 kB │ gzip:   5.66 kB
dist/assets/index-s9Qd0OV3.js                                                19.66 kB │ gzip:   5.67 kB
dist/assets/index-qQ5cqI5B.js                                                20.32 kB │ gzip:   6.26 kB
dist/assets/index-Cz4uIPNG.js                                                20.52 kB │ gzip:   6.35 kB
dist/assets/index-CmSjUvhx.js                                                20.58 kB │ gzip:   6.40 kB
dist/assets/index-Ev3z9Gtx.js                                                20.71 kB │ gzip:   6.10 kB
dist/assets/non-manpower-dispatch-form-7xxtblYA.js                           20.79 kB │ gzip:   6.04 kB
dist/assets/index-BjyI3jQ1.js                                                20.86 kB │ gzip:   6.59 kB
dist/assets/index-BIOFVyj1.js                                                21.12 kB │ gzip:   5.83 kB
dist/assets/manpower-dispatch-form-Jr0N9q7o.js                               21.24 kB │ gzip:   6.07 kB
dist/assets/supply-request-form-UzM0GUUi.js                                  21.48 kB │ gzip:   6.29 kB
dist/assets/index-C8j7w5w1.js                                                21.58 kB │ gzip:   6.52 kB
dist/assets/index-CwGA9-fU.js                                                21.65 kB │ gzip:   6.16 kB
dist/assets/index-C9X-3jvu.js                                                21.86 kB │ gzip:   7.07 kB
dist/assets/index-wxuvrycr.js                                                21.99 kB │ gzip:   6.87 kB
dist/assets/index-Q8oVN4Dp.js                                                22.03 kB │ gzip:   6.19 kB
dist/assets/index-BQnZeO2K.js                                                22.47 kB │ gzip:   6.31 kB
dist/assets/index-FDPbUj28.js                                                22.59 kB │ gzip:   6.32 kB
dist/assets/index-CHBuA9Nk.js                                                22.62 kB │ gzip:   5.93 kB
dist/assets/auth-service-BO5GkePN.js                                         22.90 kB │ gzip:   7.31 kB
dist/assets/index-D2Q9OLNq.js                                                23.06 kB │ gzip:   6.24 kB
dist/assets/index-AKFNmXBI.js                                                23.07 kB │ gzip:   6.22 kB
dist/assets/index-h7mi8cWe.js                                                23.40 kB │ gzip:   6.45 kB
dist/assets/index-CWSakhRj.js                                                23.70 kB │ gzip:   6.31 kB
dist/assets/purchase-request-form-dkhm6asp.js                                23.81 kB │ gzip:   6.81 kB
dist/assets/index-C34TVdDw.js                                                23.84 kB │ gzip:   6.40 kB
dist/assets/incoterm-responsibility-dialog-CdaIhhCC.js                       23.89 kB │ gzip:   6.40 kB
dist/assets/index-C3-oTAWF.js                                                24.26 kB │ gzip:   6.56 kB
dist/assets/index-CaVxW7Y5.js                                                24.41 kB │ gzip:   6.46 kB
dist/assets/packing-list-detail-table-CSesDyne.js                            24.64 kB │ gzip:   6.00 kB
dist/assets/index-CNnBeX0W.js                                                25.02 kB │ gzip:   7.90 kB
dist/assets/index-CL5qYWmk.js                                                25.28 kB │ gzip:   6.84 kB
dist/assets/index-DzXOmz_y.js                                                25.63 kB │ gzip:   6.24 kB
dist/assets/index-CTnmHssv.js                                                26.14 kB │ gzip:   7.47 kB
dist/assets/work-item-process-form-CUtjSCIv.js                               27.05 kB │ gzip:   7.08 kB
dist/assets/use-production-request-group-BO-m_euu.js                         27.79 kB │ gzip:   7.58 kB
dist/assets/acceptance-minute-form-BTRjFLYN.js                               27.83 kB │ gzip:   7.80 kB
dist/assets/index-CAHiUUaT.js                                                28.23 kB │ gzip:   7.88 kB
dist/assets/design-profile-page-content-CAKdIykM.js                          28.35 kB │ gzip:   7.28 kB
dist/assets/finished-goods-price-form-DMZ0nPPU.js                            28.82 kB │ gzip:   7.42 kB
dist/assets/index-D36PcVsk.js                                                28.88 kB │ gzip:   7.54 kB
dist/assets/index-BFRn5qIk.js                                                29.40 kB │ gzip:   8.58 kB
dist/assets/production-cost-table-DY5y0fKk.js                                30.42 kB │ gzip:   4.99 kB
dist/assets/index-Budh7ABB.js                                                30.52 kB │ gzip:   7.54 kB
dist/assets/index-DglkL4XB.js                                                30.77 kB │ gzip:   8.44 kB
dist/assets/sale-quotation-request-form-DFpdOlZv.js                          31.00 kB │ gzip:   7.81 kB
dist/assets/index-BvMrND5L.js                                                31.45 kB │ gzip:   8.47 kB
dist/assets/index-qKx8dAU9.js                                                31.80 kB │ gzip:   9.18 kB
dist/assets/member-invite-dialog-DahyAQJ5.js                                 32.52 kB │ gzip:   8.06 kB
dist/assets/leave-ticket-form-Cq03MGgR.js                                    32.83 kB │ gzip:   9.86 kB
dist/assets/index-DWz95CFY.js                                                33.07 kB │ gzip:   7.88 kB
dist/assets/index-CCg1VuUu.js                                                33.28 kB │ gzip:   9.72 kB
dist/assets/index-Dqf6o23b.js                                                34.13 kB │ gzip:   8.71 kB
dist/assets/index-DMuT1JOr.js                                                35.24 kB │ gzip:   8.93 kB
dist/assets/index-DoPfsUDe.js                                                35.92 kB │ gzip:   9.35 kB
dist/assets/index-DIUZQ_kW.js                                                36.13 kB │ gzip:   9.60 kB
dist/assets/labor-order-form-6dtnskcZ.js                                     36.71 kB │ gzip:   9.81 kB
dist/assets/index-CU47m1W_.js                                                37.98 kB │ gzip:   7.90 kB
dist/assets/business-trip-form-AuXSAW95.js                                   38.03 kB │ gzip:  10.59 kB
dist/assets/index-D-aHHRzu.js                                                38.14 kB │ gzip:   9.91 kB
dist/assets/production-coordination-report-service-DmAmw6sr.js               38.21 kB │ gzip:   9.86 kB
dist/assets/index-B-39im5Q.js                                                40.43 kB │ gzip:  10.10 kB
dist/assets/index-DXfIkbG3.js                                                41.66 kB │ gzip:  11.07 kB
dist/assets/dynamic-form-service-BqdyRCat.js                                 42.58 kB │ gzip:  14.36 kB
dist/assets/use-po-detail-columns-HgqERj9J.js                                43.36 kB │ gzip:   9.69 kB
dist/assets/drawing-form-X7AwZrRM.js                                         43.68 kB │ gzip:  12.84 kB
dist/assets/index-w_yW8ehm.js                                                44.55 kB │ gzip:  10.89 kB
dist/assets/index-Bs1N7-E4.js                                                44.57 kB │ gzip:  10.94 kB
dist/assets/printable-document-CwnxHEEB.js                                   44.57 kB │ gzip:  14.12 kB
dist/assets/planning-form-CMu6weqo.js                                        45.31 kB │ gzip:  12.42 kB
dist/assets/goods-issue-receipt-form-4V9ZFPeq.js                             46.02 kB │ gzip:  10.12 kB
dist/assets/goods-issue-receipt-request-form-CAxErc7G.js                     46.02 kB │ gzip:   9.95 kB
dist/assets/acceptance-minute-form-DfueTYEZ.js                               51.02 kB │ gzip:  11.51 kB
dist/assets/index-DexUY-Ha.js                                                51.39 kB │ gzip:  12.11 kB
dist/assets/index-Ba8MB5Zl.js                                                53.14 kB │ gzip:  14.76 kB
dist/assets/index-BGGf-m1a.js                                                54.76 kB │ gzip:  14.07 kB
dist/assets/index-BAikqGYD.js                                                55.28 kB │ gzip:  14.17 kB
dist/assets/index-BKH5YVXa.js                                                57.73 kB │ gzip:  15.81 kB
dist/assets/recruitment-request-form-DTACYqPl.js                             58.99 kB │ gzip:  13.67 kB
dist/assets/detail-R_lOAT8g.js                                               59.13 kB │ gzip:  16.29 kB
dist/assets/overtime-detail-columns-dljPinMs.js                              59.52 kB │ gzip:  15.44 kB
dist/assets/index-DuzcN7D8.js                                                64.01 kB │ gzip:  13.96 kB
dist/assets/customs-declaration-delivery-packaging-table-C7xCayd9.js         68.05 kB │ gzip:  13.67 kB
dist/assets/maintenance-order-detail-table-B-OV7saf.js                       70.65 kB │ gzip:  14.66 kB
dist/assets/estimate-history-tab-C4SFWBuG.js                                 71.84 kB │ gzip:  15.86 kB
dist/assets/detail-DPjE404f.js                                               72.32 kB │ gzip:  17.50 kB
dist/assets/detail-CG5i8S2w.js                                               87.77 kB │ gzip:  22.13 kB
dist/assets/detail-C03rzosi.js                                              100.18 kB │ gzip:  23.15 kB
dist/assets/finished-good-form-MsWPHd4D.js                                  103.24 kB │ gzip:  20.86 kB
dist/assets/production-order-form-BWqQwXNW.js                               143.46 kB │ gzip:  32.58 kB
dist/assets/index-jELj97PR.js                                               151.67 kB │ gzip:  31.31 kB
dist/assets/delivery-packaging-form-CItGwk26.js                             157.57 kB │ gzip:  35.35 kB
dist/assets/design-profile-sub-tabs-viewer-CsSf7Jxa.js                      159.33 kB │ gzip:  38.64 kB
dist/assets/client-Dp8LeqHA.js                                              180.77 kB │ gzip:  56.87 kB
dist/assets/installation-order-form-D5QUQVrh.js                             237.24 kB │ gzip:  48.88 kB
dist/assets/xlsx-CNerDvZX.js                                                429.19 kB │ gzip: 142.94 kB
dist/assets/index-DmTKUR_K.js                                               507.62 kB │ gzip: 129.83 kB
dist/assets/api-client-DnRb_cEu.js                                          846.02 kB │ gzip: 251.93 kB
dist/assets/xlsx.min-BfZgPKDO.js                                            870.00 kB │ gzip: 322.91 kB
dist/assets/App-0ZTO7Pda.js                                               3,159.51 kB │ gzip: 810.50 kB

(!) Some chunks are larger than 500 kB after minification. Consider:
- Using dynamic import() to code-split the application
- Use build.rollupOptions.output.manualChunks to improve chunking: https://rollupjs.org/configuration-options/#output-manualchunks
- Adjust chunk size limit for this warning via build.chunkSizeWarningLimit.
✓ built in 1m 1s
