
> cogain@1.0.0 bizdoc C:\Users\Admin\Desktop\CogainCore\cogain-core
> pnpm --filter @cogain/bizdoc "build"


> @cogain/bizdoc@0.0.0 build C:\Users\Admin\Desktop\CogainCore\cogain-core\frontend\bizdoc
> cross-env NODE_OPTIONS=--max-old-space-size=4096 tsc -b && cross-env NODE_OPTIONS=--max-old-space-size=4096 vite build

[dotenv@17.3.1] injecting env (8) from .env -- tip: ⚙️  enable debug logging with { debug: true }
Warning: Route file "C:/Users/Admin/Desktop/CogainCore/cogain-core/frontend/bizdoc/src/routes/_app/production-management/types.ts" does not export a Route. This file will not be included in the route tree.

If this file is not intended to be a route, you can exclude it using one of these options:
  1. Rename the file to "C:\Users\Admin\Desktop\CogainCore\cogain-core\frontend\bizdoc\src\routes\_app\production-management\-types.ts" (prefix with "-")
  2. Use 'routeFileIgnorePattern' in your config to match this file

Current configuration:
  routeFileIgnorePrefix: "-"
  routeFileIgnorePattern: undefined
Warning: Route file "C:/Users/Admin/Desktop/CogainCore/cogain-core/frontend/bizdoc/src/routes/_app/labor-order/_components/attachment-section.tsx" does not export a Route. This file will not be included in the route tree.

If this file is not intended to be a route, you can exclude it using one of these options:
  1. Rename the file to "C:\Users\Admin\Desktop\CogainCore\cogain-core\frontend\bizdoc\src\routes\_app\labor-order\_components\-attachment-section.tsx" (prefix with "-")
  2. Use 'routeFileIgnorePattern' in your config to match this file

Current configuration:
  routeFileIgnorePrefix: "-"
  routeFileIgnorePattern: undefined
Warning: Route file "C:/Users/Admin/Desktop/CogainCore/cogain-core/frontend/bizdoc/src/routes/_app/labor-order/_components/labor-order-detail-filter-form.tsx" does not export a Route. This file will not be included in the route tree.

If this file is not intended to be a route, you can exclude it using one of these options:
  1. Rename the file to "C:\Users\Admin\Desktop\CogainCore\cogain-core\frontend\bizdoc\src\routes\_app\labor-order\_components\-labor-order-detail-filter-form.tsx" (prefix with "-")
  2. Use 'routeFileIgnorePattern' in your config to match this file

Current configuration:
  routeFileIgnorePrefix: "-"
  routeFileIgnorePattern: undefined
Warning: Route file "C:/Users/Admin/Desktop/CogainCore/cogain-core/frontend/bizdoc/src/routes/_app/labor-order/_components/labor-order-detail-columns.tsx" does not export a Route. This file will not be included in the route tree.

If this file is not intended to be a route, you can exclude it using one of these options:
  1. Rename the file to "C:\Users\Admin\Desktop\CogainCore\cogain-core\frontend\bizdoc\src\routes\_app\labor-order\_components\-labor-order-detail-columns.tsx" (prefix with "-")
  2. Use 'routeFileIgnorePattern' in your config to match this file

Current configuration:
  routeFileIgnorePrefix: "-"
  routeFileIgnorePattern: undefined
Warning: Route file "C:/Users/Admin/Desktop/CogainCore/cogain-core/frontend/bizdoc/src/routes/_app/labor-order/_hooks/use-labor-order.tsx" does not export a Route. This file will not be included in the route tree.

If this file is not intended to be a route, you can exclude it using one of these options:
  1. Rename the file to "C:\Users\Admin\Desktop\CogainCore\cogain-core\frontend\bizdoc\src\routes\_app\labor-order\_hooks\-use-labor-order.tsx" (prefix with "-")
  2. Use 'routeFileIgnorePattern' in your config to match this file

Current configuration:
  routeFileIgnorePrefix: "-"
  routeFileIgnorePattern: undefined
Warning: Route file "C:/Users/Admin/Desktop/CogainCore/cogain-core/frontend/bizdoc/src/routes/_app/labor-order/_components/labor-order-detail-table.tsx" does not export a Route. This file will not be included in the route tree.

If this file is not intended to be a route, you can exclude it using one of these options:
  1. Rename the file to "C:\Users\Admin\Desktop\CogainCore\cogain-core\frontend\bizdoc\src\routes\_app\labor-order\_components\-labor-order-detail-table.tsx" (prefix with "-")
  2. Use 'routeFileIgnorePattern' in your config to match this file

Current configuration:
  routeFileIgnorePrefix: "-"
  routeFileIgnorePattern: undefined
Warning: Route file "C:/Users/Admin/Desktop/CogainCore/cogain-core/frontend/bizdoc/src/routes/_app/labor-order/_components/labor-order-form.tsx" does not export a Route. This file will not be included in the route tree.

If this file is not intended to be a route, you can exclude it using one of these options:
  1. Rename the file to "C:\Users\Admin\Desktop\CogainCore\cogain-core\frontend\bizdoc\src\routes\_app\labor-order\_components\-labor-order-form.tsx" (prefix with "-")
  2. Use 'routeFileIgnorePattern' in your config to match this file

Current configuration:
  routeFileIgnorePrefix: "-"
  routeFileIgnorePattern: undefined
Warning: Route file "C:/Users/Admin/Desktop/CogainCore/cogain-core/frontend/bizdoc/src/routes/_app/labor-order/_hooks/use-labor-order-detail-filters.ts" does not export a Route. This file will not be included in the route tree.

If this file is not intended to be a route, you can exclude it using one of these options:
  1. Rename the file to "C:\Users\Admin\Desktop\CogainCore\cogain-core\frontend\bizdoc\src\routes\_app\labor-order\_hooks\-use-labor-order-detail-filters.ts" (prefix with "-")
  2. Use 'routeFileIgnorePattern' in your config to match this file

Current configuration:
  routeFileIgnorePrefix: "-"
  routeFileIgnorePattern: undefined
Warning: Route file "C:/Users/Admin/Desktop/CogainCore/cogain-core/frontend/bizdoc/src/routes/_app/labor-order/_components/supervisor-approval-dialog.tsx" does not export a Route. This file will not be included in the route tree.

If this file is not intended to be a route, you can exclude it using one of these options:
  1. Rename the file to "C:\Users\Admin\Desktop\CogainCore\cogain-core\frontend\bizdoc\src\routes\_app\labor-order\_components\-supervisor-approval-dialog.tsx" (prefix with "-")
  2. Use 'routeFileIgnorePattern' in your config to match this file

Current configuration:
  routeFileIgnorePrefix: "-"
  routeFileIgnorePattern: undefined
Warning: Route file "C:/Users/Admin/Desktop/CogainCore/cogain-core/frontend/bizdoc/src/routes/_app/labor-order/_components/labor-order-filter-popover.tsx" does not export a Route. This file will not be included in the route tree.

If this file is not intended to be a route, you can exclude it using one of these options:
  1. Rename the file to "C:\Users\Admin\Desktop\CogainCore\cogain-core\frontend\bizdoc\src\routes\_app\labor-order\_components\-labor-order-filter-popover.tsx" (prefix with "-")
  2. Use 'routeFileIgnorePattern' in your config to match this file

Current configuration:
  routeFileIgnorePrefix: "-"
  routeFileIgnorePattern: undefined
Warning: Route file "C:/Users/Admin/Desktop/CogainCore/cogain-core/frontend/bizdoc/src/routes/_app/logistic/_shared/package-pagination.tsx" does not export a Route. This file will not be included in the route tree.

If this file is not intended to be a route, you can exclude it using one of these options:
  1. Rename the file to "C:\Users\Admin\Desktop\CogainCore\cogain-core\frontend\bizdoc\src\routes\_app\logistic\_shared\-package-pagination.tsx" (prefix with "-")
  2. Use 'routeFileIgnorePattern' in your config to match this file

Current configuration:
  routeFileIgnorePrefix: "-"
  routeFileIgnorePattern: undefined
Warning: Route file "C:/Users/Admin/Desktop/CogainCore/cogain-core/frontend/bizdoc/src/routes/_app/logistic/_shared/detail-filter-toolbar.tsx" does not export a Route. This file will not be included in the route tree.

If this file is not intended to be a route, you can exclude it using one of these options:
  1. Rename the file to "C:\Users\Admin\Desktop\CogainCore\cogain-core\frontend\bizdoc\src\routes\_app\logistic\_shared\-detail-filter-toolbar.tsx" (prefix with "-")
  2. Use 'routeFileIgnorePattern' in your config to match this file

Current configuration:
  routeFileIgnorePrefix: "-"
  routeFileIgnorePattern: undefined
Warning: Route file "C:/Users/Admin/Desktop/CogainCore/cogain-core/frontend/bizdoc/src/routes/_app/logistic/_shared/tooltip-header-cell.tsx" does not export a Route. This file will not be included in the route tree.

If this file is not intended to be a route, you can exclude it using one of these options:
  1. Rename the file to "C:\Users\Admin\Desktop\CogainCore\cogain-core\frontend\bizdoc\src\routes\_app\logistic\_shared\-tooltip-header-cell.tsx" (prefix with "-")
  2. Use 'routeFileIgnorePattern' in your config to match this file

Current configuration:
  routeFileIgnorePrefix: "-"
  routeFileIgnorePattern: undefined
Warning: Route file "C:/Users/Admin/Desktop/CogainCore/cogain-core/frontend/bizdoc/src/routes/_app/admin/acceptance-minute-access/_components/acceptance-minute-access-form.tsx" does not export a Route. This file will not be included in the route tree.

If this file is not intended to be a route, you can exclude it using one of these options:
  1. Rename the file to "C:\Users\Admin\Desktop\CogainCore\cogain-core\frontend\bizdoc\src\routes\_app\admin\acceptance-minute-access\_components\-acceptance-minute-access-form.tsx" (prefix with "-")
  2. Use 'routeFileIgnorePattern' in your config to match this file

Current configuration:
  routeFileIgnorePrefix: "-"
  routeFileIgnorePattern: undefined
Warning: Route file "C:/Users/Admin/Desktop/CogainCore/cogain-core/frontend/bizdoc/src/routes/_app/admin/acceptance-minute-access/_hooks/use-acceptance-minute-access.tsx" does not export a Route. This file will not be included in the route tree.

If this file is not intended to be a route, you can exclude it using one of these options:
  1. Rename the file to "C:\Users\Admin\Desktop\CogainCore\cogain-core\frontend\bizdoc\src\routes\_app\admin\acceptance-minute-access\_hooks\-use-acceptance-minute-access.tsx" (prefix with "-")
  2. Use 'routeFileIgnorePattern' in your config to match this file

Current configuration:
  routeFileIgnorePrefix: "-"
  routeFileIgnorePattern: undefined
Warning: Route file "C:/Users/Admin/Desktop/CogainCore/cogain-core/frontend/bizdoc/src/routes/_app/admin/business-process-group/_hooks/use-business-process-group.tsx" does not export a Route. This file will not be included in the route tree.

If this file is not intended to be a route, you can exclude it using one of these options:
  1. Rename the file to "C:\Users\Admin\Desktop\CogainCore\cogain-core\frontend\bizdoc\src\routes\_app\admin\business-process-group\_hooks\-use-business-process-group.tsx" (prefix with "-")
  2. Use 'routeFileIgnorePattern' in your config to match this file

Current configuration:
  routeFileIgnorePrefix: "-"
  routeFileIgnorePattern: undefined
Warning: Route file "C:/Users/Admin/Desktop/CogainCore/cogain-core/frontend/bizdoc/src/routes/_app/admin/business-process/_hooks/use-business-process.tsx" does not export a Route. This file will not be included in the route tree.

If this file is not intended to be a route, you can exclude it using one of these options:
  1. Rename the file to "C:\Users\Admin\Desktop\CogainCore\cogain-core\frontend\bizdoc\src\routes\_app\admin\business-process\_hooks\-use-business-process.tsx" (prefix with "-")
  2. Use 'routeFileIgnorePattern' in your config to match this file

Current configuration:
  routeFileIgnorePrefix: "-"
  routeFileIgnorePattern: undefined
Warning: Route file "C:/Users/Admin/Desktop/CogainCore/cogain-core/frontend/bizdoc/src/routes/_app/admin/code-generation-rule/_components/code-generation-rule-form.tsx" does not export a Route. This file will not be included in the route tree.

If this file is not intended to be a route, you can exclude it using one of these options:
  1. Rename the file to "C:\Users\Admin\Desktop\CogainCore\cogain-core\frontend\bizdoc\src\routes\_app\admin\code-generation-rule\_components\-code-generation-rule-form.tsx" (prefix with "-")
  2. Use 'routeFileIgnorePattern' in your config to match this file

Current configuration:
  routeFileIgnorePrefix: "-"
  routeFileIgnorePattern: undefined
Warning: Route file "C:/Users/Admin/Desktop/CogainCore/cogain-core/frontend/bizdoc/src/routes/_app/admin/code-generation-rule/_hooks/use-code-generation-rule.tsx" does not export a Route. This file will not be included in the route tree.

If this file is not intended to be a route, you can exclude it using one of these options:
  1. Rename the file to "C:\Users\Admin\Desktop\CogainCore\cogain-core\frontend\bizdoc\src\routes\_app\admin\code-generation-rule\_hooks\-use-code-generation-rule.tsx" (prefix with "-")
  2. Use 'routeFileIgnorePattern' in your config to match this file

Current configuration:
  routeFileIgnorePrefix: "-"
  routeFileIgnorePattern: undefined
Warning: Route file "C:/Users/Admin/Desktop/CogainCore/cogain-core/frontend/bizdoc/src/routes/_app/admin/business-process-type/_hooks/use-business-process-type.tsx" does not export a Route. This file will not be included in the route tree.

If this file is not intended to be a route, you can exclude it using one of these options:
  1. Rename the file to "C:\Users\Admin\Desktop\CogainCore\cogain-core\frontend\bizdoc\src\routes\_app\admin\business-process-type\_hooks\-use-business-process-type.tsx" (prefix with "-")
  2. Use 'routeFileIgnorePattern' in your config to match this file

Current configuration:
  routeFileIgnorePrefix: "-"
  routeFileIgnorePattern: undefined
Warning: Route file "C:/Users/Admin/Desktop/CogainCore/cogain-core/frontend/bizdoc/src/routes/_app/admin/day-session/_hooks/use-day-session.tsx" does not export a Route. This file will not be included in the route tree.

If this file is not intended to be a route, you can exclude it using one of these options:
  1. Rename the file to "C:\Users\Admin\Desktop\CogainCore\cogain-core\frontend\bizdoc\src\routes\_app\admin\day-session\_hooks\-use-day-session.tsx" (prefix with "-")
  2. Use 'routeFileIgnorePattern' in your config to match this file

Current configuration:
  routeFileIgnorePrefix: "-"
  routeFileIgnorePattern: undefined
Warning: Route file "C:/Users/Admin/Desktop/CogainCore/cogain-core/frontend/bizdoc/src/routes/_app/admin/kpi-template/_components/kpi-template-table-view.tsx" does not export a Route. This file will not be included in the route tree.

If this file is not intended to be a route, you can exclude it using one of these options:
  1. Rename the file to "C:\Users\Admin\Desktop\CogainCore\cogain-core\frontend\bizdoc\src\routes\_app\admin\kpi-template\_components\-kpi-template-table-view.tsx" (prefix with "-")
  2. Use 'routeFileIgnorePattern' in your config to match this file

Current configuration:
  routeFileIgnorePrefix: "-"
  routeFileIgnorePattern: undefined
Warning: Route file "C:/Users/Admin/Desktop/CogainCore/cogain-core/frontend/bizdoc/src/routes/_app/admin/goods-transaction-purpose/_hooks/use-goods-transaction-purpose.tsx" does not export a Route. This file will not be included in the route tree.

If this file is not intended to be a route, you can exclude it using one of these options:
  1. Rename the file to "C:\Users\Admin\Desktop\CogainCore\cogain-core\frontend\bizdoc\src\routes\_app\admin\goods-transaction-purpose\_hooks\-use-goods-transaction-purpose.tsx" (prefix with "-")
  2. Use 'routeFileIgnorePattern' in your config to match this file

Current configuration:
  routeFileIgnorePrefix: "-"
  routeFileIgnorePattern: undefined
Warning: Route file "C:/Users/Admin/Desktop/CogainCore/cogain-core/frontend/bizdoc/src/routes/_app/admin/kpi-template/_components/kpi-template-form.tsx" does not export a Route. This file will not be included in the route tree.

If this file is not intended to be a route, you can exclude it using one of these options:
  1. Rename the file to "C:\Users\Admin\Desktop\CogainCore\cogain-core\frontend\bizdoc\src\routes\_app\admin\kpi-template\_components\-kpi-template-form.tsx" (prefix with "-")
  2. Use 'routeFileIgnorePattern' in your config to match this file

Current configuration:
  routeFileIgnorePrefix: "-"
  routeFileIgnorePattern: undefined
Warning: Route file "C:/Users/Admin/Desktop/CogainCore/cogain-core/frontend/bizdoc/src/routes/_app/admin/kpi-template/_hooks/use-kpi-template.tsx" does not export a Route. This file will not be included in the route tree.

If this file is not intended to be a route, you can exclude it using one of these options:
  1. Rename the file to "C:\Users\Admin\Desktop\CogainCore\cogain-core\frontend\bizdoc\src\routes\_app\admin\kpi-template\_hooks\-use-kpi-template.tsx" (prefix with "-")
  2. Use 'routeFileIgnorePattern' in your config to match this file

Current configuration:
  routeFileIgnorePrefix: "-"
  routeFileIgnorePattern: undefined
Warning: Route file "C:/Users/Admin/Desktop/CogainCore/cogain-core/frontend/bizdoc/src/routes/_app/admin/leave-type/_hooks/use-leave-type.tsx" does not export a Route. This file will not be included in the route tree.

If this file is not intended to be a route, you can exclude it using one of these options:
  1. Rename the file to "C:\Users\Admin\Desktop\CogainCore\cogain-core\frontend\bizdoc\src\routes\_app\admin\leave-type\_hooks\-use-leave-type.tsx" (prefix with "-")
  2. Use 'routeFileIgnorePattern' in your config to match this file

Current configuration:
  routeFileIgnorePrefix: "-"
  routeFileIgnorePattern: undefined
Warning: Route file "C:/Users/Admin/Desktop/CogainCore/cogain-core/frontend/bizdoc/src/routes/_app/admin/packing-codes/_hooks/use-packing-codes.tsx" does not export a Route. This file will not be included in the route tree.

If this file is not intended to be a route, you can exclude it using one of these options:
  1. Rename the file to "C:\Users\Admin\Desktop\CogainCore\cogain-core\frontend\bizdoc\src\routes\_app\admin\packing-codes\_hooks\-use-packing-codes.tsx" (prefix with "-")
  2. Use 'routeFileIgnorePattern' in your config to match this file

Current configuration:
  routeFileIgnorePrefix: "-"
  routeFileIgnorePattern: undefined
Warning: Route file "C:/Users/Admin/Desktop/CogainCore/cogain-core/frontend/bizdoc/src/routes/_app/admin/packing-codes/_components/packing-codes-form.tsx" does not export a Route. This file will not be included in the route tree.

If this file is not intended to be a route, you can exclude it using one of these options:
  1. Rename the file to "C:\Users\Admin\Desktop\CogainCore\cogain-core\frontend\bizdoc\src\routes\_app\admin\packing-codes\_components\-packing-codes-form.tsx" (prefix with "-")
  2. Use 'routeFileIgnorePattern' in your config to match this file

Current configuration:
  routeFileIgnorePrefix: "-"
  routeFileIgnorePattern: undefined
Warning: Route file "C:/Users/Admin/Desktop/CogainCore/cogain-core/frontend/bizdoc/src/routes/_app/admin/production-line/_hooks/use-production-line.tsx" does not export a Route. This file will not be included in the route tree.

If this file is not intended to be a route, you can exclude it using one of these options:
  1. Rename the file to "C:\Users\Admin\Desktop\CogainCore\cogain-core\frontend\bizdoc\src\routes\_app\admin\production-line\_hooks\-use-production-line.tsx" (prefix with "-")
  2. Use 'routeFileIgnorePattern' in your config to match this file

Current configuration:
  routeFileIgnorePrefix: "-"
  routeFileIgnorePattern: undefined
Warning: Route file "C:/Users/Admin/Desktop/CogainCore/cogain-core/frontend/bizdoc/src/routes/_app/admin/production-standard/_components/production-standard-form.tsx" does not export a Route. This file will not be included in the route tree.

If this file is not intended to be a route, you can exclude it using one of these options:
  1. Rename the file to "C:\Users\Admin\Desktop\CogainCore\cogain-core\frontend\bizdoc\src\routes\_app\admin\production-standard\_components\-production-standard-form.tsx" (prefix with "-")
  2. Use 'routeFileIgnorePattern' in your config to match this file

Current configuration:
  routeFileIgnorePrefix: "-"
  routeFileIgnorePattern: undefined
Warning: Route file "C:/Users/Admin/Desktop/CogainCore/cogain-core/frontend/bizdoc/src/routes/_app/admin/production-cost/_hooks/use-production-cost.tsx" does not export a Route. This file will not be included in the route tree.

If this file is not intended to be a route, you can exclude it using one of these options:
  1. Rename the file to "C:\Users\Admin\Desktop\CogainCore\cogain-core\frontend\bizdoc\src\routes\_app\admin\production-cost\_hooks\-use-production-cost.tsx" (prefix with "-")
  2. Use 'routeFileIgnorePattern' in your config to match this file

Current configuration:
  routeFileIgnorePrefix: "-"
  routeFileIgnorePattern: undefined
Warning: Route file "C:/Users/Admin/Desktop/CogainCore/cogain-core/frontend/bizdoc/src/routes/_app/admin/production-operation/_components/production-operation-form.tsx" does not export a Route. This file will not be included in the route tree.

If this file is not intended to be a route, you can exclude it using one of these options:
  1. Rename the file to "C:\Users\Admin\Desktop\CogainCore\cogain-core\frontend\bizdoc\src\routes\_app\admin\production-operation\_components\-production-operation-form.tsx" (prefix with "-")
  2. Use 'routeFileIgnorePattern' in your config to match this file

Current configuration:
  routeFileIgnorePrefix: "-"
  routeFileIgnorePattern: undefined
Warning: Route file "C:/Users/Admin/Desktop/CogainCore/cogain-core/frontend/bizdoc/src/routes/_app/admin/production-operation/_hooks/use-production-operation.tsx" does not export a Route. This file will not be included in the route tree.

If this file is not intended to be a route, you can exclude it using one of these options:
  1. Rename the file to "C:\Users\Admin\Desktop\CogainCore\cogain-core\frontend\bizdoc\src\routes\_app\admin\production-operation\_hooks\-use-production-operation.tsx" (prefix with "-")
  2. Use 'routeFileIgnorePattern' in your config to match this file

Current configuration:
  routeFileIgnorePrefix: "-"
  routeFileIgnorePattern: undefined
Warning: Route file "C:/Users/Admin/Desktop/CogainCore/cogain-core/frontend/bizdoc/src/routes/_app/admin/production-team-evaluation/_components/production-team-evaluation-form.tsx" does not export a Route. This file will not be included in the route tree.

If this file is not intended to be a route, you can exclude it using one of these options:
  1. Rename the file to "C:\Users\Admin\Desktop\CogainCore\cogain-core\frontend\bizdoc\src\routes\_app\admin\production-team-evaluation\_components\-production-team-evaluation-form.tsx" (prefix with "-")
  2. Use 'routeFileIgnorePattern' in your config to match this file

Current configuration:
  routeFileIgnorePrefix: "-"
  routeFileIgnorePattern: undefined
Warning: Route file "C:/Users/Admin/Desktop/CogainCore/cogain-core/frontend/bizdoc/src/routes/_app/admin/production-standard/_hooks/use-production-standard.tsx" does not export a Route. This file will not be included in the route tree.

If this file is not intended to be a route, you can exclude it using one of these options:
  1. Rename the file to "C:\Users\Admin\Desktop\CogainCore\cogain-core\frontend\bizdoc\src\routes\_app\admin\production-standard\_hooks\-use-production-standard.tsx" (prefix with "-")
  2. Use 'routeFileIgnorePattern' in your config to match this file

Current configuration:
  routeFileIgnorePrefix: "-"
  routeFileIgnorePattern: undefined
Warning: Route file "C:/Users/Admin/Desktop/CogainCore/cogain-core/frontend/bizdoc/src/routes/_app/admin/production-team-evaluation/_hooks/use-production-team-evaluation.tsx" does not export a Route. This file will not be included in the route tree.

If this file is not intended to be a route, you can exclude it using one of these options:
  1. Rename the file to "C:\Users\Admin\Desktop\CogainCore\cogain-core\frontend\bizdoc\src\routes\_app\admin\production-team-evaluation\_hooks\-use-production-team-evaluation.tsx" (prefix with "-")
  2. Use 'routeFileIgnorePattern' in your config to match this file

Current configuration:
  routeFileIgnorePrefix: "-"
  routeFileIgnorePattern: undefined
Warning: Route file "C:/Users/Admin/Desktop/CogainCore/cogain-core/frontend/bizdoc/src/routes/_app/admin/production-team-access/_hooks/use-production-team-access.tsx" does not export a Route. This file will not be included in the route tree.

If this file is not intended to be a route, you can exclude it using one of these options:
  1. Rename the file to "C:\Users\Admin\Desktop\CogainCore\cogain-core\frontend\bizdoc\src\routes\_app\admin\production-team-access\_hooks\-use-production-team-access.tsx" (prefix with "-")
  2. Use 'routeFileIgnorePattern' in your config to match this file

Current configuration:
  routeFileIgnorePrefix: "-"
  routeFileIgnorePattern: undefined
Warning: Route file "C:/Users/Admin/Desktop/CogainCore/cogain-core/frontend/bizdoc/src/routes/_app/admin/production-team-access/_components/production-unit-viewer.tsx" does not export a Route. This file will not be included in the route tree.

If this file is not intended to be a route, you can exclude it using one of these options:
  1. Rename the file to "C:\Users\Admin\Desktop\CogainCore\cogain-core\frontend\bizdoc\src\routes\_app\admin\production-team-access\_components\-production-unit-viewer.tsx" (prefix with "-")
  2. Use 'routeFileIgnorePattern' in your config to match this file

Current configuration:
  routeFileIgnorePrefix: "-"
  routeFileIgnorePattern: undefined
Warning: Route file "C:/Users/Admin/Desktop/CogainCore/cogain-core/frontend/bizdoc/src/routes/_app/admin/work-item-process/_components/step-action-list.tsx" does not export a Route. This file will not be included in the route tree.

If this file is not intended to be a route, you can exclude it using one of these options:
  1. Rename the file to "C:\Users\Admin\Desktop\CogainCore\cogain-core\frontend\bizdoc\src\routes\_app\admin\work-item-process\_components\-step-action-list.tsx" (prefix with "-")
  2. Use 'routeFileIgnorePattern' in your config to match this file

Current configuration:
  routeFileIgnorePrefix: "-"
  routeFileIgnorePattern: undefined
Warning: Route file "C:/Users/Admin/Desktop/CogainCore/cogain-core/frontend/bizdoc/src/routes/_app/admin/work-item-process/_components/step-list.tsx" does not export a Route. This file will not be included in the route tree.

If this file is not intended to be a route, you can exclude it using one of these options:
  1. Rename the file to "C:\Users\Admin\Desktop\CogainCore\cogain-core\frontend\bizdoc\src\routes\_app\admin\work-item-process\_components\-step-list.tsx" (prefix with "-")
  2. Use 'routeFileIgnorePattern' in your config to match this file

Current configuration:
  routeFileIgnorePrefix: "-"
  routeFileIgnorePattern: undefined
Warning: Route file "C:/Users/Admin/Desktop/CogainCore/cogain-core/frontend/bizdoc/src/routes/_app/admin/work-item-process/_components/step-section.tsx" does not export a Route. This file will not be included in the route tree.

If this file is not intended to be a route, you can exclude it using one of these options:
  1. Rename the file to "C:\Users\Admin\Desktop\CogainCore\cogain-core\frontend\bizdoc\src\routes\_app\admin\work-item-process\_components\-step-section.tsx" (prefix with "-")
  2. Use 'routeFileIgnorePattern' in your config to match this file

Current configuration:
  routeFileIgnorePrefix: "-"
  routeFileIgnorePattern: undefined
Warning: Route file "C:/Users/Admin/Desktop/CogainCore/cogain-core/frontend/bizdoc/src/routes/_app/admin/production-unit/_hooks/use-production-unit.tsx" does not export a Route. This file will not be included in the route tree.

If this file is not intended to be a route, you can exclude it using one of these options:
  1. Rename the file to "C:\Users\Admin\Desktop\CogainCore\cogain-core\frontend\bizdoc\src\routes\_app\admin\production-unit\_hooks\-use-production-unit.tsx" (prefix with "-")
  2. Use 'routeFileIgnorePattern' in your config to match this file

Current configuration:
  routeFileIgnorePrefix: "-"
  routeFileIgnorePattern: undefined
Warning: Route file "C:/Users/Admin/Desktop/CogainCore/cogain-core/frontend/bizdoc/src/routes/_app/admin/work-item-process/_hooks/use-work-item-process.tsx" does not export a Route. This file will not be included in the route tree.

If this file is not intended to be a route, you can exclude it using one of these options:
  1. Rename the file to "C:\Users\Admin\Desktop\CogainCore\cogain-core\frontend\bizdoc\src\routes\_app\admin\work-item-process\_hooks\-use-work-item-process.tsx" (prefix with "-")
  2. Use 'routeFileIgnorePattern' in your config to match this file

Current configuration:
  routeFileIgnorePrefix: "-"
  routeFileIgnorePattern: undefined
Warning: Route file "C:/Users/Admin/Desktop/CogainCore/cogain-core/frontend/bizdoc/src/routes/_app/admin/work-item-process/_components/step-preview.tsx" does not export a Route. This file will not be included in the route tree.

If this file is not intended to be a route, you can exclude it using one of these options:
  1. Rename the file to "C:\Users\Admin\Desktop\CogainCore\cogain-core\frontend\bizdoc\src\routes\_app\admin\work-item-process\_components\-step-preview.tsx" (prefix with "-")
  2. Use 'routeFileIgnorePattern' in your config to match this file

Current configuration:
  routeFileIgnorePrefix: "-"
  routeFileIgnorePattern: undefined
Warning: Route file "C:/Users/Admin/Desktop/CogainCore/cogain-core/frontend/bizdoc/src/routes/_app/admin/work-item-process/_components/step-detail.tsx" does not export a Route. This file will not be included in the route tree.

If this file is not intended to be a route, you can exclude it using one of these options:
  1. Rename the file to "C:\Users\Admin\Desktop\CogainCore\cogain-core\frontend\bizdoc\src\routes\_app\admin\work-item-process\_components\-step-detail.tsx" (prefix with "-")
  2. Use 'routeFileIgnorePattern' in your config to match this file

Current configuration:
  routeFileIgnorePrefix: "-"
  routeFileIgnorePattern: undefined
Warning: Route file "C:/Users/Admin/Desktop/CogainCore/cogain-core/frontend/bizdoc/src/routes/_app/admin/work-item-process/_components/work-item-process-form.tsx" does not export a Route. This file will not be included in the route tree.

If this file is not intended to be a route, you can exclude it using one of these options:
  1. Rename the file to "C:\Users\Admin\Desktop\CogainCore\cogain-core\frontend\bizdoc\src\routes\_app\admin\work-item-process\_components\-work-item-process-form.tsx" (prefix with "-")
  2. Use 'routeFileIgnorePattern' in your config to match this file

Current configuration:
  routeFileIgnorePrefix: "-"
  routeFileIgnorePattern: undefined
Warning: Route file "C:/Users/Admin/Desktop/CogainCore/cogain-core/frontend/bizdoc/src/routes/_app/attendance/leave-ticket/_components/leave-balance-card.tsx" does not export a Route. This file will not be included in the route tree.

If this file is not intended to be a route, you can exclude it using one of these options:
  1. Rename the file to "C:\Users\Admin\Desktop\CogainCore\cogain-core\frontend\bizdoc\src\routes\_app\attendance\leave-ticket\_components\-leave-balance-card.tsx" (prefix with "-")
  2. Use 'routeFileIgnorePattern' in your config to match this file

Current configuration:
  routeFileIgnorePrefix: "-"
  routeFileIgnorePattern: undefined
Warning: Route file "C:/Users/Admin/Desktop/CogainCore/cogain-core/frontend/bizdoc/src/routes/_app/attendance/leave-ticket/_components/attachment-section.tsx" does not export a Route. This file will not be included in the route tree.

If this file is not intended to be a route, you can exclude it using one of these options:
  1. Rename the file to "C:\Users\Admin\Desktop\CogainCore\cogain-core\frontend\bizdoc\src\routes\_app\attendance\leave-ticket\_components\-attachment-section.tsx" (prefix with "-")
  2. Use 'routeFileIgnorePattern' in your config to match this file

Current configuration:
  routeFileIgnorePrefix: "-"
  routeFileIgnorePattern: undefined
Warning: Route file "C:/Users/Admin/Desktop/CogainCore/cogain-core/frontend/bizdoc/src/routes/_app/attendance/leave-ticket/_components/leave-ticket-detail-table.tsx" does not export a Route. This file will not be included in the route tree.

If this file is not intended to be a route, you can exclude it using one of these options:
  1. Rename the file to "C:\Users\Admin\Desktop\CogainCore\cogain-core\frontend\bizdoc\src\routes\_app\attendance\leave-ticket\_components\-leave-ticket-detail-table.tsx" (prefix with "-")
  2. Use 'routeFileIgnorePattern' in your config to match this file

Current configuration:
  routeFileIgnorePrefix: "-"
  routeFileIgnorePattern: undefined
Warning: Route file "C:/Users/Admin/Desktop/CogainCore/cogain-core/frontend/bizdoc/src/routes/_app/attendance/leave-ticket/_components/leave-calendar.tsx" does not export a Route. This file will not be included in the route tree.

If this file is not intended to be a route, you can exclude it using one of these options:
  1. Rename the file to "C:\Users\Admin\Desktop\CogainCore\cogain-core\frontend\bizdoc\src\routes\_app\attendance\leave-ticket\_components\-leave-calendar.tsx" (prefix with "-")
  2. Use 'routeFileIgnorePattern' in your config to match this file

Current configuration:
  routeFileIgnorePrefix: "-"
  routeFileIgnorePattern: undefined
Warning: Route file "C:/Users/Admin/Desktop/CogainCore/cogain-core/frontend/bizdoc/src/routes/_app/attendance/leave-ticket/_components/leave-ticket-form.tsx" does not export a Route. This file will not be included in the route tree.

If this file is not intended to be a route, you can exclude it using one of these options:
  1. Rename the file to "C:\Users\Admin\Desktop\CogainCore\cogain-core\frontend\bizdoc\src\routes\_app\attendance\leave-ticket\_components\-leave-ticket-form.tsx" (prefix with "-")
  2. Use 'routeFileIgnorePattern' in your config to match this file

Current configuration:
  routeFileIgnorePrefix: "-"
  routeFileIgnorePattern: undefined
Warning: Route file "C:/Users/Admin/Desktop/CogainCore/cogain-core/frontend/bizdoc/src/routes/_app/attendance/leave-ticket/_components/leave-ticket-list.tsx" does not export a Route. This file will not be included in the route tree.

If this file is not intended to be a route, you can exclude it using one of these options:
  1. Rename the file to "C:\Users\Admin\Desktop\CogainCore\cogain-core\frontend\bizdoc\src\routes\_app\attendance\leave-ticket\_components\-leave-ticket-list.tsx" (prefix with "-")
  2. Use 'routeFileIgnorePattern' in your config to match this file

Current configuration:
  routeFileIgnorePrefix: "-"
  routeFileIgnorePattern: undefined
Warning: Route file "C:/Users/Admin/Desktop/CogainCore/cogain-core/frontend/bizdoc/src/routes/_app/attendance/leave-ticket/_components/stat-card.tsx" does not export a Route. This file will not be included in the route tree.

If this file is not intended to be a route, you can exclude it using one of these options:
  1. Rename the file to "C:\Users\Admin\Desktop\CogainCore\cogain-core\frontend\bizdoc\src\routes\_app\attendance\leave-ticket\_components\-stat-card.tsx" (prefix with "-")
  2. Use 'routeFileIgnorePattern' in your config to match this file

Current configuration:
  routeFileIgnorePrefix: "-"
  routeFileIgnorePattern: undefined
Warning: Route file "C:/Users/Admin/Desktop/CogainCore/cogain-core/frontend/bizdoc/src/routes/_app/attendance/leave-ticket/_hooks/use-leave-ticket.tsx" does not export a Route. This file will not be included in the route tree.

If this file is not intended to be a route, you can exclude it using one of these options:
  1. Rename the file to "C:\Users\Admin\Desktop\CogainCore\cogain-core\frontend\bizdoc\src\routes\_app\attendance\leave-ticket\_hooks\-use-leave-ticket.tsx" (prefix with "-")
  2. Use 'routeFileIgnorePattern' in your config to match this file

Current configuration:
  routeFileIgnorePrefix: "-"
  routeFileIgnorePattern: undefined
Warning: Route file "C:/Users/Admin/Desktop/CogainCore/cogain-core/frontend/bizdoc/src/routes/_app/attendance/leave-ticket/_hooks/use-leave-carry-forward.ts" does not export a Route. This file will not be included in the route tree.

If this file is not intended to be a route, you can exclude it using one of these options:
  1. Rename the file to "C:\Users\Admin\Desktop\CogainCore\cogain-core\frontend\bizdoc\src\routes\_app\attendance\leave-ticket\_hooks\-use-leave-carry-forward.ts" (prefix with "-")
  2. Use 'routeFileIgnorePattern' in your config to match this file

Current configuration:
  routeFileIgnorePrefix: "-"
  routeFileIgnorePattern: undefined
Warning: Route file "C:/Users/Admin/Desktop/CogainCore/cogain-core/frontend/bizdoc/src/routes/_app/attendance/leave-ticket/_hooks/use-annual-leave.ts" does not export a Route. This file will not be included in the route tree.

If this file is not intended to be a route, you can exclude it using one of these options:
  1. Rename the file to "C:\Users\Admin\Desktop\CogainCore\cogain-core\frontend\bizdoc\src\routes\_app\attendance\leave-ticket\_hooks\-use-annual-leave.ts" (prefix with "-")
  2. Use 'routeFileIgnorePattern' in your config to match this file

Current configuration:
  routeFileIgnorePrefix: "-"
  routeFileIgnorePattern: undefined
Warning: Route file "C:/Users/Admin/Desktop/CogainCore/cogain-core/frontend/bizdoc/src/routes/_app/business-document/advance-settlement/_hooks/use-advance-settlement.tsx" does not export a Route. This file will not be included in the route tree.

If this file is not intended to be a route, you can exclude it using one of these options:
  1. Rename the file to "C:\Users\Admin\Desktop\CogainCore\cogain-core\frontend\bizdoc\src\routes\_app\business-document\advance-settlement\_hooks\-use-advance-settlement.tsx" (prefix with "-")
  2. Use 'routeFileIgnorePattern' in your config to match this file

Current configuration:
  routeFileIgnorePrefix: "-"
  routeFileIgnorePattern: undefined
Warning: Route file "C:/Users/Admin/Desktop/CogainCore/cogain-core/frontend/bizdoc/src/routes/_app/business-document/advance-settlement/_components/advance-settlement-form.tsx" does not export a Route. This file will not be included in the route tree.

If this file is not intended to be a route, you can exclude it using one of these options:
  1. Rename the file to "C:\Users\Admin\Desktop\CogainCore\cogain-core\frontend\bizdoc\src\routes\_app\business-document\advance-settlement\_components\-advance-settlement-form.tsx" (prefix with "-")
  2. Use 'routeFileIgnorePattern' in your config to match this file

Current configuration:
  routeFileIgnorePrefix: "-"
  routeFileIgnorePattern: undefined
Warning: Route file "C:/Users/Admin/Desktop/CogainCore/cogain-core/frontend/bizdoc/src/routes/_app/business-document/payment-request/_hooks/use-payment-request.tsx" does not export a Route. This file will not be included in the route tree.

If this file is not intended to be a route, you can exclude it using one of these options:
  1. Rename the file to "C:\Users\Admin\Desktop\CogainCore\cogain-core\frontend\bizdoc\src\routes\_app\business-document\payment-request\_hooks\-use-payment-request.tsx" (prefix with "-")
  2. Use 'routeFileIgnorePattern' in your config to match this file

Current configuration:
  routeFileIgnorePrefix: "-"
  routeFileIgnorePattern: undefined
Warning: Route file "C:/Users/Admin/Desktop/CogainCore/cogain-core/frontend/bizdoc/src/routes/_app/business-document/payment-request/_components/payment-request-form.tsx" does not export a Route. This file will not be included in the route tree.

If this file is not intended to be a route, you can exclude it using one of these options:
  1. Rename the file to "C:\Users\Admin\Desktop\CogainCore\cogain-core\frontend\bizdoc\src\routes\_app\business-document\payment-request\_components\-payment-request-form.tsx" (prefix with "-")
  2. Use 'routeFileIgnorePattern' in your config to match this file

Current configuration:
  routeFileIgnorePrefix: "-"
  routeFileIgnorePattern: undefined
Warning: Route file "C:/Users/Admin/Desktop/CogainCore/cogain-core/frontend/bizdoc/src/routes/_app/business-document/payment-voucher/_hooks/use-payment-voucher.tsx" does not export a Route. This file will not be included in the route tree.

If this file is not intended to be a route, you can exclude it using one of these options:
  1. Rename the file to "C:\Users\Admin\Desktop\CogainCore\cogain-core\frontend\bizdoc\src\routes\_app\business-document\payment-voucher\_hooks\-use-payment-voucher.tsx" (prefix with "-")
  2. Use 'routeFileIgnorePattern' in your config to match this file

Current configuration:
  routeFileIgnorePrefix: "-"
  routeFileIgnorePattern: undefined
Warning: Route file "C:/Users/Admin/Desktop/CogainCore/cogain-core/frontend/bizdoc/src/routes/_app/business-document/receipt-request/_components/receipt-request-form.tsx" does not export a Route. This file will not be included in the route tree.

If this file is not intended to be a route, you can exclude it using one of these options:
  1. Rename the file to "C:\Users\Admin\Desktop\CogainCore\cogain-core\frontend\bizdoc\src\routes\_app\business-document\receipt-request\_components\-receipt-request-form.tsx" (prefix with "-")
  2. Use 'routeFileIgnorePattern' in your config to match this file

Current configuration:
  routeFileIgnorePrefix: "-"
  routeFileIgnorePattern: undefined
Warning: Route file "C:/Users/Admin/Desktop/CogainCore/cogain-core/frontend/bizdoc/src/routes/_app/business-document/payment-voucher/_components/payment-voucher-form.tsx" does not export a Route. This file will not be included in the route tree.

If this file is not intended to be a route, you can exclude it using one of these options:
  1. Rename the file to "C:\Users\Admin\Desktop\CogainCore\cogain-core\frontend\bizdoc\src\routes\_app\business-document\payment-voucher\_components\-payment-voucher-form.tsx" (prefix with "-")
  2. Use 'routeFileIgnorePattern' in your config to match this file

Current configuration:
  routeFileIgnorePrefix: "-"
  routeFileIgnorePattern: undefined
Warning: Route file "C:/Users/Admin/Desktop/CogainCore/cogain-core/frontend/bizdoc/src/routes/_app/business-document/receipt-voucher/_hooks/use-receipt-voucher.tsx" does not export a Route. This file will not be included in the route tree.

If this file is not intended to be a route, you can exclude it using one of these options:
  1. Rename the file to "C:\Users\Admin\Desktop\CogainCore\cogain-core\frontend\bizdoc\src\routes\_app\business-document\receipt-voucher\_hooks\-use-receipt-voucher.tsx" (prefix with "-")
  2. Use 'routeFileIgnorePattern' in your config to match this file

Current configuration:
  routeFileIgnorePrefix: "-"
  routeFileIgnorePattern: undefined
Warning: Route file "C:/Users/Admin/Desktop/CogainCore/cogain-core/frontend/bizdoc/src/routes/_app/business-document/receipt-voucher/_components/receipt-voucher-form.tsx" does not export a Route. This file will not be included in the route tree.

If this file is not intended to be a route, you can exclude it using one of these options:
  1. Rename the file to "C:\Users\Admin\Desktop\CogainCore\cogain-core\frontend\bizdoc\src\routes\_app\business-document\receipt-voucher\_components\-receipt-voucher-form.tsx" (prefix with "-")
  2. Use 'routeFileIgnorePattern' in your config to match this file

Current configuration:
  routeFileIgnorePrefix: "-"
  routeFileIgnorePattern: undefined
Warning: Route file "C:/Users/Admin/Desktop/CogainCore/cogain-core/frontend/bizdoc/src/routes/_app/business-document/receipt-request/_hooks/use-receipt-request.tsx" does not export a Route. This file will not be included in the route tree.

If this file is not intended to be a route, you can exclude it using one of these options:
  1. Rename the file to "C:\Users\Admin\Desktop\CogainCore\cogain-core\frontend\bizdoc\src\routes\_app\business-document\receipt-request\_hooks\-use-receipt-request.tsx" (prefix with "-")
  2. Use 'routeFileIgnorePattern' in your config to match this file

Current configuration:
  routeFileIgnorePrefix: "-"
  routeFileIgnorePattern: undefined
Warning: Route file "C:/Users/Admin/Desktop/CogainCore/cogain-core/frontend/bizdoc/src/routes/_app/inventory/finished-goods-receipt/_components/select-packing-dialog.tsx" does not export a Route. This file will not be included in the route tree.

If this file is not intended to be a route, you can exclude it using one of these options:
  1. Rename the file to "C:\Users\Admin\Desktop\CogainCore\cogain-core\frontend\bizdoc\src\routes\_app\inventory\finished-goods-receipt\_components\-select-packing-dialog.tsx" (prefix with "-")
  2. Use 'routeFileIgnorePattern' in your config to match this file

Current configuration:
  routeFileIgnorePrefix: "-"
  routeFileIgnorePattern: undefined
Warning: Route file "C:/Users/Admin/Desktop/CogainCore/cogain-core/frontend/bizdoc/src/routes/_app/labor-order/_components/labor-order-form.schema.ts" does not export a Route. This file will not be included in the route tree.

If this file is not intended to be a route, you can exclude it using one of these options:
  1. Rename the file to "C:\Users\Admin\Desktop\CogainCore\cogain-core\frontend\bizdoc\src\routes\_app\labor-order\_components\-labor-order-form.schema.ts" (prefix with "-")
  2. Use 'routeFileIgnorePattern' in your config to match this file

Current configuration:
  routeFileIgnorePrefix: "-"
  routeFileIgnorePattern: undefined
Warning: Route file "C:/Users/Admin/Desktop/CogainCore/cogain-core/frontend/bizdoc/src/routes/_app/inventory/finished-goods-receipt/_hooks/use-finished-goods-receipt.tsx" does not export a Route. This file will not be included in the route tree.

If this file is not intended to be a route, you can exclude it using one of these options:
  1. Rename the file to "C:\Users\Admin\Desktop\CogainCore\cogain-core\frontend\bizdoc\src\routes\_app\inventory\finished-goods-receipt\_hooks\-use-finished-goods-receipt.tsx" (prefix with "-")
  2. Use 'routeFileIgnorePattern' in your config to match this file

Current configuration:
  routeFileIgnorePrefix: "-"
  routeFileIgnorePattern: undefined
Warning: Route file "C:/Users/Admin/Desktop/CogainCore/cogain-core/frontend/bizdoc/src/routes/_app/logistic/finished-goods-delivery-packing/_components/finished-goods-delivery-packing-filter-popover.tsx" does not export a Route. This file will not be included in the route tree.

If this file is not intended to be a route, you can exclude it using one of these options:
  1. Rename the file to "C:\Users\Admin\Desktop\CogainCore\cogain-core\frontend\bizdoc\src\routes\_app\logistic\finished-goods-delivery-packing\_components\-finished-goods-delivery-packing-filter-popover.tsx" (prefix with "-")
  2. Use 'routeFileIgnorePattern' in your config to match this file

Current configuration:
  routeFileIgnorePrefix: "-"
  routeFileIgnorePattern: undefined
Warning: Route file "C:/Users/Admin/Desktop/CogainCore/cogain-core/frontend/bizdoc/src/routes/_app/logistic/finished-goods-delivery-packing/_components/finished-goods-delivery-packing-detail-table.tsx" does not export a Route. This file will not be included in the route tree.

If this file is not intended to be a route, you can exclude it using one of these options:
  1. Rename the file to "C:\Users\Admin\Desktop\CogainCore\cogain-core\frontend\bizdoc\src\routes\_app\logistic\finished-goods-delivery-packing\_components\-finished-goods-delivery-packing-detail-table.tsx" (prefix with "-")
  2. Use 'routeFileIgnorePattern' in your config to match this file

Current configuration:
  routeFileIgnorePrefix: "-"
  routeFileIgnorePattern: undefined
Warning: Route file "C:/Users/Admin/Desktop/CogainCore/cogain-core/frontend/bizdoc/src/routes/_app/logistic/finished-goods-delivery-packing/_hooks/use-packing-codes.ts" does not export a Route. This file will not be included in the route tree.

If this file is not intended to be a route, you can exclude it using one of these options:
  1. Rename the file to "C:\Users\Admin\Desktop\CogainCore\cogain-core\frontend\bizdoc\src\routes\_app\logistic\finished-goods-delivery-packing\_hooks\-use-packing-codes.ts" (prefix with "-")
  2. Use 'routeFileIgnorePattern' in your config to match this file

Current configuration:
  routeFileIgnorePrefix: "-"
  routeFileIgnorePattern: undefined
Warning: Route file "C:/Users/Admin/Desktop/CogainCore/cogain-core/frontend/bizdoc/src/routes/_app/logistic/finished-goods-packing/_components/finished-goods-packing-filter-popover.tsx" does not export a Route. This file will not be included in the route tree.

If this file is not intended to be a route, you can exclude it using one of these options:
  1. Rename the file to "C:\Users\Admin\Desktop\CogainCore\cogain-core\frontend\bizdoc\src\routes\_app\logistic\finished-goods-packing\_components\-finished-goods-packing-filter-popover.tsx" (prefix with "-")
  2. Use 'routeFileIgnorePattern' in your config to match this file

Current configuration:
  routeFileIgnorePrefix: "-"
  routeFileIgnorePattern: undefined
Warning: Route file "C:/Users/Admin/Desktop/CogainCore/cogain-core/frontend/bizdoc/src/routes/_app/logistic/finished-goods-delivery-packing/_components/finished-goods-delivery-packing-form.tsx" does not export a Route. This file will not be included in the route tree.

If this file is not intended to be a route, you can exclude it using one of these options:
  1. Rename the file to "C:\Users\Admin\Desktop\CogainCore\cogain-core\frontend\bizdoc\src\routes\_app\logistic\finished-goods-delivery-packing\_components\-finished-goods-delivery-packing-form.tsx" (prefix with "-")
  2. Use 'routeFileIgnorePattern' in your config to match this file

Current configuration:
  routeFileIgnorePrefix: "-"
  routeFileIgnorePattern: undefined
Warning: Route file "C:/Users/Admin/Desktop/CogainCore/cogain-core/frontend/bizdoc/src/routes/_app/logistic/finished-goods-delivery-packing/_hooks/use-finished-goods-delivery-packing.tsx" does not export a Route. This file will not be included in the route tree.

If this file is not intended to be a route, you can exclude it using one of these options:
  1. Rename the file to "C:\Users\Admin\Desktop\CogainCore\cogain-core\frontend\bizdoc\src\routes\_app\logistic\finished-goods-delivery-packing\_hooks\-use-finished-goods-delivery-packing.tsx" (prefix with "-")
  2. Use 'routeFileIgnorePattern' in your config to match this file

Current configuration:
  routeFileIgnorePrefix: "-"
  routeFileIgnorePattern: undefined
Warning: Route file "C:/Users/Admin/Desktop/CogainCore/cogain-core/frontend/bizdoc/src/routes/_app/logistic/finished-goods-delivery-packing/_components/finished-goods-delivery-packing-form-detail-table.tsx" does not export a Route. This file will not be included in the route tree.

If this file is not intended to be a route, you can exclude it using one of these options:
  1. Rename the file to "C:\Users\Admin\Desktop\CogainCore\cogain-core\frontend\bizdoc\src\routes\_app\logistic\finished-goods-delivery-packing\_components\-finished-goods-delivery-packing-form-detail-table.tsx" (prefix with "-")
  2. Use 'routeFileIgnorePattern' in your config to match this file

Current configuration:
  routeFileIgnorePrefix: "-"
  routeFileIgnorePattern: undefined
Warning: Route file "C:/Users/Admin/Desktop/CogainCore/cogain-core/frontend/bizdoc/src/routes/_app/logistic/finished-goods-packing/_components/packing-form-detail-table.tsx" does not export a Route. This file will not be included in the route tree.

If this file is not intended to be a route, you can exclude it using one of these options:
  1. Rename the file to "C:\Users\Admin\Desktop\CogainCore\cogain-core\frontend\bizdoc\src\routes\_app\logistic\finished-goods-packing\_components\-packing-form-detail-table.tsx" (prefix with "-")
  2. Use 'routeFileIgnorePattern' in your config to match this file

Current configuration:
  routeFileIgnorePrefix: "-"
  routeFileIgnorePattern: undefined
Warning: Route file "C:/Users/Admin/Desktop/CogainCore/cogain-core/frontend/bizdoc/src/routes/_app/logistic/finished-goods-delivery-packing/_components/select-in-stock-packing-dialog.tsx" does not export a Route. This file will not be included in the route tree.

If this file is not intended to be a route, you can exclude it using one of these options:
  1. Rename the file to "C:\Users\Admin\Desktop\CogainCore\cogain-core\frontend\bizdoc\src\routes\_app\logistic\finished-goods-delivery-packing\_components\-select-in-stock-packing-dialog.tsx" (prefix with "-")
  2. Use 'routeFileIgnorePattern' in your config to match this file

Current configuration:
  routeFileIgnorePrefix: "-"
  routeFileIgnorePattern: undefined
Warning: Route file "C:/Users/Admin/Desktop/CogainCore/cogain-core/frontend/bizdoc/src/routes/_app/logistic/finished-goods-packing/_hooks/use-finished-goods-packing.tsx" does not export a Route. This file will not be included in the route tree.

If this file is not intended to be a route, you can exclude it using one of these options:
  1. Rename the file to "C:\Users\Admin\Desktop\CogainCore\cogain-core\frontend\bizdoc\src\routes\_app\logistic\finished-goods-packing\_hooks\-use-finished-goods-packing.tsx" (prefix with "-")
  2. Use 'routeFileIgnorePattern' in your config to match this file

Current configuration:
  routeFileIgnorePrefix: "-"
  routeFileIgnorePattern: undefined
Warning: Route file "C:/Users/Admin/Desktop/CogainCore/cogain-core/frontend/bizdoc/src/routes/_app/logistic/finished-goods-packing/_hooks/use-packing-codes.ts" does not export a Route. This file will not be included in the route tree.

If this file is not intended to be a route, you can exclude it using one of these options:
  1. Rename the file to "C:\Users\Admin\Desktop\CogainCore\cogain-core\frontend\bizdoc\src\routes\_app\logistic\finished-goods-packing\_hooks\-use-packing-codes.ts" (prefix with "-")
  2. Use 'routeFileIgnorePattern' in your config to match this file

Current configuration:
  routeFileIgnorePrefix: "-"
  routeFileIgnorePattern: undefined
Warning: Route file "C:/Users/Admin/Desktop/CogainCore/cogain-core/frontend/bizdoc/src/routes/_app/logistic/finished-goods-packing/_components/finished-goods-packing-form.tsx" does not export a Route. This file will not be included in the route tree.

If this file is not intended to be a route, you can exclude it using one of these options:
  1. Rename the file to "C:\Users\Admin\Desktop\CogainCore\cogain-core\frontend\bizdoc\src\routes\_app\logistic\finished-goods-packing\_components\-finished-goods-packing-form.tsx" (prefix with "-")
  2. Use 'routeFileIgnorePattern' in your config to match this file

Current configuration:
  routeFileIgnorePrefix: "-"
  routeFileIgnorePattern: undefined
Warning: Route file "C:/Users/Admin/Desktop/CogainCore/cogain-core/frontend/bizdoc/src/routes/_app/logistic/finished-goods-packing/_components/packing-detail-table.tsx" does not export a Route. This file will not be included in the route tree.

If this file is not intended to be a route, you can exclude it using one of these options:
  1. Rename the file to "C:\Users\Admin\Desktop\CogainCore\cogain-core\frontend\bizdoc\src\routes\_app\logistic\finished-goods-packing\_components\-packing-detail-table.tsx" (prefix with "-")
  2. Use 'routeFileIgnorePattern' in your config to match this file

Current configuration:
  routeFileIgnorePrefix: "-"
  routeFileIgnorePattern: undefined
Warning: Route file "C:/Users/Admin/Desktop/CogainCore/cogain-core/frontend/bizdoc/src/routes/_app/logistic/mechanical-packing-list/_components/mechanical-packing-list-filter-popover.tsx" does not export a Route. This file will not be included in the route tree.

If this file is not intended to be a route, you can exclude it using one of these options:
  1. Rename the file to "C:\Users\Admin\Desktop\CogainCore\cogain-core\frontend\bizdoc\src\routes\_app\logistic\mechanical-packing-list\_components\-mechanical-packing-list-filter-popover.tsx" (prefix with "-")
  2. Use 'routeFileIgnorePattern' in your config to match this file

Current configuration:
  routeFileIgnorePrefix: "-"
  routeFileIgnorePattern: undefined
Warning: Route file "C:/Users/Admin/Desktop/CogainCore/cogain-core/frontend/bizdoc/src/routes/_app/logistic/mechanical-packing-list/_components/mechanical-packing-list-form.tsx" does not export a Route. This file will not be included in the route tree.

If this file is not intended to be a route, you can exclude it using one of these options:
  1. Rename the file to "C:\Users\Admin\Desktop\CogainCore\cogain-core\frontend\bizdoc\src\routes\_app\logistic\mechanical-packing-list\_components\-mechanical-packing-list-form.tsx" (prefix with "-")
  2. Use 'routeFileIgnorePattern' in your config to match this file

Current configuration:
  routeFileIgnorePrefix: "-"
  routeFileIgnorePattern: undefined
Warning: Route file "C:/Users/Admin/Desktop/CogainCore/cogain-core/frontend/bizdoc/src/routes/_app/logistic/mechanical-packing-list/_components/packing-list-readonly-detail-table.tsx" does not export a Route. This file will not be included in the route tree.

If this file is not intended to be a route, you can exclude it using one of these options:
  1. Rename the file to "C:\Users\Admin\Desktop\CogainCore\cogain-core\frontend\bizdoc\src\routes\_app\logistic\mechanical-packing-list\_components\-packing-list-readonly-detail-table.tsx" (prefix with "-")
  2. Use 'routeFileIgnorePattern' in your config to match this file

Current configuration:
  routeFileIgnorePrefix: "-"
  routeFileIgnorePattern: undefined
Warning: Route file "C:/Users/Admin/Desktop/CogainCore/cogain-core/frontend/bizdoc/src/routes/_app/logistic/mechanical-packing-list/_components/packing-list-detail-table.tsx" does not export a Route. This file will not be included in the route tree.

If this file is not intended to be a route, you can exclude it using one of these options:
  1. Rename the file to "C:\Users\Admin\Desktop\CogainCore\cogain-core\frontend\bizdoc\src\routes\_app\logistic\mechanical-packing-list\_components\-packing-list-detail-table.tsx" (prefix with "-")
  2. Use 'routeFileIgnorePattern' in your config to match this file

Current configuration:
  routeFileIgnorePrefix: "-"
  routeFileIgnorePattern: undefined
Warning: Route file "C:/Users/Admin/Desktop/CogainCore/cogain-core/frontend/bizdoc/src/routes/_app/logistic/mechanical-packing-list/_components/packing-list-form-table.tsx" does not export a Route. This file will not be included in the route tree.

If this file is not intended to be a route, you can exclude it using one of these options:
  1. Rename the file to "C:\Users\Admin\Desktop\CogainCore\cogain-core\frontend\bizdoc\src\routes\_app\logistic\mechanical-packing-list\_components\-packing-list-form-table.tsx" (prefix with "-")
  2. Use 'routeFileIgnorePattern' in your config to match this file

Current configuration:
  routeFileIgnorePrefix: "-"
  routeFileIgnorePattern: undefined
Warning: Route file "C:/Users/Admin/Desktop/CogainCore/cogain-core/frontend/bizdoc/src/routes/_app/logistic/mechanical-packing-list/_components/packing-list-material-table.tsx" does not export a Route. This file will not be included in the route tree.

If this file is not intended to be a route, you can exclude it using one of these options:
  1. Rename the file to "C:\Users\Admin\Desktop\CogainCore\cogain-core\frontend\bizdoc\src\routes\_app\logistic\mechanical-packing-list\_components\-packing-list-material-table.tsx" (prefix with "-")
  2. Use 'routeFileIgnorePattern' in your config to match this file

Current configuration:
  routeFileIgnorePrefix: "-"
  routeFileIgnorePattern: undefined
Warning: Route file "C:/Users/Admin/Desktop/CogainCore/cogain-core/frontend/bizdoc/src/routes/_app/logistic/mechanical-packing-list/_hooks/use-mechanical-packing-list.ts" does not export a Route. This file will not be included in the route tree.

If this file is not intended to be a route, you can exclude it using one of these options:
  1. Rename the file to "C:\Users\Admin\Desktop\CogainCore\cogain-core\frontend\bizdoc\src\routes\_app\logistic\mechanical-packing-list\_hooks\-use-mechanical-packing-list.ts" (prefix with "-")
  2. Use 'routeFileIgnorePattern' in your config to match this file

Current configuration:
  routeFileIgnorePrefix: "-"
  routeFileIgnorePattern: undefined
Warning: Route file "C:/Users/Admin/Desktop/CogainCore/cogain-core/frontend/bizdoc/src/routes/_app/logistic/packing-list-report/_components/packing-list-report-columns.tsx" does not export a Route. This file will not be included in the route tree.

If this file is not intended to be a route, you can exclude it using one of these options:
  1. Rename the file to "C:\Users\Admin\Desktop\CogainCore\cogain-core\frontend\bizdoc\src\routes\_app\logistic\packing-list-report\_components\-packing-list-report-columns.tsx" (prefix with "-")
  2. Use 'routeFileIgnorePattern' in your config to match this file

Current configuration:
  routeFileIgnorePrefix: "-"
  routeFileIgnorePattern: undefined
Warning: Route file "C:/Users/Admin/Desktop/CogainCore/cogain-core/frontend/bizdoc/src/routes/_app/logistic/mechanical-packing-list/_components/packing-list-rejection-info-dialog.tsx" does not export a Route. This file will not be included in the route tree.

If this file is not intended to be a route, you can exclude it using one of these options:
  1. Rename the file to "C:\Users\Admin\Desktop\CogainCore\cogain-core\frontend\bizdoc\src\routes\_app\logistic\mechanical-packing-list\_components\-packing-list-rejection-info-dialog.tsx" (prefix with "-")
  2. Use 'routeFileIgnorePattern' in your config to match this file

Current configuration:
  routeFileIgnorePrefix: "-"
  routeFileIgnorePattern: undefined
Warning: Route file "C:/Users/Admin/Desktop/CogainCore/cogain-core/frontend/bizdoc/src/routes/_app/logistic/packing-list-report/_components/packing-list-report-expand-item.tsx" does not export a Route. This file will not be included in the route tree.

If this file is not intended to be a route, you can exclude it using one of these options:
  1. Rename the file to "C:\Users\Admin\Desktop\CogainCore\cogain-core\frontend\bizdoc\src\routes\_app\logistic\packing-list-report\_components\-packing-list-report-expand-item.tsx" (prefix with "-")
  2. Use 'routeFileIgnorePattern' in your config to match this file

Current configuration:
  routeFileIgnorePrefix: "-"
  routeFileIgnorePattern: undefined
Warning: Route file "C:/Users/Admin/Desktop/CogainCore/cogain-core/frontend/bizdoc/src/routes/_app/logistic/packing-list-report/_components/status-badge.tsx" does not export a Route. This file will not be included in the route tree.

If this file is not intended to be a route, you can exclude it using one of these options:
  1. Rename the file to "C:\Users\Admin\Desktop\CogainCore\cogain-core\frontend\bizdoc\src\routes\_app\logistic\packing-list-report\_components\-status-badge.tsx" (prefix with "-")
  2. Use 'routeFileIgnorePattern' in your config to match this file

Current configuration:
  routeFileIgnorePrefix: "-"
  routeFileIgnorePattern: undefined
Warning: Route file "C:/Users/Admin/Desktop/CogainCore/cogain-core/frontend/bizdoc/src/routes/_app/logistic/packing-list-report/_components/packing-list-summary-bar.tsx" does not export a Route. This file will not be included in the route tree.

If this file is not intended to be a route, you can exclude it using one of these options:
  1. Rename the file to "C:\Users\Admin\Desktop\CogainCore\cogain-core\frontend\bizdoc\src\routes\_app\logistic\packing-list-report\_components\-packing-list-summary-bar.tsx" (prefix with "-")
  2. Use 'routeFileIgnorePattern' in your config to match this file

Current configuration:
  routeFileIgnorePrefix: "-"
  routeFileIgnorePattern: undefined
Warning: Route file "C:/Users/Admin/Desktop/CogainCore/cogain-core/frontend/bizdoc/src/routes/_app/logistic/packing-list-report/_hooks/use-packing-list-report.ts" does not export a Route. This file will not be included in the route tree.

If this file is not intended to be a route, you can exclude it using one of these options:
  1. Rename the file to "C:\Users\Admin\Desktop\CogainCore\cogain-core\frontend\bizdoc\src\routes\_app\logistic\packing-list-report\_hooks\-use-packing-list-report.ts" (prefix with "-")
  2. Use 'routeFileIgnorePattern' in your config to match this file

Current configuration:
  routeFileIgnorePrefix: "-"
  routeFileIgnorePattern: undefined
Warning: Route file "C:/Users/Admin/Desktop/CogainCore/cogain-core/frontend/bizdoc/src/routes/_app/logistic/site-delivery/_components/site-delivery-filter-popover.tsx" does not export a Route. This file will not be included in the route tree.

If this file is not intended to be a route, you can exclude it using one of these options:
  1. Rename the file to "C:\Users\Admin\Desktop\CogainCore\cogain-core\frontend\bizdoc\src\routes\_app\logistic\site-delivery\_components\-site-delivery-filter-popover.tsx" (prefix with "-")
  2. Use 'routeFileIgnorePattern' in your config to match this file

Current configuration:
  routeFileIgnorePrefix: "-"
  routeFileIgnorePattern: undefined
Warning: Route file "C:/Users/Admin/Desktop/CogainCore/cogain-core/frontend/bizdoc/src/routes/_app/logistic/site-delivery/_components/select-site-packing-dialog.tsx" does not export a Route. This file will not be included in the route tree.

If this file is not intended to be a route, you can exclude it using one of these options:
  1. Rename the file to "C:\Users\Admin\Desktop\CogainCore\cogain-core\frontend\bizdoc\src\routes\_app\logistic\site-delivery\_components\-select-site-packing-dialog.tsx" (prefix with "-")
  2. Use 'routeFileIgnorePattern' in your config to match this file

Current configuration:
  routeFileIgnorePrefix: "-"
  routeFileIgnorePattern: undefined
Warning: Route file "C:/Users/Admin/Desktop/CogainCore/cogain-core/frontend/bizdoc/src/routes/_app/logistic/mechanical-packing-list/_components/packing-list-detail-adjust-dialog.tsx" does not export a Route. This file will not be included in the route tree.

If this file is not intended to be a route, you can exclude it using one of these options:
  1. Rename the file to "C:\Users\Admin\Desktop\CogainCore\cogain-core\frontend\bizdoc\src\routes\_app\logistic\mechanical-packing-list\_components\-packing-list-detail-adjust-dialog.tsx" (prefix with "-")
  2. Use 'routeFileIgnorePattern' in your config to match this file

Current configuration:
  routeFileIgnorePrefix: "-"
  routeFileIgnorePattern: undefined
Warning: Route file "C:/Users/Admin/Desktop/CogainCore/cogain-core/frontend/bizdoc/src/routes/_app/logistic/site-delivery/_components/site-delivery-content.tsx" does not export a Route. This file will not be included in the route tree.

If this file is not intended to be a route, you can exclude it using one of these options:
  1. Rename the file to "C:\Users\Admin\Desktop\CogainCore\cogain-core\frontend\bizdoc\src\routes\_app\logistic\site-delivery\_components\-site-delivery-content.tsx" (prefix with "-")
  2. Use 'routeFileIgnorePattern' in your config to match this file

Current configuration:
  routeFileIgnorePrefix: "-"
  routeFileIgnorePattern: undefined
Warning: Route file "C:/Users/Admin/Desktop/CogainCore/cogain-core/frontend/bizdoc/src/routes/_app/logistic/site-delivery/_components/site-delivery-slideout.tsx" does not export a Route. This file will not be included in the route tree.

If this file is not intended to be a route, you can exclude it using one of these options:
  1. Rename the file to "C:\Users\Admin\Desktop\CogainCore\cogain-core\frontend\bizdoc\src\routes\_app\logistic\site-delivery\_components\-site-delivery-slideout.tsx" (prefix with "-")
  2. Use 'routeFileIgnorePattern' in your config to match this file

Current configuration:
  routeFileIgnorePrefix: "-"
  routeFileIgnorePattern: undefined
Warning: Route file "C:/Users/Admin/Desktop/CogainCore/cogain-core/frontend/bizdoc/src/routes/_app/logistic/site-delivery/_hooks/use-site-delivery-detail-filters.ts" does not export a Route. This file will not be included in the route tree.

If this file is not intended to be a route, you can exclude it using one of these options:
  1. Rename the file to "C:\Users\Admin\Desktop\CogainCore\cogain-core\frontend\bizdoc\src\routes\_app\logistic\site-delivery\_hooks\-use-site-delivery-detail-filters.ts" (prefix with "-")
  2. Use 'routeFileIgnorePattern' in your config to match this file

Current configuration:
  routeFileIgnorePrefix: "-"
  routeFileIgnorePattern: undefined
Warning: Route file "C:/Users/Admin/Desktop/CogainCore/cogain-core/frontend/bizdoc/src/routes/_app/logistic/site-delivery/_hooks/use-site-delivery.tsx" does not export a Route. This file will not be included in the route tree.

If this file is not intended to be a route, you can exclude it using one of these options:
  1. Rename the file to "C:\Users\Admin\Desktop\CogainCore\cogain-core\frontend\bizdoc\src\routes\_app\logistic\site-delivery\_hooks\-use-site-delivery.tsx" (prefix with "-")
  2. Use 'routeFileIgnorePattern' in your config to match this file

Current configuration:
  routeFileIgnorePrefix: "-"
  routeFileIgnorePattern: undefined
Warning: Route file "C:/Users/Admin/Desktop/CogainCore/cogain-core/frontend/bizdoc/src/routes/_app/production-management/damage-deduction/_components/attachment-section.tsx" does not export a Route. This file will not be included in the route tree.

If this file is not intended to be a route, you can exclude it using one of these options:
  1. Rename the file to "C:\Users\Admin\Desktop\CogainCore\cogain-core\frontend\bizdoc\src\routes\_app\production-management\damage-deduction\_components\-attachment-section.tsx" (prefix with "-")
  2. Use 'routeFileIgnorePattern' in your config to match this file

Current configuration:
  routeFileIgnorePrefix: "-"
  routeFileIgnorePattern: undefined
Warning: Route file "C:/Users/Admin/Desktop/CogainCore/cogain-core/frontend/bizdoc/src/routes/_app/production-management/damage-deduction/_components/damage-deduction-filter-popover.tsx" does not export a Route. This file will not be included in the route tree.

If this file is not intended to be a route, you can exclude it using one of these options:
  1. Rename the file to "C:\Users\Admin\Desktop\CogainCore\cogain-core\frontend\bizdoc\src\routes\_app\production-management\damage-deduction\_components\-damage-deduction-filter-popover.tsx" (prefix with "-")
  2. Use 'routeFileIgnorePattern' in your config to match this file

Current configuration:
  routeFileIgnorePrefix: "-"
  routeFileIgnorePattern: undefined
Warning: Route file "C:/Users/Admin/Desktop/CogainCore/cogain-core/frontend/bizdoc/src/routes/_app/production-management/damage-deduction/_components/damage-deduction-form.tsx" does not export a Route. This file will not be included in the route tree.

If this file is not intended to be a route, you can exclude it using one of these options:
  1. Rename the file to "C:\Users\Admin\Desktop\CogainCore\cogain-core\frontend\bizdoc\src\routes\_app\production-management\damage-deduction\_components\-damage-deduction-form.tsx" (prefix with "-")
  2. Use 'routeFileIgnorePattern' in your config to match this file

Current configuration:
  routeFileIgnorePrefix: "-"
  routeFileIgnorePattern: undefined
Warning: Route file "C:/Users/Admin/Desktop/CogainCore/cogain-core/frontend/bizdoc/src/routes/_app/production-management/goods-issue-receipt-request/_hooks/use-goods-issue-receipt-request.ts" does not export a Route. This file will not be included in the route tree.

If this file is not intended to be a route, you can exclude it using one of these options:
  1. Rename the file to "C:\Users\Admin\Desktop\CogainCore\cogain-core\frontend\bizdoc\src\routes\_app\production-management\goods-issue-receipt-request\_hooks\-use-goods-issue-receipt-request.ts" (prefix with "-")
  2. Use 'routeFileIgnorePattern' in your config to match this file

Current configuration:
  routeFileIgnorePrefix: "-"
  routeFileIgnorePattern: undefined
Warning: Route file "C:/Users/Admin/Desktop/CogainCore/cogain-core/frontend/bizdoc/src/routes/_app/production-management/damage-deduction/_hooks/use-damage-deduction.tsx" does not export a Route. This file will not be included in the route tree.

If this file is not intended to be a route, you can exclude it using one of these options:
  1. Rename the file to "C:\Users\Admin\Desktop\CogainCore\cogain-core\frontend\bizdoc\src\routes\_app\production-management\damage-deduction\_hooks\-use-damage-deduction.tsx" (prefix with "-")
  2. Use 'routeFileIgnorePattern' in your config to match this file

Current configuration:
  routeFileIgnorePrefix: "-"
  routeFileIgnorePattern: undefined
Warning: Route file "C:/Users/Admin/Desktop/CogainCore/cogain-core/frontend/bizdoc/src/routes/_app/production-management/goods-issue-receipt/_hooks/use-goods-issue-receipt.ts" does not export a Route. This file will not be included in the route tree.

If this file is not intended to be a route, you can exclude it using one of these options:
  1. Rename the file to "C:\Users\Admin\Desktop\CogainCore\cogain-core\frontend\bizdoc\src\routes\_app\production-management\goods-issue-receipt\_hooks\-use-goods-issue-receipt.ts" (prefix with "-")
  2. Use 'routeFileIgnorePattern' in your config to match this file

Current configuration:
  routeFileIgnorePrefix: "-"
  routeFileIgnorePattern: undefined
Warning: Route file "C:/Users/Admin/Desktop/CogainCore/cogain-core/frontend/bizdoc/src/routes/_app/production-management/manpower-dispatch/_components/manpower-dispatch-detail-table.tsx" does not export a Route. This file will not be included in the route tree.

If this file is not intended to be a route, you can exclude it using one of these options:
  1. Rename the file to "C:\Users\Admin\Desktop\CogainCore\cogain-core\frontend\bizdoc\src\routes\_app\production-management\manpower-dispatch\_components\-manpower-dispatch-detail-table.tsx" (prefix with "-")
  2. Use 'routeFileIgnorePattern' in your config to match this file

Current configuration:
  routeFileIgnorePrefix: "-"
  routeFileIgnorePattern: undefined
Warning: Route file "C:/Users/Admin/Desktop/CogainCore/cogain-core/frontend/bizdoc/src/routes/_app/production-management/manpower-dispatch/_components/approval-dialog.tsx" does not export a Route. This file will not be included in the route tree.

If this file is not intended to be a route, you can exclude it using one of these options:
  1. Rename the file to "C:\Users\Admin\Desktop\CogainCore\cogain-core\frontend\bizdoc\src\routes\_app\production-management\manpower-dispatch\_components\-approval-dialog.tsx" (prefix with "-")
  2. Use 'routeFileIgnorePattern' in your config to match this file

Current configuration:
  routeFileIgnorePrefix: "-"
  routeFileIgnorePattern: undefined
Warning: Route file "C:/Users/Admin/Desktop/CogainCore/cogain-core/frontend/bizdoc/src/routes/_app/production-management/manpower-dispatch/_components/attachment-section.tsx" does not export a Route. This file will not be included in the route tree.

If this file is not intended to be a route, you can exclude it using one of these options:
  1. Rename the file to "C:\Users\Admin\Desktop\CogainCore\cogain-core\frontend\bizdoc\src\routes\_app\production-management\manpower-dispatch\_components\-attachment-section.tsx" (prefix with "-")
  2. Use 'routeFileIgnorePattern' in your config to match this file

Current configuration:
  routeFileIgnorePrefix: "-"
  routeFileIgnorePattern: undefined
Warning: Route file "C:/Users/Admin/Desktop/CogainCore/cogain-core/frontend/bizdoc/src/routes/_app/production-management/manpower-dispatch/_components/manpower-dispatch-filter-popover.tsx" does not export a Route. This file will not be included in the route tree.

If this file is not intended to be a route, you can exclude it using one of these options:
  1. Rename the file to "C:\Users\Admin\Desktop\CogainCore\cogain-core\frontend\bizdoc\src\routes\_app\production-management\manpower-dispatch\_components\-manpower-dispatch-filter-popover.tsx" (prefix with "-")
  2. Use 'routeFileIgnorePattern' in your config to match this file

Current configuration:
  routeFileIgnorePrefix: "-"
  routeFileIgnorePattern: undefined
Warning: Route file "C:/Users/Admin/Desktop/CogainCore/cogain-core/frontend/bizdoc/src/routes/_app/production-management/manpower-dispatch/_hooks/use-manpower-dispatch.tsx" does not export a Route. This file will not be included in the route tree.

If this file is not intended to be a route, you can exclude it using one of these options:
  1. Rename the file to "C:\Users\Admin\Desktop\CogainCore\cogain-core\frontend\bizdoc\src\routes\_app\production-management\manpower-dispatch\_hooks\-use-manpower-dispatch.tsx" (prefix with "-")
  2. Use 'routeFileIgnorePattern' in your config to match this file

Current configuration:
  routeFileIgnorePrefix: "-"
  routeFileIgnorePattern: undefined
Warning: Route file "C:/Users/Admin/Desktop/CogainCore/cogain-core/frontend/bizdoc/src/routes/_app/production-management/non-manpower-dispatch/_components/approval-dialog.tsx" does not export a Route. This file will not be included in the route tree.

If this file is not intended to be a route, you can exclude it using one of these options:
  1. Rename the file to "C:\Users\Admin\Desktop\CogainCore\cogain-core\frontend\bizdoc\src\routes\_app\production-management\non-manpower-dispatch\_components\-approval-dialog.tsx" (prefix with "-")
  2. Use 'routeFileIgnorePattern' in your config to match this file

Current configuration:
  routeFileIgnorePrefix: "-"
  routeFileIgnorePattern: undefined
Warning: Route file "C:/Users/Admin/Desktop/CogainCore/cogain-core/frontend/bizdoc/src/routes/_app/production-management/non-manpower-dispatch/_components/non-manpower-dispatch-detail-table.tsx" does not export a Route. This file will not be included in the route tree.

If this file is not intended to be a route, you can exclude it using one of these options:
  1. Rename the file to "C:\Users\Admin\Desktop\CogainCore\cogain-core\frontend\bizdoc\src\routes\_app\production-management\non-manpower-dispatch\_components\-non-manpower-dispatch-detail-table.tsx" (prefix with "-")
  2. Use 'routeFileIgnorePattern' in your config to match this file

Current configuration:
  routeFileIgnorePrefix: "-"
  routeFileIgnorePattern: undefined
Warning: Route file "C:/Users/Admin/Desktop/CogainCore/cogain-core/frontend/bizdoc/src/routes/_app/production-management/manpower-dispatch/_components/manpower-dispatch-form.tsx" does not export a Route. This file will not be included in the route tree.

If this file is not intended to be a route, you can exclude it using one of these options:
  1. Rename the file to "C:\Users\Admin\Desktop\CogainCore\cogain-core\frontend\bizdoc\src\routes\_app\production-management\manpower-dispatch\_components\-manpower-dispatch-form.tsx" (prefix with "-")
  2. Use 'routeFileIgnorePattern' in your config to match this file

Current configuration:
  routeFileIgnorePrefix: "-"
  routeFileIgnorePattern: undefined
Warning: Route file "C:/Users/Admin/Desktop/CogainCore/cogain-core/frontend/bizdoc/src/routes/_app/production-management/production-damage/_components/production-damage-form.tsx" does not export a Route. This file will not be included in the route tree.

If this file is not intended to be a route, you can exclude it using one of these options:
  1. Rename the file to "C:\Users\Admin\Desktop\CogainCore\cogain-core\frontend\bizdoc\src\routes\_app\production-management\production-damage\_components\-production-damage-form.tsx" (prefix with "-")
  2. Use 'routeFileIgnorePattern' in your config to match this file

Current configuration:
  routeFileIgnorePrefix: "-"
  routeFileIgnorePattern: undefined
Warning: Route file "C:/Users/Admin/Desktop/CogainCore/cogain-core/frontend/bizdoc/src/routes/_app/production-management/non-manpower-dispatch/_components/non-manpower-dispatch-filter-popover.tsx" does not export a Route. This file will not be included in the route tree.

If this file is not intended to be a route, you can exclude it using one of these options:
  1. Rename the file to "C:\Users\Admin\Desktop\CogainCore\cogain-core\frontend\bizdoc\src\routes\_app\production-management\non-manpower-dispatch\_components\-non-manpower-dispatch-filter-popover.tsx" (prefix with "-")
  2. Use 'routeFileIgnorePattern' in your config to match this file

Current configuration:
  routeFileIgnorePrefix: "-"
  routeFileIgnorePattern: undefined
Warning: Route file "C:/Users/Admin/Desktop/CogainCore/cogain-core/frontend/bizdoc/src/routes/_app/production-management/non-manpower-dispatch/_hooks/use-non-manpower-dispatch.tsx" does not export a Route. This file will not be included in the route tree.

If this file is not intended to be a route, you can exclude it using one of these options:
  1. Rename the file to "C:\Users\Admin\Desktop\CogainCore\cogain-core\frontend\bizdoc\src\routes\_app\production-management\non-manpower-dispatch\_hooks\-use-non-manpower-dispatch.tsx" (prefix with "-")
  2. Use 'routeFileIgnorePattern' in your config to match this file

Current configuration:
  routeFileIgnorePrefix: "-"
  routeFileIgnorePattern: undefined
Warning: Route file "C:/Users/Admin/Desktop/CogainCore/cogain-core/frontend/bizdoc/src/routes/_app/production-management/non-manpower-dispatch/_components/non-manpower-dispatch-form.tsx" does not export a Route. This file will not be included in the route tree.

If this file is not intended to be a route, you can exclude it using one of these options:
  1. Rename the file to "C:\Users\Admin\Desktop\CogainCore\cogain-core\frontend\bizdoc\src\routes\_app\production-management\non-manpower-dispatch\_components\-non-manpower-dispatch-form.tsx" (prefix with "-")
  2. Use 'routeFileIgnorePattern' in your config to match this file

Current configuration:
  routeFileIgnorePrefix: "-"
  routeFileIgnorePattern: undefined
Warning: Route file "C:/Users/Admin/Desktop/CogainCore/cogain-core/frontend/bizdoc/src/routes/_app/production-management/seasonal-work-acceptance/_components/attachment-section.tsx" does not export a Route. This file will not be included in the route tree.

If this file is not intended to be a route, you can exclude it using one of these options:
  1. Rename the file to "C:\Users\Admin\Desktop\CogainCore\cogain-core\frontend\bizdoc\src\routes\_app\production-management\seasonal-work-acceptance\_components\-attachment-section.tsx" (prefix with "-")
  2. Use 'routeFileIgnorePattern' in your config to match this file

Current configuration:
  routeFileIgnorePrefix: "-"
  routeFileIgnorePattern: undefined
Warning: Route file "C:/Users/Admin/Desktop/CogainCore/cogain-core/frontend/bizdoc/src/routes/_app/production-management/production-damage/_hooks/use-production-damage.tsx" does not export a Route. This file will not be included in the route tree.

If this file is not intended to be a route, you can exclude it using one of these options:
  1. Rename the file to "C:\Users\Admin\Desktop\CogainCore\cogain-core\frontend\bizdoc\src\routes\_app\production-management\production-damage\_hooks\-use-production-damage.tsx" (prefix with "-")
  2. Use 'routeFileIgnorePattern' in your config to match this file

Current configuration:
  routeFileIgnorePrefix: "-"
  routeFileIgnorePattern: undefined
Warning: Route file "C:/Users/Admin/Desktop/CogainCore/cogain-core/frontend/bizdoc/src/routes/_app/production-management/seasonal-work-acceptance/_components/seasonal-work-acceptance-form.tsx" does not export a Route. This file will not be included in the route tree.

If this file is not intended to be a route, you can exclude it using one of these options:
  1. Rename the file to "C:\Users\Admin\Desktop\CogainCore\cogain-core\frontend\bizdoc\src\routes\_app\production-management\seasonal-work-acceptance\_components\-seasonal-work-acceptance-form.tsx" (prefix with "-")
  2. Use 'routeFileIgnorePattern' in your config to match this file

Current configuration:
  routeFileIgnorePrefix: "-"
  routeFileIgnorePattern: undefined
Warning: Route file "C:/Users/Admin/Desktop/CogainCore/cogain-core/frontend/bizdoc/src/routes/_app/rnd/drawing-group/_components/drawing-group-filter-popover.tsx" does not export a Route. This file will not be included in the route tree.

If this file is not intended to be a route, you can exclude it using one of these options:
  1. Rename the file to "C:\Users\Admin\Desktop\CogainCore\cogain-core\frontend\bizdoc\src\routes\_app\rnd\drawing-group\_components\-drawing-group-filter-popover.tsx" (prefix with "-")
  2. Use 'routeFileIgnorePattern' in your config to match this file

Current configuration:
  routeFileIgnorePrefix: "-"
  routeFileIgnorePattern: undefined
Warning: Route file "C:/Users/Admin/Desktop/CogainCore/cogain-core/frontend/bizdoc/src/routes/_app/production-management/seasonal-work-acceptance/_hooks/use-seasonal-work-acceptance.tsx" does not export a Route. This file will not be included in the route tree.

If this file is not intended to be a route, you can exclude it using one of these options:
  1. Rename the file to "C:\Users\Admin\Desktop\CogainCore\cogain-core\frontend\bizdoc\src\routes\_app\production-management\seasonal-work-acceptance\_hooks\-use-seasonal-work-acceptance.tsx" (prefix with "-")
  2. Use 'routeFileIgnorePattern' in your config to match this file

Current configuration:
  routeFileIgnorePrefix: "-"
  routeFileIgnorePattern: undefined
Warning: Route file "C:/Users/Admin/Desktop/CogainCore/cogain-core/frontend/bizdoc/src/routes/_app/production-management/seasonal-work-acceptance/_components/seasonal-work-acceptance-filter-popover.tsx" does not export a Route. This file will not be included in the route tree.

If this file is not intended to be a route, you can exclude it using one of these options:
  1. Rename the file to "C:\Users\Admin\Desktop\CogainCore\cogain-core\frontend\bizdoc\src\routes\_app\production-management\seasonal-work-acceptance\_components\-seasonal-work-acceptance-filter-popover.tsx" (prefix with "-")
  2. Use 'routeFileIgnorePattern' in your config to match this file

Current configuration:
  routeFileIgnorePrefix: "-"
  routeFileIgnorePattern: undefined
Warning: Route file "C:/Users/Admin/Desktop/CogainCore/cogain-core/frontend/bizdoc/src/routes/_app/rnd/drawing-group/_hooks/use-drawing-group.tsx" does not export a Route. This file will not be included in the route tree.

If this file is not intended to be a route, you can exclude it using one of these options:
  1. Rename the file to "C:\Users\Admin\Desktop\CogainCore\cogain-core\frontend\bizdoc\src\routes\_app\rnd\drawing-group\_hooks\-use-drawing-group.tsx" (prefix with "-")
  2. Use 'routeFileIgnorePattern' in your config to match this file

Current configuration:
  routeFileIgnorePrefix: "-"
  routeFileIgnorePattern: undefined
Warning: Route file "C:/Users/Admin/Desktop/CogainCore/cogain-core/frontend/bizdoc/src/routes/_app/rnd/drawing-purpose/_components/drawing-purpose-filter-popover.tsx" does not export a Route. This file will not be included in the route tree.

If this file is not intended to be a route, you can exclude it using one of these options:
  1. Rename the file to "C:\Users\Admin\Desktop\CogainCore\cogain-core\frontend\bizdoc\src\routes\_app\rnd\drawing-purpose\_components\-drawing-purpose-filter-popover.tsx" (prefix with "-")
  2. Use 'routeFileIgnorePattern' in your config to match this file

Current configuration:
  routeFileIgnorePrefix: "-"
  routeFileIgnorePattern: undefined
Warning: Route file "C:/Users/Admin/Desktop/CogainCore/cogain-core/frontend/bizdoc/src/routes/_app/rnd/drawing-purpose/_components/drawing-purpose-form.tsx" does not export a Route. This file will not be included in the route tree.

If this file is not intended to be a route, you can exclude it using one of these options:
  1. Rename the file to "C:\Users\Admin\Desktop\CogainCore\cogain-core\frontend\bizdoc\src\routes\_app\rnd\drawing-purpose\_components\-drawing-purpose-form.tsx" (prefix with "-")
  2. Use 'routeFileIgnorePattern' in your config to match this file

Current configuration:
  routeFileIgnorePrefix: "-"
  routeFileIgnorePattern: undefined
Warning: Route file "C:/Users/Admin/Desktop/CogainCore/cogain-core/frontend/bizdoc/src/routes/_app/rnd/drawing-group/_components/drawing-group-form.tsx" does not export a Route. This file will not be included in the route tree.

If this file is not intended to be a route, you can exclude it using one of these options:
  1. Rename the file to "C:\Users\Admin\Desktop\CogainCore\cogain-core\frontend\bizdoc\src\routes\_app\rnd\drawing-group\_components\-drawing-group-form.tsx" (prefix with "-")
  2. Use 'routeFileIgnorePattern' in your config to match this file

Current configuration:
  routeFileIgnorePrefix: "-"
  routeFileIgnorePattern: undefined
Warning: Route file "C:/Users/Admin/Desktop/CogainCore/cogain-core/frontend/bizdoc/src/routes/_app/rnd/drawing-purpose/_hooks/use-drawing-purpose.tsx" does not export a Route. This file will not be included in the route tree.

If this file is not intended to be a route, you can exclude it using one of these options:
  1. Rename the file to "C:\Users\Admin\Desktop\CogainCore\cogain-core\frontend\bizdoc\src\routes\_app\rnd\drawing-purpose\_hooks\-use-drawing-purpose.tsx" (prefix with "-")
  2. Use 'routeFileIgnorePattern' in your config to match this file

Current configuration:
  routeFileIgnorePrefix: "-"
  routeFileIgnorePattern: undefined
Warning: Route file "C:/Users/Admin/Desktop/CogainCore/cogain-core/frontend/bizdoc/src/routes/_app/rnd/drawing-status/_components/drawing-status-filter-popover.tsx" does not export a Route. This file will not be included in the route tree.

If this file is not intended to be a route, you can exclude it using one of these options:
  1. Rename the file to "C:\Users\Admin\Desktop\CogainCore\cogain-core\frontend\bizdoc\src\routes\_app\rnd\drawing-status\_components\-drawing-status-filter-popover.tsx" (prefix with "-")
  2. Use 'routeFileIgnorePattern' in your config to match this file

Current configuration:
  routeFileIgnorePrefix: "-"
  routeFileIgnorePattern: undefined
Warning: Route file "C:/Users/Admin/Desktop/CogainCore/cogain-core/frontend/bizdoc/src/routes/_app/rnd/drawing-status/_hooks/use-drawing-status.tsx" does not export a Route. This file will not be included in the route tree.

If this file is not intended to be a route, you can exclude it using one of these options:
  1. Rename the file to "C:\Users\Admin\Desktop\CogainCore\cogain-core\frontend\bizdoc\src\routes\_app\rnd\drawing-status\_hooks\-use-drawing-status.tsx" (prefix with "-")
  2. Use 'routeFileIgnorePattern' in your config to match this file

Current configuration:
  routeFileIgnorePrefix: "-"
  routeFileIgnorePattern: undefined
Warning: Route file "C:/Users/Admin/Desktop/CogainCore/cogain-core/frontend/bizdoc/src/routes/_app/rnd/drawing-status/_components/drawing-status-form.tsx" does not export a Route. This file will not be included in the route tree.

If this file is not intended to be a route, you can exclude it using one of these options:
  1. Rename the file to "C:\Users\Admin\Desktop\CogainCore\cogain-core\frontend\bizdoc\src\routes\_app\rnd\drawing-status\_components\-drawing-status-form.tsx" (prefix with "-")
  2. Use 'routeFileIgnorePattern' in your config to match this file

Current configuration:
  routeFileIgnorePrefix: "-"
  routeFileIgnorePattern: undefined
Warning: Route file "C:/Users/Admin/Desktop/CogainCore/cogain-core/frontend/bizdoc/src/routes/_app/rnd/drawing/_components/confirm-drawing-dialog.tsx" does not export a Route. This file will not be included in the route tree.

If this file is not intended to be a route, you can exclude it using one of these options:
  1. Rename the file to "C:\Users\Admin\Desktop\CogainCore\cogain-core\frontend\bizdoc\src\routes\_app\rnd\drawing\_components\-confirm-drawing-dialog.tsx" (prefix with "-")
  2. Use 'routeFileIgnorePattern' in your config to match this file

Current configuration:
  routeFileIgnorePrefix: "-"
  routeFileIgnorePattern: undefined
Warning: Route file "C:/Users/Admin/Desktop/CogainCore/cogain-core/frontend/bizdoc/src/routes/_app/rnd/drawing-type/_components/drawing-type-filter-popover.tsx" does not export a Route. This file will not be included in the route tree.

If this file is not intended to be a route, you can exclude it using one of these options:
  1. Rename the file to "C:\Users\Admin\Desktop\CogainCore\cogain-core\frontend\bizdoc\src\routes\_app\rnd\drawing-type\_components\-drawing-type-filter-popover.tsx" (prefix with "-")
  2. Use 'routeFileIgnorePattern' in your config to match this file

Current configuration:
  routeFileIgnorePrefix: "-"
  routeFileIgnorePattern: undefined
Warning: Route file "C:/Users/Admin/Desktop/CogainCore/cogain-core/frontend/bizdoc/src/routes/_app/rnd/drawing-type/_hooks/use-drawing-type.tsx" does not export a Route. This file will not be included in the route tree.

If this file is not intended to be a route, you can exclude it using one of these options:
  1. Rename the file to "C:\Users\Admin\Desktop\CogainCore\cogain-core\frontend\bizdoc\src\routes\_app\rnd\drawing-type\_hooks\-use-drawing-type.tsx" (prefix with "-")
  2. Use 'routeFileIgnorePattern' in your config to match this file

Current configuration:
  routeFileIgnorePrefix: "-"
  routeFileIgnorePattern: undefined
Warning: Route file "C:/Users/Admin/Desktop/CogainCore/cogain-core/frontend/bizdoc/src/routes/_app/rnd/drawing-type/_components/drawing-type-form.tsx" does not export a Route. This file will not be included in the route tree.

If this file is not intended to be a route, you can exclude it using one of these options:
  1. Rename the file to "C:\Users\Admin\Desktop\CogainCore\cogain-core\frontend\bizdoc\src\routes\_app\rnd\drawing-type\_components\-drawing-type-form.tsx" (prefix with "-")
  2. Use 'routeFileIgnorePattern' in your config to match this file

Current configuration:
  routeFileIgnorePrefix: "-"
  routeFileIgnorePattern: undefined
Warning: Route file "C:/Users/Admin/Desktop/CogainCore/cogain-core/frontend/bizdoc/src/routes/_app/rnd/drawing/_components/drawing-standard-picker-dialog.tsx" does not export a Route. This file will not be included in the route tree.

If this file is not intended to be a route, you can exclude it using one of these options:
  1. Rename the file to "C:\Users\Admin\Desktop\CogainCore\cogain-core\frontend\bizdoc\src\routes\_app\rnd\drawing\_components\-drawing-standard-picker-dialog.tsx" (prefix with "-")
  2. Use 'routeFileIgnorePattern' in your config to match this file

Current configuration:
  routeFileIgnorePrefix: "-"
  routeFileIgnorePattern: undefined
Warning: Route file "C:/Users/Admin/Desktop/CogainCore/cogain-core/frontend/bizdoc/src/routes/_app/rnd/drawing/_components/drawing-filter-popover.tsx" does not export a Route. This file will not be included in the route tree.

If this file is not intended to be a route, you can exclude it using one of these options:
  1. Rename the file to "C:\Users\Admin\Desktop\CogainCore\cogain-core\frontend\bizdoc\src\routes\_app\rnd\drawing\_components\-drawing-filter-popover.tsx" (prefix with "-")
  2. Use 'routeFileIgnorePattern' in your config to match this file

Current configuration:
  routeFileIgnorePrefix: "-"
  routeFileIgnorePattern: undefined
Warning: Route file "C:/Users/Admin/Desktop/CogainCore/cogain-core/frontend/bizdoc/src/routes/_app/rnd/drawing/_components/drawing-form.tsx" does not export a Route. This file will not be included in the route tree.

If this file is not intended to be a route, you can exclude it using one of these options:
  1. Rename the file to "C:\Users\Admin\Desktop\CogainCore\cogain-core\frontend\bizdoc\src\routes\_app\rnd\drawing\_components\-drawing-form.tsx" (prefix with "-")
  2. Use 'routeFileIgnorePattern' in your config to match this file

Current configuration:
  routeFileIgnorePrefix: "-"
  routeFileIgnorePattern: undefined
Warning: Route file "C:/Users/Admin/Desktop/CogainCore/cogain-core/frontend/bizdoc/src/routes/_app/rnd/item-template-group/_components/item-template-group-form.tsx" does not export a Route. This file will not be included in the route tree.

If this file is not intended to be a route, you can exclude it using one of these options:
  1. Rename the file to "C:\Users\Admin\Desktop\CogainCore\cogain-core\frontend\bizdoc\src\routes\_app\rnd\item-template-group\_components\-item-template-group-form.tsx" (prefix with "-")
  2. Use 'routeFileIgnorePattern' in your config to match this file

Current configuration:
  routeFileIgnorePrefix: "-"
  routeFileIgnorePattern: undefined
Warning: Route file "C:/Users/Admin/Desktop/CogainCore/cogain-core/frontend/bizdoc/src/routes/_app/rnd/drawing/_components/drawing-version-up-form.tsx" does not export a Route. This file will not be included in the route tree.

If this file is not intended to be a route, you can exclude it using one of these options:
  1. Rename the file to "C:\Users\Admin\Desktop\CogainCore\cogain-core\frontend\bizdoc\src\routes\_app\rnd\drawing\_components\-drawing-version-up-form.tsx" (prefix with "-")
  2. Use 'routeFileIgnorePattern' in your config to match this file

Current configuration:
  routeFileIgnorePrefix: "-"
  routeFileIgnorePattern: undefined
Warning: Route file "C:/Users/Admin/Desktop/CogainCore/cogain-core/frontend/bizdoc/src/routes/_app/rnd/material-group/_components/material-group-filter-popover.tsx" does not export a Route. This file will not be included in the route tree.

If this file is not intended to be a route, you can exclude it using one of these options:
  1. Rename the file to "C:\Users\Admin\Desktop\CogainCore\cogain-core\frontend\bizdoc\src\routes\_app\rnd\material-group\_components\-material-group-filter-popover.tsx" (prefix with "-")
  2. Use 'routeFileIgnorePattern' in your config to match this file

Current configuration:
  routeFileIgnorePrefix: "-"
  routeFileIgnorePattern: undefined
Warning: Route file "C:/Users/Admin/Desktop/CogainCore/cogain-core/frontend/bizdoc/src/routes/_app/rnd/material-type/_components/material-type-form.tsx" does not export a Route. This file will not be included in the route tree.

If this file is not intended to be a route, you can exclude it using one of these options:
  1. Rename the file to "C:\Users\Admin\Desktop\CogainCore\cogain-core\frontend\bizdoc\src\routes\_app\rnd\material-type\_components\-material-type-form.tsx" (prefix with "-")
  2. Use 'routeFileIgnorePattern' in your config to match this file

Current configuration:
  routeFileIgnorePrefix: "-"
  routeFileIgnorePattern: undefined
Warning: Route file "C:/Users/Admin/Desktop/CogainCore/cogain-core/frontend/bizdoc/src/routes/_app/rnd/item-template-type/_components/item-template-type-form.tsx" does not export a Route. This file will not be included in the route tree.

If this file is not intended to be a route, you can exclude it using one of these options:
  1. Rename the file to "C:\Users\Admin\Desktop\CogainCore\cogain-core\frontend\bizdoc\src\routes\_app\rnd\item-template-type\_components\-item-template-type-form.tsx" (prefix with "-")
  2. Use 'routeFileIgnorePattern' in your config to match this file

Current configuration:
  routeFileIgnorePrefix: "-"
  routeFileIgnorePattern: undefined
Warning: Route file "C:/Users/Admin/Desktop/CogainCore/cogain-core/frontend/bizdoc/src/routes/_app/rnd/drawing/_hooks/use-drawing.tsx" does not export a Route. This file will not be included in the route tree.

If this file is not intended to be a route, you can exclude it using one of these options:
  1. Rename the file to "C:\Users\Admin\Desktop\CogainCore\cogain-core\frontend\bizdoc\src\routes\_app\rnd\drawing\_hooks\-use-drawing.tsx" (prefix with "-")
  2. Use 'routeFileIgnorePattern' in your config to match this file

Current configuration:
  routeFileIgnorePrefix: "-"
  routeFileIgnorePattern: undefined
Warning: Route file "C:/Users/Admin/Desktop/CogainCore/cogain-core/frontend/bizdoc/src/routes/_app/rnd/material-group/_components/material-group-form.tsx" does not export a Route. This file will not be included in the route tree.

If this file is not intended to be a route, you can exclude it using one of these options:
  1. Rename the file to "C:\Users\Admin\Desktop\CogainCore\cogain-core\frontend\bizdoc\src\routes\_app\rnd\material-group\_components\-material-group-form.tsx" (prefix with "-")
  2. Use 'routeFileIgnorePattern' in your config to match this file

Current configuration:
  routeFileIgnorePrefix: "-"
  routeFileIgnorePattern: undefined
Warning: Route file "C:/Users/Admin/Desktop/CogainCore/cogain-core/frontend/bizdoc/src/routes/_app/rnd/material-type/_components/material-type-filter-popover.tsx" does not export a Route. This file will not be included in the route tree.

If this file is not intended to be a route, you can exclude it using one of these options:
  1. Rename the file to "C:\Users\Admin\Desktop\CogainCore\cogain-core\frontend\bizdoc\src\routes\_app\rnd\material-type\_components\-material-type-filter-popover.tsx" (prefix with "-")
  2. Use 'routeFileIgnorePattern' in your config to match this file

Current configuration:
  routeFileIgnorePrefix: "-"
  routeFileIgnorePattern: undefined
Warning: Route file "C:/Users/Admin/Desktop/CogainCore/cogain-core/frontend/bizdoc/src/routes/_app/rnd/material/_components/material-filter-popover.tsx" does not export a Route. This file will not be included in the route tree.

If this file is not intended to be a route, you can exclude it using one of these options:
  1. Rename the file to "C:\Users\Admin\Desktop\CogainCore\cogain-core\frontend\bizdoc\src\routes\_app\rnd\material\_components\-material-filter-popover.tsx" (prefix with "-")
  2. Use 'routeFileIgnorePattern' in your config to match this file

Current configuration:
  routeFileIgnorePrefix: "-"
  routeFileIgnorePattern: undefined
Warning: Route file "C:/Users/Admin/Desktop/CogainCore/cogain-core/frontend/bizdoc/src/routes/_app/rnd/raw-material-template/_components/raw-material-template-form.tsx" does not export a Route. This file will not be included in the route tree.

If this file is not intended to be a route, you can exclude it using one of these options:
  1. Rename the file to "C:\Users\Admin\Desktop\CogainCore\cogain-core\frontend\bizdoc\src\routes\_app\rnd\raw-material-template\_components\-raw-material-template-form.tsx" (prefix with "-")
  2. Use 'routeFileIgnorePattern' in your config to match this file

Current configuration:
  routeFileIgnorePrefix: "-"
  routeFileIgnorePattern: undefined
Warning: Route file "C:/Users/Admin/Desktop/CogainCore/cogain-core/frontend/bizdoc/src/routes/_app/rnd/semi-finished-good/_components/semi-finished-good-filter-popover.tsx" does not export a Route. This file will not be included in the route tree.

If this file is not intended to be a route, you can exclude it using one of these options:
  1. Rename the file to "C:\Users\Admin\Desktop\CogainCore\cogain-core\frontend\bizdoc\src\routes\_app\rnd\semi-finished-good\_components\-semi-finished-good-filter-popover.tsx" (prefix with "-")
  2. Use 'routeFileIgnorePattern' in your config to match this file

Current configuration:
  routeFileIgnorePrefix: "-"
  routeFileIgnorePattern: undefined
Warning: Route file "C:/Users/Admin/Desktop/CogainCore/cogain-core/frontend/bizdoc/src/routes/_app/rnd/material/_components/material-form.tsx" does not export a Route. This file will not be included in the route tree.

If this file is not intended to be a route, you can exclude it using one of these options:
  1. Rename the file to "C:\Users\Admin\Desktop\CogainCore\cogain-core\frontend\bizdoc\src\routes\_app\rnd\material\_components\-material-form.tsx" (prefix with "-")
  2. Use 'routeFileIgnorePattern' in your config to match this file

Current configuration:
  routeFileIgnorePrefix: "-"
  routeFileIgnorePattern: undefined
Warning: Route file "C:/Users/Admin/Desktop/CogainCore/cogain-core/frontend/bizdoc/src/routes/_app/rnd/semi-finished-good/_components/semi-finished-good-children-table.tsx" does not export a Route. This file will not be included in the route tree.

If this file is not intended to be a route, you can exclude it using one of these options:
  1. Rename the file to "C:\Users\Admin\Desktop\CogainCore\cogain-core\frontend\bizdoc\src\routes\_app\rnd\semi-finished-good\_components\-semi-finished-good-children-table.tsx" (prefix with "-")
  2. Use 'routeFileIgnorePattern' in your config to match this file

Current configuration:
  routeFileIgnorePrefix: "-"
  routeFileIgnorePattern: undefined
Warning: Route file "C:/Users/Admin/Desktop/CogainCore/cogain-core/frontend/bizdoc/src/routes/_app/sale/project/_components/project-detail-filter-popover.tsx" does not export a Route. This file will not be included in the route tree.

If this file is not intended to be a route, you can exclude it using one of these options:
  1. Rename the file to "C:\Users\Admin\Desktop\CogainCore\cogain-core\frontend\bizdoc\src\routes\_app\sale\project\_components\-project-detail-filter-popover.tsx" (prefix with "-")
  2. Use 'routeFileIgnorePattern' in your config to match this file

Current configuration:
  routeFileIgnorePrefix: "-"
  routeFileIgnorePattern: undefined
Warning: Route file "C:/Users/Admin/Desktop/CogainCore/cogain-core/frontend/bizdoc/src/routes/_app/rnd/semi-finished-good/_components/semi-finished-good-form-children-table.tsx" does not export a Route. This file will not be included in the route tree.

If this file is not intended to be a route, you can exclude it using one of these options:
  1. Rename the file to "C:\Users\Admin\Desktop\CogainCore\cogain-core\frontend\bizdoc\src\routes\_app\rnd\semi-finished-good\_components\-semi-finished-good-form-children-table.tsx" (prefix with "-")
  2. Use 'routeFileIgnorePattern' in your config to match this file

Current configuration:
  routeFileIgnorePrefix: "-"
  routeFileIgnorePattern: undefined
Warning: Route file "C:/Users/Admin/Desktop/CogainCore/cogain-core/frontend/bizdoc/src/routes/_app/rnd/semi-finished-good/_components/semi-finished-good-form-children-selection-dialog.tsx" does not export a Route. This file will not be included in the route tree.

If this file is not intended to be a route, you can exclude it using one of these options:
  1. Rename the file to "C:\Users\Admin\Desktop\CogainCore\cogain-core\frontend\bizdoc\src\routes\_app\rnd\semi-finished-good\_components\-semi-finished-good-form-children-selection-dialog.tsx" (prefix with "-")
  2. Use 'routeFileIgnorePattern' in your config to match this file

Current configuration:
  routeFileIgnorePrefix: "-"
  routeFileIgnorePattern: undefined
Warning: Route file "C:/Users/Admin/Desktop/CogainCore/cogain-core/frontend/bizdoc/src/routes/_app/rnd/semi-finished-good/_components/semi-finished-good-form.tsx" does not export a Route. This file will not be included in the route tree.

If this file is not intended to be a route, you can exclude it using one of these options:
  1. Rename the file to "C:\Users\Admin\Desktop\CogainCore\cogain-core\frontend\bizdoc\src\routes\_app\rnd\semi-finished-good\_components\-semi-finished-good-form.tsx" (prefix with "-")
  2. Use 'routeFileIgnorePattern' in your config to match this file

Current configuration:
  routeFileIgnorePrefix: "-"
  routeFileIgnorePattern: undefined
Warning: Route file "C:/Users/Admin/Desktop/CogainCore/cogain-core/frontend/bizdoc/src/routes/_app/sale/project/_components/project-form-detail-table.tsx" does not export a Route. This file will not be included in the route tree.

If this file is not intended to be a route, you can exclude it using one of these options:
  1. Rename the file to "C:\Users\Admin\Desktop\CogainCore\cogain-core\frontend\bizdoc\src\routes\_app\sale\project\_components\-project-form-detail-table.tsx" (prefix with "-")
  2. Use 'routeFileIgnorePattern' in your config to match this file

Current configuration:
  routeFileIgnorePrefix: "-"
  routeFileIgnorePattern: undefined
Warning: Route file "C:/Users/Admin/Desktop/CogainCore/cogain-core/frontend/bizdoc/src/routes/_app/sale/project/_components/project-filter-popover.tsx" does not export a Route. This file will not be included in the route tree.

If this file is not intended to be a route, you can exclude it using one of these options:
  1. Rename the file to "C:\Users\Admin\Desktop\CogainCore\cogain-core\frontend\bizdoc\src\routes\_app\sale\project\_components\-project-filter-popover.tsx" (prefix with "-")
  2. Use 'routeFileIgnorePattern' in your config to match this file

Current configuration:
  routeFileIgnorePrefix: "-"
  routeFileIgnorePattern: undefined
Warning: Route file "C:/Users/Admin/Desktop/CogainCore/cogain-core/frontend/bizdoc/src/routes/_app/sale/project/_components/project-detail-table.tsx" does not export a Route. This file will not be included in the route tree.

If this file is not intended to be a route, you can exclude it using one of these options:
  1. Rename the file to "C:\Users\Admin\Desktop\CogainCore\cogain-core\frontend\bizdoc\src\routes\_app\sale\project\_components\-project-detail-table.tsx" (prefix with "-")
  2. Use 'routeFileIgnorePattern' in your config to match this file

Current configuration:
  routeFileIgnorePrefix: "-"
  routeFileIgnorePattern: undefined
Warning: Route file "C:/Users/Admin/Desktop/CogainCore/cogain-core/frontend/bizdoc/src/routes/_app/sale/project/_components/project-form.tsx" does not export a Route. This file will not be included in the route tree.

If this file is not intended to be a route, you can exclude it using one of these options:
  1. Rename the file to "C:\Users\Admin\Desktop\CogainCore\cogain-core\frontend\bizdoc\src\routes\_app\sale\project\_components\-project-form.tsx" (prefix with "-")
  2. Use 'routeFileIgnorePattern' in your config to match this file

Current configuration:
  routeFileIgnorePrefix: "-"
  routeFileIgnorePattern: undefined
Warning: Route file "C:/Users/Admin/Desktop/CogainCore/cogain-core/frontend/bizdoc/src/routes/_app/sale/project/_hooks/use-project.tsx" does not export a Route. This file will not be included in the route tree.

If this file is not intended to be a route, you can exclude it using one of these options:
  1. Rename the file to "C:\Users\Admin\Desktop\CogainCore\cogain-core\frontend\bizdoc\src\routes\_app\sale\project\_hooks\-use-project.tsx" (prefix with "-")
  2. Use 'routeFileIgnorePattern' in your config to match this file

Current configuration:
  routeFileIgnorePrefix: "-"
  routeFileIgnorePattern: undefined
Warning: Route file "C:/Users/Admin/Desktop/CogainCore/cogain-core/frontend/bizdoc/src/routes/_app/sale/project/_components/project-sub-form-row.tsx" does not export a Route. This file will not be included in the route tree.

If this file is not intended to be a route, you can exclude it using one of these options:
  1. Rename the file to "C:\Users\Admin\Desktop\CogainCore\cogain-core\frontend\bizdoc\src\routes\_app\sale\project\_components\-project-sub-form-row.tsx" (prefix with "-")
  2. Use 'routeFileIgnorePattern' in your config to match this file

Current configuration:
  routeFileIgnorePrefix: "-"
  routeFileIgnorePattern: undefined
Warning: Route file "C:/Users/Admin/Desktop/CogainCore/cogain-core/frontend/bizdoc/src/routes/_app/attendance/business-trip/_schema/index.ts" does not export a Route. This file will not be included in the route tree.

If this file is not intended to be a route, you can exclude it using one of these options:
  1. Rename the file to "C:\Users\Admin\Desktop\CogainCore\cogain-core\frontend\bizdoc\src\routes\_app\attendance\business-trip\_schema\-index.ts" (prefix with "-")
  2. Use 'routeFileIgnorePattern' in your config to match this file

Current configuration:
  routeFileIgnorePrefix: "-"
  routeFileIgnorePattern: undefined
Warning: Route file "C:/Users/Admin/Desktop/CogainCore/cogain-core/frontend/bizdoc/src/routes/_app/attendance/business-trip/_schema/business-trip.schema.ts" does not export a Route. This file will not be included in the route tree.

If this file is not intended to be a route, you can exclude it using one of these options:
  1. Rename the file to "C:\Users\Admin\Desktop\CogainCore\cogain-core\frontend\bizdoc\src\routes\_app\attendance\business-trip\_schema\-business-trip.schema.ts" (prefix with "-")
  2. Use 'routeFileIgnorePattern' in your config to match this file

Current configuration:
  routeFileIgnorePrefix: "-"
  routeFileIgnorePattern: undefined
Warning: Route file "C:/Users/Admin/Desktop/CogainCore/cogain-core/frontend/bizdoc/src/routes/_app/maintenance-management/maintenance-order/$id/detail/use-maintenance-order-detail-filters.ts" does not export a Route. This file will not be included in the route tree.

If this file is not intended to be a route, you can exclude it using one of these options:
  1. Rename the file to "C:\Users\Admin\Desktop\CogainCore\cogain-core\frontend\bizdoc\src\routes\_app\maintenance-management\maintenance-order\$id\detail\-use-maintenance-order-detail-filters.ts" (prefix with "-")
  2. Use 'routeFileIgnorePattern' in your config to match this file

Current configuration:
  routeFileIgnorePrefix: "-"
  routeFileIgnorePattern: undefined
Warning: Route file "C:/Users/Admin/Desktop/CogainCore/cogain-core/frontend/bizdoc/src/routes/_app/logistic/packing-list-report/_components/packing-list-report.types.ts" does not export a Route. This file will not be included in the route tree.

If this file is not intended to be a route, you can exclude it using one of these options:
  1. Rename the file to "C:\Users\Admin\Desktop\CogainCore\cogain-core\frontend\bizdoc\src\routes\_app\logistic\packing-list-report\_components\-packing-list-report.types.ts" (prefix with "-")
  2. Use 'routeFileIgnorePattern' in your config to match this file

Current configuration:
  routeFileIgnorePrefix: "-"
  routeFileIgnorePattern: undefined
Warning: Route file "C:/Users/Admin/Desktop/CogainCore/cogain-core/frontend/bizdoc/src/routes/_app/logistic/delivery-packaging/$id/detail/use-delivery-packaging-detail-filters.ts" does not export a Route. This file will not be included in the route tree.

If this file is not intended to be a route, you can exclude it using one of these options:
  1. Rename the file to "C:\Users\Admin\Desktop\CogainCore\cogain-core\frontend\bizdoc\src\routes\_app\logistic\delivery-packaging\$id\detail\-use-delivery-packaging-detail-filters.ts" (prefix with "-")
  2. Use 'routeFileIgnorePattern' in your config to match this file

Current configuration:
  routeFileIgnorePrefix: "-"
  routeFileIgnorePattern: undefined
Warning: Route file "C:/Users/Admin/Desktop/CogainCore/cogain-core/frontend/bizdoc/src/routes/_app/installation-management/installation-order/$id/detail/use-installation-order-detail-filters.ts" does not export a Route. This file will not be included in the route tree.

If this file is not intended to be a route, you can exclude it using one of these options:
  1. Rename the file to "C:\Users\Admin\Desktop\CogainCore\cogain-core\frontend\bizdoc\src\routes\_app\installation-management\installation-order\$id\detail\-use-installation-order-detail-filters.ts" (prefix with "-")
  2. Use 'routeFileIgnorePattern' in your config to match this file

Current configuration:
  routeFileIgnorePrefix: "-"
  routeFileIgnorePattern: undefined
Warning: Route file "C:/Users/Admin/Desktop/CogainCore/cogain-core/frontend/bizdoc/src/routes/_app/production-management/norm/$id/detail/use-production-norm-detail-filters.ts" does not export a Route. This file will not be included in the route tree.

If this file is not intended to be a route, you can exclude it using one of these options:
  1. Rename the file to "C:\Users\Admin\Desktop\CogainCore\cogain-core\frontend\bizdoc\src\routes\_app\production-management\norm\$id\detail\-use-production-norm-detail-filters.ts" (prefix with "-")
  2. Use 'routeFileIgnorePattern' in your config to match this file

Current configuration:
  routeFileIgnorePrefix: "-"
  routeFileIgnorePattern: undefined
Warning: Route file "C:/Users/Admin/Desktop/CogainCore/cogain-core/frontend/bizdoc/src/routes/_app/production-management/budget/$id/detail/use-production-budget-detail-filters.ts" does not export a Route. This file will not be included in the route tree.

If this file is not intended to be a route, you can exclude it using one of these options:
  1. Rename the file to "C:\Users\Admin\Desktop\CogainCore\cogain-core\frontend\bizdoc\src\routes\_app\production-management\budget\$id\detail\-use-production-budget-detail-filters.ts" (prefix with "-")
  2. Use 'routeFileIgnorePattern' in your config to match this file

Current configuration:
  routeFileIgnorePrefix: "-"
  routeFileIgnorePattern: undefined
Warning: Route file "C:/Users/Admin/Desktop/CogainCore/cogain-core/frontend/bizdoc/src/routes/_app/production-management/non-manpower-dispatch/$id/detail/use-non-manpower-dispatch-detail-filters.ts" does not export a Route. This file will not be included in the route tree.

If this file is not intended to be a route, you can exclude it using one of these options:
  1. Rename the file to "C:\Users\Admin\Desktop\CogainCore\cogain-core\frontend\bizdoc\src\routes\_app\production-management\non-manpower-dispatch\$id\detail\-use-non-manpower-dispatch-detail-filters.ts" (prefix with "-")
  2. Use 'routeFileIgnorePattern' in your config to match this file

Current configuration:
  routeFileIgnorePrefix: "-"
  routeFileIgnorePattern: undefined
Warning: Route file "C:/Users/Admin/Desktop/CogainCore/cogain-core/frontend/bizdoc/src/routes/_app/production-management/manpower-dispatch/$id/detail/use-manpower-dispatch-detail-filters.ts" does not export a Route. This file will not be included in the route tree.

If this file is not intended to be a route, you can exclude it using one of these options:
  1. Rename the file to "C:\Users\Admin\Desktop\CogainCore\cogain-core\frontend\bizdoc\src\routes\_app\production-management\manpower-dispatch\$id\detail\-use-manpower-dispatch-detail-filters.ts" (prefix with "-")
  2. Use 'routeFileIgnorePattern' in your config to match this file

Current configuration:
  routeFileIgnorePrefix: "-"
  routeFileIgnorePattern: undefined
Warning: Route file "C:/Users/Admin/Desktop/CogainCore/cogain-core/frontend/bizdoc/src/routes/_app/rnd/drawing/_components/drawing-print/drawing-print.tsx" does not export a Route. This file will not be included in the route tree.

If this file is not intended to be a route, you can exclude it using one of these options:
  1. Rename the file to "C:\Users\Admin\Desktop\CogainCore\cogain-core\frontend\bizdoc\src\routes\_app\rnd\drawing\_components\drawing-print\-drawing-print.tsx" (prefix with "-")
  2. Use 'routeFileIgnorePattern' in your config to match this file

Current configuration:
  routeFileIgnorePrefix: "-"
  routeFileIgnorePattern: undefined
Warning: Route file "C:/Users/Admin/Desktop/CogainCore/cogain-core/frontend/bizdoc/src/routes/_app/production-management/order/$id/detail/use-production-order-detail-filters.ts" does not export a Route. This file will not be included in the route tree.

If this file is not intended to be a route, you can exclude it using one of these options:
  1. Rename the file to "C:\Users\Admin\Desktop\CogainCore\cogain-core\frontend\bizdoc\src\routes\_app\production-management\order\$id\detail\-use-production-order-detail-filters.ts" (prefix with "-")
  2. Use 'routeFileIgnorePattern' in your config to match this file

Current configuration:
  routeFileIgnorePrefix: "-"
  routeFileIgnorePattern: undefined
vite v7.3.1 building client environment for production...
transforming...
../../node_modules/.pnpm/@microsoft+signalr@9.0.6/node_modules/@microsoft/signalr/dist/esm/Utils.js (190:0): A comment

"/*#__PURE__*/"

in "../../node_modules/.pnpm/@microsoft+signalr@9.0.6/node_modules/@microsoft/signalr/dist/esm/Utils.js" contains an annotation that Rollup cannot interpret due to the position of the comment. The comment will be removed to avoid issues.
../../node_modules/.pnpm/@microsoft+signalr@9.0.6/node_modules/@microsoft/signalr/dist/esm/Utils.js (208:0): A comment

"/*#__PURE__*/"

in "../../node_modules/.pnpm/@microsoft+signalr@9.0.6/node_modules/@microsoft/signalr/dist/esm/Utils.js" contains an annotation that Rollup cannot interpret due to the position of the comment. The comment will be removed to avoid issues.
✓ 6336 modules transformed.
rendering chunks...
[plugin vite:reporter] 
(!) C:/Users/Admin/Desktop/CogainCore/cogain-core/frontend/bizdoc/src/lib/ensure-valid-token.ts is dynamically imported by C:/Users/Admin/Desktop/CogainCore/cogain-core/frontend/bizdoc/src/lib/api-client.ts but also statically imported by C:/Users/Admin/Desktop/CogainCore/cogain-core/frontend/bizdoc/src/components/provider/generic-signalr-provider.tsx, C:/Users/Admin/Desktop/CogainCore/cogain-core/frontend/bizdoc/src/lib/api-client.ts, C:/Users/Admin/Desktop/CogainCore/cogain-core/frontend/bizdoc/src/routes/_app.tsx, C:/Users/Admin/Desktop/CogainCore/cogain-core/frontend/bizdoc/src/services/auth/auth-service.ts, dynamic import will not move module into another chunk.

computing gzip size...
dist/index.html                                                               0.52 kB │ gzip:   0.33 kB
dist/assets/martech-logo-CYJ8gHEm.png                                        11.06 kB
dist/assets/bizdoc-logo-BBRQgBuL.png                                         24.11 kB
dist/assets/SVN-GilroySemiBold-7A3mKi4J.woff2                                27.93 kB
dist/assets/SVN-Gilroy-D2zDpwml.woff2                                        29.52 kB
dist/assets/SVN-GilroyMedium-2b0jty1F.woff2                                  31.31 kB
dist/assets/logo-martech-CzmkkXZa.png                                       113.55 kB
dist/assets/index-C43gL-hI.css                                              349.33 kB │ gzip:  49.57 kB
dist/assets/usage-status.enum-n5RlZffn.js                                     0.09 kB │ gzip:   0.10 kB
dist/assets/raw-mat-pmr-detail-type.enum-DQuPF954.js                          0.10 kB │ gzip:   0.10 kB
dist/assets/acceptance-verify-result.enum-CN9JWZt5.js                         0.11 kB │ gzip:   0.11 kB
dist/assets/production-object-type.enum-Dh2o2ORt.js                           0.12 kB │ gzip:   0.10 kB
dist/assets/specification-type.enum-Bmtso3WA.js                               0.13 kB │ gzip:   0.12 kB
dist/assets/work-item.type-llchcl-x.js                                        0.14 kB │ gzip:   0.13 kB
dist/assets/payment-request.type-DbeDdJWp.js                                  0.15 kB │ gzip:   0.15 kB
dist/assets/service-role.enum-COD4XWaj.js                                     0.16 kB │ gzip:   0.14 kB
dist/assets/acceptance-type.enum-BZ9ZO0D4.js                                  0.17 kB │ gzip:   0.14 kB
dist/assets/cash-book-service-CO1UC0DT.js                                     0.18 kB │ gzip:   0.16 kB
dist/assets/step-status-service-D987S6oh.js                                   0.18 kB │ gzip:   0.16 kB
dist/assets/drawing-type-service-j_-LcEpW.js                                  0.18 kB │ gzip:   0.16 kB
dist/assets/drawing-status-service-C9hvKWwJ.js                                0.18 kB │ gzip:   0.17 kB
dist/assets/drawing-purpose-service-Bo_dg2PF.js                               0.18 kB │ gzip:   0.17 kB
dist/assets/project-product-item-service-60KwgmpJ.js                          0.19 kB │ gzip:   0.17 kB
dist/assets/report-Dva3s2EM.js                                                0.20 kB │ gzip:   0.16 kB
dist/assets/tally-1-DlJkmyNN.js                                               0.20 kB │ gzip:   0.18 kB
dist/assets/slash-DVO3aWj1.js                                                 0.20 kB │ gzip:   0.18 kB
dist/assets/wifi-zero-BI4HFm5b.js                                             0.21 kB │ gzip:   0.19 kB
dist/assets/signal-zero-BTuQKTmm.js                                           0.21 kB │ gzip:   0.19 kB
dist/assets/circle-6GKmIvu_.js                                                0.21 kB │ gzip:   0.19 kB
dist/assets/dot-BlAlzwGt.js                                                   0.21 kB │ gzip:   0.19 kB
dist/assets/circle-small-CudI2spq.js                                          0.22 kB │ gzip:   0.19 kB
dist/assets/mountain-Y11IY6mZ.js                                              0.22 kB │ gzip:   0.20 kB
dist/assets/bluetooth-DJcZOzps.js                                             0.22 kB │ gzip:   0.20 kB
dist/assets/fish-symbol-CjhZPVET.js                                           0.23 kB │ gzip:   0.20 kB
dist/assets/square-DYAB78Qe.js                                                0.23 kB │ gzip:   0.20 kB
dist/assets/sale-order-BsMXEzvs.js                                            0.23 kB │ gzip:   0.19 kB
dist/assets/project-VpULa4wX.js                                               0.23 kB │ gzip:   0.19 kB
dist/assets/sale-order-B4NFg3xF.js                                            0.23 kB │ gzip:   0.19 kB
dist/assets/project-60EFjGvg.js                                               0.23 kB │ gzip:   0.19 kB
dist/assets/production-unit.type-26uzFCqm.js                                  0.23 kB │ gzip:   0.21 kB
dist/assets/navigation-2-DFxuNMGF.js                                          0.23 kB │ gzip:   0.21 kB
dist/assets/space-CL19nw5R.js                                                 0.24 kB │ gzip:   0.21 kB
dist/assets/twitch-D3DR4_1W.js                                                0.24 kB │ gzip:   0.21 kB
dist/assets/framer-KjiQQp0y.js                                                0.24 kB │ gzip:   0.21 kB
dist/assets/egg-DiOw8xzm.js                                                   0.24 kB │ gzip:   0.21 kB
dist/assets/tally-2-_P_zY5wU.js                                               0.24 kB │ gzip:   0.20 kB
dist/assets/thermometer-BrMutOgW.js                                           0.24 kB │ gzip:   0.21 kB
dist/assets/rectangle-vertical-Clvcjbuv.js                                    0.24 kB │ gzip:   0.21 kB
dist/assets/option-CgMw_7vZ.js                                                0.24 kB │ gzip:   0.21 kB
dist/assets/cloud-Go3vkDj-.js                                                 0.24 kB │ gzip:   0.21 kB
dist/assets/signal-low-DrKFXeDm.js                                            0.24 kB │ gzip:   0.21 kB
dist/assets/unlink-2-CpRfGByC.js                                              0.24 kB │ gzip:   0.21 kB
dist/assets/rectangle-horizontal-BdT3uwJv.js                                  0.25 kB │ gzip:   0.21 kB
dist/assets/move-up-wUd0M38U.js                                               0.25 kB │ gzip:   0.21 kB
dist/assets/terminal-DvPfssQD.js                                              0.25 kB │ gzip:   0.21 kB
dist/assets/bookmark-BJjn1D1L.js                                              0.25 kB │ gzip:   0.22 kB
dist/assets/move-left-B0AcwZp4.js                                             0.25 kB │ gzip:   0.21 kB
dist/assets/squircle-X-RgGNm6.js                                              0.25 kB │ gzip:   0.21 kB
dist/assets/move-up-left-EQGkxovz.js                                          0.25 kB │ gzip:   0.21 kB
dist/assets/arrow-up-left-CE4W2T-p.js                                         0.25 kB │ gzip:   0.21 kB
dist/assets/chevron-last-CUh5CmMN.js                                          0.25 kB │ gzip:   0.21 kB
dist/assets/chevron-first-BjQjK5kA.js                                         0.25 kB │ gzip:   0.21 kB
dist/assets/move-down-DNJCPw25.js                                             0.25 kB │ gzip:   0.21 kB
dist/assets/move-up-right-BMsjtKYs.js                                         0.25 kB │ gzip:   0.21 kB
dist/assets/music-3-C64ElMZq.js                                               0.25 kB │ gzip:   0.22 kB
dist/assets/arrow-down-left-CoX3A0ZM.js                                       0.25 kB │ gzip:   0.21 kB
dist/assets/clock-12-DSTKgmu6.js                                              0.25 kB │ gzip:   0.22 kB
dist/assets/clock-6-qv5BENL2.js                                               0.25 kB │ gzip:   0.22 kB
dist/assets/move-down-left-CE3c1ktY.js                                        0.25 kB │ gzip:   0.21 kB
dist/assets/move-right-DqlZY-5c.js                                            0.25 kB │ gzip:   0.21 kB
dist/assets/arrow-down-right-C4zIUZr9.js                                      0.25 kB │ gzip:   0.22 kB
dist/assets/clock-9-CmkKthe2.js                                               0.25 kB │ gzip:   0.22 kB
dist/assets/move-down-right-Bm-mr2R1.js                                       0.25 kB │ gzip:   0.22 kB
dist/assets/music-2-D_U9Ftwz.js                                               0.25 kB │ gzip:   0.22 kB
dist/assets/chevrons-down-BzxpOS9Q.js                                         0.26 kB │ gzip:   0.20 kB
dist/assets/clock-1-CgE93zax.js                                               0.26 kB │ gzip:   0.22 kB
dist/assets/clock-2-OwKTMBz4.js                                               0.26 kB │ gzip:   0.22 kB
dist/assets/clock-4-1mw-ZYCk.js                                               0.26 kB │ gzip:   0.22 kB
dist/assets/clock-5-B2GIxDr6.js                                               0.26 kB │ gzip:   0.22 kB
dist/assets/chevrons-up-BqGr_LKa.js                                           0.26 kB │ gzip:   0.20 kB
dist/assets/clock-7-Dp4JQaVh.js                                               0.26 kB │ gzip:   0.22 kB
dist/assets/clock-8-CIwqVgp_.js                                               0.26 kB │ gzip:   0.22 kB
dist/assets/infinity-CJ2X9m5Q.js                                              0.26 kB │ gzip:   0.22 kB
dist/assets/not-found-CCGQktVe.js                                             0.26 kB │ gzip:   0.20 kB
dist/assets/acceptance-room-status.enum-C4_3ib1k.js                           0.26 kB │ gzip:   0.18 kB
dist/assets/chevrons-right-DGKQMxM8.js                                        0.26 kB │ gzip:   0.21 kB
dist/assets/clock-10-BTaDtZVC.js                                              0.26 kB │ gzip:   0.22 kB
dist/assets/clock-11-Cd13zliN.js                                              0.26 kB │ gzip:   0.22 kB
dist/assets/power-CQKrJLGr.js                                                 0.26 kB │ gzip:   0.22 kB
dist/assets/blend-BAcMsTq_.js                                                 0.26 kB │ gzip:   0.20 kB
dist/assets/chevrons-left-C5se7sQ5.js                                         0.26 kB │ gzip:   0.21 kB
dist/assets/gauge-DESZi1Rm.js                                                 0.26 kB │ gzip:   0.22 kB
dist/assets/disc-TFB6aavy.js                                                  0.26 kB │ gzip:   0.20 kB
dist/assets/reply-DLTVp9Ds.js                                                 0.26 kB │ gzip:   0.22 kB
dist/assets/wifi-low-D8L6QBcg.js                                              0.26 kB │ gzip:   0.22 kB
dist/assets/chevrons-left-right-CsNjk5_7.js                                   0.26 kB │ gzip:   0.22 kB
dist/assets/circle-slash-2-BYnCkZ5y.js                                        0.26 kB │ gzip:   0.22 kB
dist/assets/facebook-DeJGLPt-.js                                              0.26 kB │ gzip:   0.23 kB
dist/assets/trending-down-BZsm3Mr-.js                                         0.26 kB │ gzip:   0.22 kB
dist/assets/chevrons-right-left-SYk6tlyW.js                                   0.26 kB │ gzip:   0.22 kB
dist/assets/forward-BYPHOZ3e.js                                               0.26 kB │ gzip:   0.22 kB
dist/assets/iteration-cw-D95D12HX.js                                          0.26 kB │ gzip:   0.22 kB
dist/assets/russian-ruble-f7UbmPCz.js                                         0.26 kB │ gzip:   0.22 kB
dist/assets/triangle-C7FWRoSQ.js                                              0.26 kB │ gzip:   0.22 kB
dist/assets/eclipse-CpF1o_nj.js                                               0.27 kB │ gzip:   0.22 kB
dist/assets/circle-dot-DiAiyFYN.js                                            0.27 kB │ gzip:   0.20 kB
dist/assets/command-BvOpfaWO.js                                               0.27 kB │ gzip:   0.22 kB
dist/assets/iteration-ccw-Y5_CkVzO.js                                         0.27 kB │ gzip:   0.23 kB
dist/assets/mouse-m0S31IOm.js                                                 0.27 kB │ gzip:   0.23 kB
dist/assets/circle-chevron-up-DZHqVRxq.js                                     0.27 kB │ gzip:   0.23 kB
dist/assets/chart-line-DB3s6kk0.js                                            0.27 kB │ gzip:   0.23 kB
dist/assets/corner-right-up-DntUJgaY.js                                       0.27 kB │ gzip:   0.23 kB
dist/assets/rows-2-CFXZUtzw.js                                                0.27 kB │ gzip:   0.23 kB
dist/assets/corner-down-left-DZVibhrn.js                                      0.27 kB │ gzip:   0.23 kB
dist/assets/corner-left-up-D8J9k0jK.js                                        0.27 kB │ gzip:   0.23 kB
dist/assets/crop-LCIhsN7V.js                                                  0.27 kB │ gzip:   0.22 kB
dist/assets/tv-CQuUzpBX.js                                                    0.27 kB │ gzip:   0.23 kB
dist/assets/circle-chevron-down-DZD3aNhF.js                                   0.27 kB │ gzip:   0.23 kB
dist/assets/circle-chevron-left-B8lMMUuf.js                                   0.27 kB │ gzip:   0.23 kB
dist/assets/circle-chevron-right-Bh5jLaYq.js                                  0.27 kB │ gzip:   0.23 kB
dist/assets/contrast-oeTelz-w.js                                              0.27 kB │ gzip:   0.23 kB
dist/assets/panel-top-DGNYmTUg.js                                             0.27 kB │ gzip:   0.23 kB
dist/assets/columns-2-Bjg2wN5z.js                                             0.27 kB │ gzip:   0.23 kB
dist/assets/corner-down-right-BU2fPzBU.js                                     0.27 kB │ gzip:   0.23 kB
dist/assets/corner-right-down-5AnaF1P2.js                                     0.27 kB │ gzip:   0.23 kB
dist/assets/corner-up-right-CtD90ifj.js                                       0.27 kB │ gzip:   0.23 kB
dist/assets/parentheses-B9DPwBQc.js                                           0.27 kB │ gzip:   0.22 kB
dist/assets/corner-left-down-CZjlDb1t.js                                      0.27 kB │ gzip:   0.23 kB
dist/assets/equal-DDEdbtzC.js                                                 0.27 kB │ gzip:   0.21 kB
dist/assets/flag-triangle-left-BXr6vDD5.js                                    0.27 kB │ gzip:   0.23 kB
dist/assets/flag-triangle-right-Dxu9sgJP.js                                   0.27 kB │ gzip:   0.24 kB
dist/assets/tv-minimal-BnPyGMdR.js                                            0.27 kB │ gzip:   0.23 kB
dist/assets/copyleft-cRZDvrvE.js                                              0.27 kB │ gzip:   0.23 kB
dist/assets/menu-ByBMoQBV.js                                                  0.27 kB │ gzip:   0.20 kB
dist/assets/panel-right-Pf9yct87.js                                           0.27 kB │ gzip:   0.23 kB
dist/assets/square-minus-dcLCn31V.js                                          0.27 kB │ gzip:   0.23 kB
dist/assets/play-CY6khD2s.js                                                  0.27 kB │ gzip:   0.23 kB
dist/assets/circle-slash-BYDpCSS5.js                                          0.27 kB │ gzip:   0.22 kB
dist/assets/diff-CNFWyPrj.js                                                  0.27 kB │ gzip:   0.21 kB
dist/assets/kanban-CIkfRj9f.js                                                0.27 kB │ gzip:   0.21 kB
dist/assets/panel-bottom-ZNOpFM2s.js                                          0.27 kB │ gzip:   0.23 kB
dist/assets/triangle-right-nzJduUNX.js                                        0.27 kB │ gzip:   0.24 kB
dist/assets/copyright-Cam5a-jY.js                                             0.28 kB │ gzip:   0.23 kB
dist/assets/tally-3-BSvuB281.js                                               0.28 kB │ gzip:   0.21 kB
dist/assets/battery-B6sPUMlx.js                                               0.28 kB │ gzip:   0.23 kB
dist/assets/circle-parking-BkqOKdOB.js                                        0.28 kB │ gzip:   0.23 kB
dist/assets/cylinder-C67eY29P.js                                              0.28 kB │ gzip:   0.24 kB
dist/assets/heading--ppw8eJo.js                                               0.28 kB │ gzip:   0.22 kB
dist/assets/sale-quotation-request.type-CZVMloRL.js                           0.28 kB │ gzip:   0.20 kB
dist/assets/dice-1-B2JBlJiG.js                                                0.28 kB │ gzip:   0.23 kB
dist/assets/book-dgKuu6fq.js                                                  0.28 kB │ gzip:   0.23 kB
dist/assets/list-filter-D6qxr5Ro.js                                           0.28 kB │ gzip:   0.22 kB
dist/assets/square-check-gqDv3HtH.js                                          0.28 kB │ gzip:   0.24 kB
dist/assets/smartphone-CoRR1f1H.js                                            0.28 kB │ gzip:   0.24 kB
dist/assets/line-squiggle-Cqu_pdSq.js                                         0.28 kB │ gzip:   0.24 kB
dist/assets/index-CbznTREn.js                                                 0.28 kB │ gzip:   0.25 kB
dist/assets/sale-quotation.type-IRKz2vi9.js                                   0.28 kB │ gzip:   0.21 kB
dist/assets/circle-stop-PHwX5Gh2.js                                           0.28 kB │ gzip:   0.23 kB
dist/assets/at-sign-agrS0UGM.js                                               0.28 kB │ gzip:   0.24 kB
dist/assets/flame-C4fGOHpn.js                                                 0.28 kB │ gzip:   0.24 kB
dist/assets/martini-CcVjahIX.js                                               0.28 kB │ gzip:   0.23 kB
dist/assets/slice-gx3bbEh1.js                                                 0.28 kB │ gzip:   0.24 kB
dist/assets/square-dot-BGDl9ryx.js                                            0.28 kB │ gzip:   0.23 kB
dist/assets/swiss-franc-B89p6tv4.js                                           0.28 kB │ gzip:   0.23 kB
dist/assets/toggle-left-CkEaH-mA.js                                           0.28 kB │ gzip:   0.24 kB
dist/assets/torus-nW_uB0bJ.js                                                 0.28 kB │ gzip:   0.22 kB
dist/assets/baseline-B7kImNvm.js                                              0.28 kB │ gzip:   0.23 kB
dist/assets/square-chevron-up-XMk81Glc.js                                     0.28 kB │ gzip:   0.24 kB
dist/assets/venus-C9i9nKI2.js                                                 0.28 kB │ gzip:   0.23 kB
dist/assets/rotate-cw-D7KPEzsn.js                                             0.29 kB │ gzip:   0.24 kB
dist/assets/signal-medium-B1BkrdCF.js                                         0.29 kB │ gzip:   0.23 kB
dist/assets/square-radical-B3944zqP.js                                        0.29 kB │ gzip:   0.24 kB
dist/assets/toggle-right-xHMO3_YI.js                                          0.29 kB │ gzip:   0.24 kB
dist/assets/check-line-CPD0CH_X.js                                            0.29 kB │ gzip:   0.23 kB
dist/assets/square-chevron-down-587JfazB.js                                   0.29 kB │ gzip:   0.24 kB
dist/assets/square-chevron-left-R2HE_JWr.js                                   0.29 kB │ gzip:   0.24 kB
dist/assets/square-chevron-right-BKVg_0-A.js                                  0.29 kB │ gzip:   0.24 kB
dist/assets/chart-no-axes-gantt-B2KSfh96.js                                   0.29 kB │ gzip:   0.23 kB
dist/assets/move-diagonal-CoM6mrjX.js                                         0.29 kB │ gzip:   0.23 kB
dist/assets/pocket-DCay_R7B.js                                                0.29 kB │ gzip:   0.23 kB
dist/assets/chart-no-axes-column-CGEVmHm2.js                                  0.29 kB │ gzip:   0.23 kB
dist/assets/radical-BfEjNOWs.js                                               0.29 kB │ gzip:   0.25 kB
dist/assets/rail-symbol-Yo8hiw0j.js                                           0.29 kB │ gzip:   0.23 kB
dist/assets/redo-2-Bnkp4mKj.js                                                0.29 kB │ gzip:   0.23 kB
dist/assets/circle-plus-Tax54VLo.js                                           0.29 kB │ gzip:   0.23 kB
dist/assets/arrow-up-to-line-CGazgdcU.js                                      0.29 kB │ gzip:   0.23 kB
dist/assets/move-diagonal-2-BBF0CJqN.js                                       0.29 kB │ gzip:   0.23 kB
dist/assets/square-slash-CfTWQSRG.js                                          0.29 kB │ gzip:   0.24 kB
dist/assets/undo-2-DZJtBUGU.js                                                0.29 kB │ gzip:   0.23 kB
dist/assets/capacity-scenario-service-wZHwwG4y.js                             0.29 kB │ gzip:   0.22 kB
dist/assets/arrow-left-to-line-BUhaXi1w.js                                    0.29 kB │ gzip:   0.23 kB
dist/assets/bookmark-check-D4LG4i7e.js                                        0.29 kB │ gzip:   0.24 kB
dist/assets/code-xml-CcfjnGmD.js                                              0.29 kB │ gzip:   0.23 kB
dist/assets/move-vertical-DsqQtPfe.js                                         0.29 kB │ gzip:   0.23 kB
dist/assets/square-sigma-DNIgRXH1.js                                          0.29 kB │ gzip:   0.25 kB
dist/assets/arrow-down-to-line-BwkUO1VY.js                                    0.29 kB │ gzip:   0.23 kB
dist/assets/arrow-up-from-line-BYzmpKAC.js                                    0.29 kB │ gzip:   0.23 kB
dist/assets/cone-Dwd8cnbG.js                                                  0.29 kB │ gzip:   0.24 kB
dist/assets/mars-DQW-u0dP.js                                                  0.29 kB │ gzip:   0.24 kB
dist/assets/rectangle-circle-q7n0OjlC.js                                      0.29 kB │ gzip:   0.24 kB
dist/assets/spell-check-B2dpO2A6.js                                           0.29 kB │ gzip:   0.23 kB
dist/assets/square-parking-CdaRHnas.js                                        0.29 kB │ gzip:   0.25 kB
dist/assets/arrow-down-from-line-B5Ghpzys.js                                  0.29 kB │ gzip:   0.23 kB
dist/assets/arrow-left-from-line-D32I_IyY.js                                  0.29 kB │ gzip:   0.23 kB
dist/assets/circle-equal-B1ADuByt.js                                          0.29 kB │ gzip:   0.23 kB
dist/assets/lock-open-BWGVV8CM.js                                             0.29 kB │ gzip:   0.25 kB
dist/assets/move-horizontal-CSV2To3y.js                                       0.29 kB │ gzip:   0.23 kB
dist/assets/square-activity-CjXwXYKi.js                                       0.29 kB │ gzip:   0.25 kB
dist/assets/pause-Bfe-u8aC.js                                                 0.30 kB │ gzip:   0.22 kB
dist/assets/arrow-right-from-line-CqvebKxN.js                                 0.30 kB │ gzip:   0.23 kB
dist/assets/droplet-D-iPLrTA.js                                               0.30 kB │ gzip:   0.25 kB
dist/assets/ratio-CtQ_aEUV.js                                                 0.30 kB │ gzip:   0.23 kB
dist/assets/ungroup-eyGHx3e-.js                                               0.30 kB │ gzip:   0.22 kB
dist/assets/asterisk-Ckz3HRxv.js                                              0.30 kB │ gzip:   0.23 kB
dist/assets/pill-DDobYZh5.js                                                  0.30 kB │ gzip:   0.23 kB
dist/assets/tablet-_x9_g6ve.js                                                0.30 kB │ gzip:   0.24 kB
dist/assets/separator-vertical-DPn4EwLw.js                                    0.30 kB │ gzip:   0.23 kB
dist/assets/captions-DDZ2N14A.js                                              0.30 kB │ gzip:   0.25 kB
dist/assets/git-commit-vertical-DSqhlwWS.js                                   0.30 kB │ gzip:   0.24 kB
dist/assets/pilcrow-Cwg052j5.js                                               0.30 kB │ gzip:   0.23 kB
dist/assets/sigma-Ce8fGjMS.js                                                 0.30 kB │ gzip:   0.24 kB
dist/assets/flask-round-B9nm3Oop.js                                           0.30 kB │ gzip:   0.24 kB
dist/assets/separator-horizontal-Dg1wiCHp.js                                  0.30 kB │ gzip:   0.24 kB
dist/assets/square-stop-sSeJqZae.js                                           0.30 kB │ gzip:   0.24 kB
dist/assets/table-2-B2SiCjQE.js                                               0.30 kB │ gzip:   0.24 kB
dist/assets/album-rdhUBwfv.js                                                 0.30 kB │ gzip:   0.25 kB
dist/assets/chart-no-axes-column-decreasing-BNsils6J.js                       0.30 kB │ gzip:   0.24 kB
dist/assets/chart-no-axes-column-increasing-CjZfi9aq.js                       0.30 kB │ gzip:   0.24 kB
dist/assets/chart-spline-CFmGnUCb.js                                          0.30 kB │ gzip:   0.25 kB
dist/assets/disc-2-BJTjDSil.js                                                0.30 kB │ gzip:   0.23 kB
dist/assets/laptop-minimal-hMWuDQZe.js                                        0.30 kB │ gzip:   0.24 kB
dist/assets/moon-CMZHmVKQ.js                                                  0.30 kB │ gzip:   0.25 kB
dist/assets/square-square-DtT2lmae.js                                         0.30 kB │ gzip:   0.23 kB
dist/assets/turkish-lira-nCajksJN.js                                          0.30 kB │ gzip:   0.24 kB
dist/assets/arrow-up-from-dot-BLY_PsSV.js                                     0.30 kB │ gzip:   0.25 kB
dist/assets/dock-BXFqnPLZ.js                                                  0.30 kB │ gzip:   0.24 kB
dist/assets/circle-arrow-up-NYu2uwyK.js                                       0.30 kB │ gzip:   0.24 kB
dist/assets/circle-arrow-down-1N4luDDC.js                                     0.30 kB │ gzip:   0.24 kB
dist/assets/arrow-down-to-dot-h4qsAeVS.js                                     0.30 kB │ gzip:   0.25 kB
dist/assets/dollar-sign-BCqZRBAW.js                                           0.30 kB │ gzip:   0.24 kB
dist/assets/music-BHDlkruC.js                                                 0.30 kB │ gzip:   0.23 kB
dist/assets/specification-set-service-CFUcThX0.js                             0.30 kB │ gzip:   0.25 kB
dist/assets/type-CnW6vJQ4.js                                                  0.30 kB │ gzip:   0.23 kB
dist/assets/audio-waveform--F5lh6aC.js                                        0.30 kB │ gzip:   0.22 kB
dist/assets/brackets-DvyGUSnV.js                                              0.30 kB │ gzip:   0.24 kB
dist/assets/circle-arrow-left-DqFU5uNE.js                                     0.30 kB │ gzip:   0.24 kB
dist/assets/cloud-check-CuP7B63P.js                                           0.30 kB │ gzip:   0.25 kB
dist/assets/cloud-lightning-cKEDWxO0.js                                       0.30 kB │ gzip:   0.25 kB
dist/assets/rows-3-CxlGWOQr.js                                                0.30 kB │ gzip:   0.24 kB
dist/assets/search-check-B82zajKz.js                                          0.30 kB │ gzip:   0.24 kB
dist/assets/search-slash-_YwEQKHZ.js                                          0.30 kB │ gzip:   0.25 kB
dist/assets/anchor-N8OGS_tG.js                                                0.31 kB │ gzip:   0.25 kB
dist/assets/circle-arrow-right-DsTJR0WN.js                                    0.31 kB │ gzip:   0.24 kB
dist/assets/grid-2x2-DIvPQ1yP.js                                              0.31 kB │ gzip:   0.24 kB
dist/assets/japanese-yen-G9mhVpN5.js                                          0.31 kB │ gzip:   0.24 kB
dist/assets/smartphone-charging-CLZzJ37D.js                                   0.31 kB │ gzip:   0.25 kB
dist/assets/stretch-vertical-YO39EnrK.js                                      0.31 kB │ gzip:   0.23 kB
dist/assets/reply-all-Di43Lp-y.js                                             0.31 kB │ gzip:   0.24 kB
dist/assets/beaker-CCdbo9b_.js                                                0.31 kB │ gzip:   0.24 kB
dist/assets/bookmark-minus-BpiLYD2K.js                                        0.31 kB │ gzip:   0.25 kB
dist/assets/rss-84pfgK2r.js                                                   0.31 kB │ gzip:   0.24 kB
dist/assets/square-plus-B_gcp2lP.js                                           0.31 kB │ gzip:   0.24 kB
dist/assets/stretch-horizontal-BCDZcegB.js                                    0.31 kB │ gzip:   0.23 kB
dist/assets/touchpad-BUblKMbX.js                                              0.31 kB │ gzip:   0.25 kB
dist/assets/sticky-note-3znxaQF0.js                                           0.31 kB │ gzip:   0.23 kB
dist/assets/undo-dot-B-K8-xnJ.js                                              0.31 kB │ gzip:   0.25 kB
dist/assets/bluetooth-off-CmAhVPFG.js                                         0.31 kB │ gzip:   0.25 kB
dist/assets/circle-arrow-out-up-left-CHupQwPw.js                              0.31 kB │ gzip:   0.24 kB
dist/assets/merge-9AZ3FgEB.js                                                 0.31 kB │ gzip:   0.25 kB
dist/assets/spline-DUANG7UH.js                                                0.31 kB │ gzip:   0.24 kB
dist/assets/target-D1CgljkK.js                                                0.31 kB │ gzip:   0.21 kB
dist/assets/airplay-DUu_oKKz.js                                               0.31 kB │ gzip:   0.24 kB
dist/assets/battery-low-BUAFvhkd.js                                           0.31 kB │ gzip:   0.24 kB
dist/assets/square-equal-CyUS4yNe.js                                          0.31 kB │ gzip:   0.24 kB
dist/assets/folder-BNAMSlC6.js                                                0.31 kB │ gzip:   0.24 kB
dist/assets/git-merge-B6iTzc7s.js                                             0.31 kB │ gzip:   0.24 kB
dist/assets/panels-top-left-SzzzFUKh.js                                       0.31 kB │ gzip:   0.25 kB
dist/assets/square-round-corner-Dc7SbHtm.js                                   0.31 kB │ gzip:   0.24 kB
dist/assets/tally-4-BnNVQ_2O.js                                               0.31 kB │ gzip:   0.22 kB
dist/assets/share-BjXPHC6X.js                                                 0.31 kB │ gzip:   0.24 kB
dist/assets/user-round-minus-CiLJvtwY.js                                      0.31 kB │ gzip:   0.25 kB
dist/assets/upload-6LRYPpr5.js                                                0.31 kB │ gzip:   0.24 kB
dist/assets/circle-arrow-out-up-right-D7ZWaj6p.js                             0.31 kB │ gzip:   0.24 kB
dist/assets/circle-power-CDZl5vdB.js                                          0.31 kB │ gzip:   0.25 kB
dist/assets/dice-2-BryQZF6w.js                                                0.31 kB │ gzip:   0.24 kB
dist/assets/gallery-vertical-DUjCHKCL.js                                      0.31 kB │ gzip:   0.25 kB
dist/assets/library-Fjfd5wbD.js                                               0.31 kB │ gzip:   0.23 kB
dist/assets/omega-BvFX-bot.js                                                 0.31 kB │ gzip:   0.25 kB
dist/assets/section-D76ePPda.js                                               0.31 kB │ gzip:   0.24 kB
dist/assets/vote-D2geIaFS.js                                                  0.31 kB │ gzip:   0.25 kB
dist/assets/log-in-D9dO0-Ul.js                                                0.32 kB │ gzip:   0.24 kB
dist/assets/divide-B5ZoY2kK.js                                                0.32 kB │ gzip:   0.24 kB
dist/assets/gallery-horizontal-BOCljxTF.js                                    0.32 kB │ gzip:   0.25 kB
dist/assets/rainbow-4S-1hndJ.js                                               0.32 kB │ gzip:   0.24 kB
dist/assets/square-x-Drhl5Ht7.js                                              0.32 kB │ gzip:   0.25 kB
dist/assets/text-quote-D_pkIHvH.js                                            0.32 kB │ gzip:   0.23 kB
dist/assets/circle-arrow-out-down-left-CsWkEe-W.js                            0.32 kB │ gzip:   0.25 kB
dist/assets/club-l8_mDJ3p.js                                                  0.32 kB │ gzip:   0.25 kB
dist/assets/door-closed-C0HG-yor.js                                           0.32 kB │ gzip:   0.24 kB
dist/assets/hdmi-port-CsElPiOf.js                                             0.32 kB │ gzip:   0.24 kB
dist/assets/hexagon-DHGjovwn.js                                               0.32 kB │ gzip:   0.24 kB
dist/assets/panels-left-bottom-BfXXj886.js                                    0.32 kB │ gzip:   0.25 kB
dist/assets/philippine-peso-Bbv7P0lB.js                                       0.32 kB │ gzip:   0.24 kB
dist/assets/wifi-high-4QiTT_Sd.js                                             0.32 kB │ gzip:   0.24 kB
dist/assets/paperclip-R24TBtCb.js                                             0.32 kB │ gzip:   0.25 kB
dist/assets/form-schema-provider-DTXUSKC0.js                                  0.32 kB │ gzip:   0.24 kB
dist/assets/ear-BswtGcU3.js                                                   0.32 kB │ gzip:   0.25 kB
dist/assets/equal-approximately-DOezZp2S.js                                   0.32 kB │ gzip:   0.23 kB
dist/assets/gallery-vertical-end-BAo1Ud2d.js                                  0.32 kB │ gzip:   0.26 kB
dist/assets/list-minus-Ds2JEtQe.js                                            0.32 kB │ gzip:   0.23 kB
dist/assets/message-square-BAilgbsT.js                                        0.32 kB │ gzip:   0.25 kB
dist/assets/activity-B3RGqeil.js                                              0.32 kB │ gzip:   0.25 kB
dist/assets/mountain-snow-Cbgxj6yz.js                                         0.32 kB │ gzip:   0.26 kB
dist/assets/panel-left-open-nNQaJFQh.js                                       0.32 kB │ gzip:   0.25 kB
dist/assets/panel-top-close-Cgl8Zfn1.js                                       0.32 kB │ gzip:   0.25 kB
dist/assets/panel-top-open-84UAbEt_.js                                        0.32 kB │ gzip:   0.25 kB
dist/assets/panels-right-bottom-kb1s7eWI.js                                   0.32 kB │ gzip:   0.25 kB
dist/assets/presentation-j3EANUVQ.js                                          0.32 kB │ gzip:   0.24 kB
dist/assets/user-round-check-B_GX1_uH.js                                      0.32 kB │ gzip:   0.26 kB
dist/assets/voicemail-CONogw1A.js                                             0.32 kB │ gzip:   0.23 kB
dist/assets/ellipsis-vertical-CHeUEPGo.js                                     0.32 kB │ gzip:   0.22 kB
dist/assets/mic-BwK40iE5.js                                                   0.32 kB │ gzip:   0.26 kB
dist/assets/book-minus-V3hLyQla.js                                            0.32 kB │ gzip:   0.25 kB
dist/assets/circle-arrow-out-down-right-L-Xxd6ml.js                           0.32 kB │ gzip:   0.24 kB
dist/assets/gallery-horizontal-end-DEV0b1mG.js                                0.32 kB │ gzip:   0.26 kB
dist/assets/panel-left-close-CJ01Hs_1.js                                      0.32 kB │ gzip:   0.25 kB
dist/assets/panel-right-close-I8KIRgsr.js                                     0.32 kB │ gzip:   0.25 kB
dist/assets/pi-c2hcWFja.js                                                    0.32 kB │ gzip:   0.25 kB
dist/assets/signal-high-rGexkxAi.js                                           0.32 kB │ gzip:   0.24 kB
dist/assets/square-arrow-down-Du5csdI7.js                                     0.32 kB │ gzip:   0.25 kB
dist/assets/square-arrow-up-DNfOsAAc.js                                       0.32 kB │ gzip:   0.25 kB
dist/assets/square-code-D6FqLyKJ.js                                           0.32 kB │ gzip:   0.25 kB
dist/assets/history-CpjwQwo7.js                                               0.32 kB │ gzip:   0.25 kB
dist/assets/annoyed-Djb-DFfe.js                                               0.32 kB │ gzip:   0.24 kB
dist/assets/circle-gauge-Bz-230_4.js                                          0.32 kB │ gzip:   0.25 kB
dist/assets/headphones-7PnljYF9.js                                            0.32 kB │ gzip:   0.24 kB
dist/assets/panel-bottom-open-CssNkO4N.js                                     0.32 kB │ gzip:   0.25 kB
dist/assets/panel-right-open-dVX6eHZJ.js                                      0.32 kB │ gzip:   0.25 kB
dist/assets/skip-back-julBmv55.js                                             0.32 kB │ gzip:   0.26 kB
dist/assets/square-arrow-left-BU_Vo6M-.js                                     0.32 kB │ gzip:   0.25 kB
dist/assets/square-arrow-up-right-TzJOnCFi.js                                 0.32 kB │ gzip:   0.25 kB
dist/assets/disc-album-Z96mdbr9.js                                            0.32 kB │ gzip:   0.26 kB
dist/assets/list-check-Bpw1YFm0.js                                            0.32 kB │ gzip:   0.24 kB
dist/assets/panel-bottom-close-BU-p8hqR.js                                    0.32 kB │ gzip:   0.26 kB
dist/assets/shell-CIGV2aWy.js                                                 0.32 kB │ gzip:   0.24 kB
dist/assets/square-arrow-right-DnUpcZ5f.js                                    0.32 kB │ gzip:   0.25 kB
dist/assets/square-arrow-up-left-DTt_Ghfp.js                                  0.32 kB │ gzip:   0.25 kB
dist/assets/step-back-6Ec3_w1P.js                                             0.32 kB │ gzip:   0.26 kB
dist/assets/step-forward-BOPt0s6P.js                                          0.32 kB │ gzip:   0.25 kB
dist/assets/timer-dNWV1ycv.js                                                 0.32 kB │ gzip:   0.24 kB
dist/assets/material-model-service-CgQLyYYL.js                                0.32 kB │ gzip:   0.24 kB
dist/assets/bed-B-BfevJ4.js                                                   0.32 kB │ gzip:   0.24 kB
dist/assets/circle-user-round-Ds5gqC0P.js                                     0.32 kB │ gzip:   0.24 kB
dist/assets/cloud-alert-48QyK5ji.js                                           0.32 kB │ gzip:   0.25 kB
dist/assets/square-arrow-down-right-B1woMGJH.js                               0.32 kB │ gzip:   0.25 kB
dist/assets/purchase-order-service-BWbTvwKA.js                                0.32 kB │ gzip:   0.24 kB
dist/assets/align-vertical-space-around-BadPJkQ_.js                           0.32 kB │ gzip:   0.25 kB
dist/assets/laptop-minimal-check-6jR0aGVE.js                                  0.32 kB │ gzip:   0.26 kB
dist/assets/redo-dot-BX6qlVrZ.js                                              0.32 kB │ gzip:   0.25 kB
dist/assets/square-arrow-down-left-By23n97_.js                                0.32 kB │ gzip:   0.26 kB
dist/assets/ampersand-Bi0xJ7n-.js                                             0.33 kB │ gzip:   0.26 kB
dist/assets/message-circle-D7mZpq3m.js                                        0.33 kB │ gzip:   0.26 kB
dist/assets/popsicle-C0EvzFLF.js                                              0.33 kB │ gzip:   0.26 kB
dist/assets/proportions-C-9LBUs1.js                                           0.33 kB │ gzip:   0.26 kB
dist/assets/align-horizontal-space-around-6v4L-Qbh.js                         0.33 kB │ gzip:   0.26 kB
dist/assets/percent-X3gd1ZqR.js                                               0.33 kB │ gzip:   0.24 kB
dist/assets/square-terminal-CqzPMMh0.js                                       0.33 kB │ gzip:   0.26 kB
dist/assets/book-check-CxtrKn82.js                                            0.33 kB │ gzip:   0.26 kB
dist/assets/cloud-fog-CQtmTHaA.js                                             0.33 kB │ gzip:   0.25 kB
dist/assets/database-DPTSpi3V.js                                              0.33 kB │ gzip:   0.25 kB
dist/assets/move-3d-Db-1tPVM.js                                               0.33 kB │ gzip:   0.24 kB
dist/assets/cloudy-C7nxZ1TL.js                                                0.33 kB │ gzip:   0.26 kB
dist/assets/diamond-C9YAk_2R.js                                               0.33 kB │ gzip:   0.23 kB
dist/assets/arrow-down-up-jrUujB_A.js                                         0.33 kB │ gzip:   0.24 kB
dist/assets/banknote-DzcLr1Eq.js                                              0.33 kB │ gzip:   0.26 kB
dist/assets/bluetooth-searching-BgCJOpOa.js                                   0.33 kB │ gzip:   0.26 kB
dist/assets/bookmark-x-B_xB1Gqm.js                                            0.33 kB │ gzip:   0.25 kB
dist/assets/chart-bar-CGL04R5D.js                                             0.33 kB │ gzip:   0.24 kB
dist/assets/vibrate-CqiQggnY.js                                               0.33 kB │ gzip:   0.25 kB
dist/assets/circle-pause-pNs6RgJ_.js                                          0.33 kB │ gzip:   0.24 kB
dist/assets/equal-not-DjFPz5M-.js                                             0.33 kB │ gzip:   0.23 kB
dist/assets/square-power-ow8MwXTy.js                                          0.33 kB │ gzip:   0.26 kB
dist/assets/twitter-NiklD5T5.js                                               0.33 kB │ gzip:   0.27 kB
dist/assets/wind-DRJcCH-Y.js                                                  0.33 kB │ gzip:   0.25 kB
dist/assets/book-marked-BKuNf9lR.js                                           0.33 kB │ gzip:   0.26 kB
dist/assets/non-binary-BhuqGzLu.js                                            0.33 kB │ gzip:   0.25 kB
dist/assets/picture-in-picture-2-BvAEmEuC.js                                  0.33 kB │ gzip:   0.27 kB
dist/assets/circle-dollar-sign-Cs7hWnTO.js                                    0.33 kB │ gzip:   0.26 kB
dist/assets/circle-question-mark-Cp-FL_vJ.js                                  0.33 kB │ gzip:   0.26 kB
dist/assets/arrow-right-left-DzQsm8rp.js                                      0.33 kB │ gzip:   0.25 kB
dist/assets/chart-gantt-CGahyWAp.js                                           0.33 kB │ gzip:   0.25 kB
dist/assets/goal-Dk3rNi4e.js                                                  0.33 kB │ gzip:   0.26 kB
dist/assets/video-S0FssSRW.js                                                 0.33 kB │ gzip:   0.27 kB
dist/assets/circle-off-dOkY8S1W.js                                            0.33 kB │ gzip:   0.25 kB
dist/assets/donut-CnORHxWL.js                                                 0.33 kB │ gzip:   0.27 kB
dist/assets/file-warning-BhyQPlgx.js                                          0.33 kB │ gzip:   0.25 kB
dist/assets/list-indent-decrease-Cnr3rdpB.js                                  0.33 kB │ gzip:   0.24 kB
dist/assets/tent-CHNH0Kh3.js                                                  0.33 kB │ gzip:   0.24 kB
dist/assets/test-tube-CxwqfFqi.js                                             0.33 kB │ gzip:   0.25 kB
dist/assets/grid-2x2-check-DF1QEsN4.js                                        0.33 kB │ gzip:   0.25 kB
dist/assets/pentagon-DiVZc5rx.js                                              0.33 kB │ gzip:   0.25 kB
dist/assets/cloud-upload-x-ila-jR.js                                          0.34 kB │ gzip:   0.26 kB
dist/assets/chart-column-gDQ2voHF.js                                          0.34 kB │ gzip:   0.25 kB
dist/assets/compass-BolS0ki7.js                                               0.34 kB │ gzip:   0.26 kB
dist/assets/file-minus-2-jd1fJtXT.js                                          0.34 kB │ gzip:   0.25 kB
dist/assets/mouse-pointer-2-DKGIWobC.js                                       0.34 kB │ gzip:   0.27 kB
dist/assets/settings-2-C1lcQ9fZ.js                                            0.34 kB │ gzip:   0.24 kB
dist/assets/circle-percent-D0-hyKKQ.js                                        0.34 kB │ gzip:   0.25 kB
dist/assets/lollipop-BOfOttSw.js                                              0.34 kB │ gzip:   0.26 kB
dist/assets/webcam-DD-H1MZx.js                                                0.34 kB │ gzip:   0.24 kB
dist/assets/archive-DZB425NS.js                                               0.34 kB │ gzip:   0.26 kB
dist/assets/mars-stroke-D95ok0uh.js                                           0.34 kB │ gzip:   0.26 kB
dist/assets/squares-unite-CpbMBP0U.js                                         0.34 kB │ gzip:   0.24 kB
dist/assets/ticket-minus-BnE4Mu-e.js                                          0.34 kB │ gzip:   0.25 kB
dist/assets/users-round-DHQu3bm_.js                                           0.34 kB │ gzip:   0.27 kB
dist/assets/git-commit-horizontal-0QYLSohp.js                                 0.34 kB │ gzip:   0.24 kB
dist/assets/pound-sterling-hdYaUkf0.js                                        0.34 kB │ gzip:   0.25 kB
dist/assets/circle-ellipsis-BtDW40N2.js                                       0.34 kB │ gzip:   0.24 kB
dist/assets/lock-keyhole-CY2NDL2Q.js                                          0.34 kB │ gzip:   0.27 kB
dist/assets/text-wrap-CMbxKrX4.js                                             0.34 kB │ gzip:   0.25 kB
dist/assets/square-user-round-BMelNJmz.js                                     0.34 kB │ gzip:   0.27 kB
dist/assets/chart-bar-decreasing-C4lujQQ_.js                                  0.34 kB │ gzip:   0.25 kB
dist/assets/chart-bar-increasing-Dk_0lteE.js                                  0.34 kB │ gzip:   0.25 kB
dist/assets/circle-play-BBQ0S2ka.js                                           0.34 kB │ gzip:   0.26 kB
dist/assets/georgian-lari-BdXt1b9F.js                                         0.34 kB │ gzip:   0.25 kB
dist/assets/square-m-Dq1DEdQX.js                                              0.34 kB │ gzip:   0.27 kB
dist/assets/file-check-2-D07beH8F.js                                          0.34 kB │ gzip:   0.25 kB
dist/assets/person-standing-CgRFaeut.js                                       0.34 kB │ gzip:   0.26 kB
dist/assets/search-x-CcB32fTv.js                                              0.34 kB │ gzip:   0.25 kB
dist/assets/production-team-type.enum-BHSEBu3T.js                             0.34 kB │ gzip:   0.26 kB
dist/assets/app-window-BVxCLbAq.js                                            0.34 kB │ gzip:   0.26 kB
dist/assets/bluetooth-connected-Dx8_3Tji.js                                   0.34 kB │ gzip:   0.26 kB
dist/assets/grid-3x2-BAPQ4kfv.js                                              0.34 kB │ gzip:   0.25 kB
dist/assets/heart-BEuhF6Ne.js                                                 0.34 kB │ gzip:   0.27 kB
dist/assets/pc-case-rzCLNlZO.js                                               0.34 kB │ gzip:   0.26 kB
dist/assets/plug-CDYXVQwq.js                                                  0.34 kB │ gzip:   0.24 kB
dist/assets/pyramid-D8ZlZnbg.js                                               0.34 kB │ gzip:   0.26 kB
dist/assets/rectangle-goggles-7OOhbHG6.js                                     0.34 kB │ gzip:   0.26 kB
dist/assets/monitor-CCuJGpOS.js                                               0.34 kB │ gzip:   0.26 kB
dist/assets/music-4-CBQkRhTd.js                                               0.34 kB │ gzip:   0.25 kB
dist/assets/refrigerator-DHvhCA8e.js                                          0.34 kB │ gzip:   0.25 kB
dist/assets/split-DGFjAWkY.js                                                 0.34 kB │ gzip:   0.26 kB
dist/assets/square-arrow-out-up-left-BePs4FJW.js                              0.34 kB │ gzip:   0.26 kB
dist/assets/ticket-check-CWeieIuS.js                                          0.34 kB │ gzip:   0.25 kB
dist/assets/ticket-slash-BhJsVtQb.js                                          0.34 kB │ gzip:   0.25 kB
dist/assets/align-end-vertical-BCKizlJq.js                                    0.34 kB │ gzip:   0.25 kB
dist/assets/circle-user-7lsK9H1-.js                                           0.34 kB │ gzip:   0.25 kB
dist/assets/euro-DQuM-OpH.js                                                  0.34 kB │ gzip:   0.26 kB
dist/assets/file-minus-CFY17YJz.js                                            0.34 kB │ gzip:   0.25 kB
dist/assets/map-pin-minus-inside-DkDvfVxH.js                                  0.34 kB │ gzip:   0.27 kB
dist/assets/text-cursor-D09ZPrVp.js                                           0.34 kB │ gzip:   0.25 kB
dist/assets/weight-C80y4cjY.js                                                0.34 kB │ gzip:   0.27 kB
dist/assets/utensils-Dmqei9mR.js                                              0.35 kB │ gzip:   0.26 kB
dist/assets/align-start-vertical-DkdhFMf3.js                                  0.35 kB │ gzip:   0.25 kB
dist/assets/bed-single-CAdWsv6w.js                                            0.35 kB │ gzip:   0.25 kB
dist/assets/cloud-download-B1ttWr9G.js                                        0.35 kB │ gzip:   0.27 kB
dist/assets/handbag-DCgSLj4l.js                                               0.35 kB │ gzip:   0.26 kB
dist/assets/rows-4-C-ApW82b.js                                                0.35 kB │ gzip:   0.25 kB
dist/assets/square-arrow-out-up-right-Dz4P0wH5.js                             0.35 kB │ gzip:   0.26 kB
dist/assets/square-kanban-xqQKs7xg.js                                         0.35 kB │ gzip:   0.26 kB
dist/assets/align-end-horizontal-IBFfuw3W.js                                  0.35 kB │ gzip:   0.26 kB
dist/assets/chart-column-decreasing-Bft96Qku.js                               0.35 kB │ gzip:   0.26 kB
dist/assets/chart-column-increasing-3i8UCJkB.js                               0.35 kB │ gzip:   0.26 kB
dist/assets/clock-alert-D_4Lkvtv.js                                           0.35 kB │ gzip:   0.25 kB
dist/assets/ghost-CAqXZkc5.js                                                 0.35 kB │ gzip:   0.26 kB
dist/assets/import-XFQKSrUw.js                                                0.35 kB │ gzip:   0.25 kB
dist/assets/lock-keyhole-open-BQwQR7mI.js                                     0.35 kB │ gzip:   0.28 kB
dist/assets/navigation-off-pNAL8hOs.js                                        0.35 kB │ gzip:   0.27 kB
dist/assets/square-menu-Brr8uLoM.js                                           0.35 kB │ gzip:   0.25 kB
dist/assets/tree-deciduous-BWpb55XH.js                                        0.35 kB │ gzip:   0.27 kB
dist/assets/vegan-33J3ymfr.js                                                 0.35 kB │ gzip:   0.27 kB
dist/assets/align-start-horizontal-BpcanFQg.js                                0.35 kB │ gzip:   0.25 kB
dist/assets/closed-caption-BcNj8ue0.js                                        0.35 kB │ gzip:   0.26 kB
dist/assets/navigation-2-off-BpEMuHFl.js                                      0.35 kB │ gzip:   0.27 kB
dist/assets/square-arrow-out-down-left-PuXLOoiI.js                            0.35 kB │ gzip:   0.26 kB
dist/assets/square-pause-CIkKO4MU.js                                          0.35 kB │ gzip:   0.25 kB
dist/assets/test-tube-diagonal-DntvYvqT.js                                    0.35 kB │ gzip:   0.26 kB
dist/assets/key-C0mcbcns.js                                                   0.35 kB │ gzip:   0.27 kB
dist/assets/columns-4-BnxAwrcr.js                                             0.35 kB │ gzip:   0.25 kB
dist/assets/tablets-DYZBufv6.js                                               0.35 kB │ gzip:   0.26 kB
dist/assets/workflow-GntqlMdb.js                                              0.35 kB │ gzip:   0.26 kB
dist/assets/barcode-CTfviNMj.js                                               0.35 kB │ gzip:   0.23 kB
dist/assets/case-lower-CBlfjSS9.js                                            0.35 kB │ gzip:   0.25 kB
dist/assets/leaf-DjYmQeOn.js                                                  0.35 kB │ gzip:   0.28 kB
dist/assets/trending-up-down-CmRvqkZr.js                                      0.35 kB │ gzip:   0.26 kB
dist/assets/user-round-plus-BaGrgUeX.js                                       0.35 kB │ gzip:   0.27 kB
dist/assets/user-round-x-C24PMc7f.js                                          0.35 kB │ gzip:   0.27 kB
dist/assets/blocks-BryxeicN.js                                                0.35 kB │ gzip:   0.26 kB
dist/assets/map-pin-check-inside-nIXZvgLG.js                                  0.35 kB │ gzip:   0.28 kB
dist/assets/radio-receiver-CMj4YcZB.js                                        0.35 kB │ gzip:   0.26 kB
dist/assets/square-dashed-bottom-CZL4JL8v.js                                  0.35 kB │ gzip:   0.25 kB
dist/assets/tornado-Bh4lboUJ.js                                               0.35 kB │ gzip:   0.24 kB
dist/assets/table-properties-oTqOqwuA.js                                      0.35 kB │ gzip:   0.26 kB
dist/assets/square-arrow-out-down-right-BWBZ9x1C.js                           0.35 kB │ gzip:   0.26 kB
dist/assets/square-chart-gantt-AC-AOAnC.js                                    0.35 kB │ gzip:   0.26 kB
dist/assets/square-library-Cdj-UEuD.js                                        0.35 kB │ gzip:   0.26 kB
dist/assets/tally-5-Dw_CIrPi.js                                               0.35 kB │ gzip:   0.23 kB
dist/assets/list-plus-DGvW7h8C.js                                             0.35 kB │ gzip:   0.24 kB
dist/assets/app-window-mac-D1TUP5MP.js                                        0.35 kB │ gzip:   0.25 kB
dist/assets/axis-3d-CMXIfuPb.js                                               0.35 kB │ gzip:   0.26 kB
dist/assets/badge-CklVPFvk.js                                                 0.35 kB │ gzip:   0.24 kB
dist/assets/battery-medium-8sWO3IzF.js                                        0.35 kB │ gzip:   0.26 kB
dist/assets/between-vertical-end-CVxbeduy.js                                  0.35 kB │ gzip:   0.26 kB
dist/assets/signal-O4QrsFqp.js                                                0.35 kB │ gzip:   0.25 kB
dist/assets/table-cells-split-CVRAJpf2.js                                     0.35 kB │ gzip:   0.26 kB
dist/assets/align-vertical-justify-end-BEZIYV6R.js                            0.35 kB │ gzip:   0.26 kB
dist/assets/dice-3-Dn6G7Y97.js                                                0.35 kB │ gzip:   0.26 kB
dist/assets/ice-cream-cone-BZXiRjwF.js                                        0.35 kB │ gzip:   0.26 kB
dist/assets/monitor-check-DXCg70YG.js                                         0.35 kB │ gzip:   0.27 kB
dist/assets/scroll-BM4ZnfKI.js                                                0.35 kB │ gzip:   0.26 kB
dist/assets/square-percent-B_WViy10.js                                        0.35 kB │ gzip:   0.26 kB
dist/assets/square-user-Dik41Hxi.js                                           0.35 kB │ gzip:   0.27 kB
dist/assets/timer-reset-bmExniYQ.js                                           0.35 kB │ gzip:   0.26 kB
dist/assets/trello-Bh1qrvxh.js                                                0.35 kB │ gzip:   0.24 kB
dist/assets/align-vertical-justify-start-CaCtwpWV.js                          0.35 kB │ gzip:   0.26 kB
dist/assets/between-vertical-start-Cbld1Yti.js                                0.35 kB │ gzip:   0.26 kB
dist/assets/book-text-Ca6N8L9G.js                                             0.35 kB │ gzip:   0.26 kB
dist/assets/circle-pound-sterling-6-svjIl6.js                                 0.35 kB │ gzip:   0.26 kB
dist/assets/folder-minus-Bvwed7D2.js                                          0.35 kB │ gzip:   0.26 kB
dist/assets/rotate-cw-square-CkpttIc8.js                                      0.35 kB │ gzip:   0.26 kB
dist/assets/signpost-big-CUlZ70nC.js                                          0.35 kB │ gzip:   0.26 kB
dist/assets/align-horizontal-justify-end-Shl-OxoY.js                          0.36 kB │ gzip:   0.26 kB
dist/assets/between-horizontal-end-DmURVArH.js                                0.36 kB │ gzip:   0.26 kB
dist/assets/between-horizontal-start-C_koGFs0.js                              0.36 kB │ gzip:   0.26 kB
dist/assets/book-plus-DKlZFg4l.js                                             0.36 kB │ gzip:   0.26 kB
dist/assets/chart-bar-big-DkZcg8jT.js                                         0.36 kB │ gzip:   0.26 kB
dist/assets/shield-BPml35bg.js                                                0.36 kB │ gzip:   0.28 kB
dist/assets/align-horizontal-justify-start-CP-gIiCa.js                        0.36 kB │ gzip:   0.26 kB
dist/assets/align-vertical-justify-center-C3jD0y7r.js                         0.36 kB │ gzip:   0.26 kB
dist/assets/folder-closed-1lVkK4Vw.js                                         0.36 kB │ gzip:   0.26 kB
dist/assets/list-filter-plus-CRU4YqeH.js                                      0.36 kB │ gzip:   0.25 kB
dist/assets/repeat-BFYFybWL.js                                                0.36 kB │ gzip:   0.25 kB
dist/assets/rotate-ccw-square-CmgHTTLV.js                                     0.36 kB │ gzip:   0.26 kB
dist/assets/search-code-B_dGVdST.js                                           0.36 kB │ gzip:   0.27 kB
dist/assets/square-asterisk-_lE-SXf4.js                                       0.36 kB │ gzip:   0.26 kB
dist/assets/square-play-CUiTRCtS.js                                           0.36 kB │ gzip:   0.28 kB
dist/assets/chart-column-big-Bi-C7gG5.js                                      0.36 kB │ gzip:   0.26 kB
dist/assets/chart-pie-D4To3V3P.js                                             0.36 kB │ gzip:   0.27 kB
dist/assets/clock-plus-TdOs9Fhv.js                                            0.36 kB │ gzip:   0.26 kB
dist/assets/repeat-2-Dukef7HS.js                                              0.36 kB │ gzip:   0.26 kB
dist/assets/speaker-HWEwRZYc.js                                               0.36 kB │ gzip:   0.27 kB
dist/assets/award-_ZTCBNpy.js                                                 0.36 kB │ gzip:   0.28 kB
dist/assets/align-horizontal-justify-center-CcTvNJQc.js                       0.36 kB │ gzip:   0.27 kB
dist/assets/square-function-BjKP5CfP.js                                       0.36 kB │ gzip:   0.27 kB
dist/assets/square-pi-5ZkCI5KJ.js                                             0.36 kB │ gzip:   0.27 kB
dist/assets/umbrella-CWg-E9mi.js                                              0.36 kB │ gzip:   0.26 kB
dist/assets/book-alert-CMDgi71k.js                                            0.36 kB │ gzip:   0.26 kB
dist/assets/book-x-ONOiysGn.js                                                0.36 kB │ gzip:   0.26 kB
dist/assets/list-x-DI-Ualj2.js                                                0.36 kB │ gzip:   0.24 kB
dist/assets/message-square-dot-CPqu6GLA.js                                    0.36 kB │ gzip:   0.29 kB
dist/assets/receipt-euro-ueDjpQ5x.js                                          0.36 kB │ gzip:   0.25 kB
dist/assets/rectangle-ellipsis-CM_IPSXP.js                                    0.36 kB │ gzip:   0.25 kB
dist/assets/book-up-Djmdh8HE.js                                               0.36 kB │ gzip:   0.27 kB
dist/assets/folder-check-BzqbCp4f.js                                          0.36 kB │ gzip:   0.27 kB
dist/assets/bolt-BOtJOR9-.js                                                  0.36 kB │ gzip:   0.27 kB
dist/assets/clock-arrow-down-UUz9ZQla.js                                      0.36 kB │ gzip:   0.27 kB
dist/assets/pen-line-COzlI_sK.js                                              0.36 kB │ gzip:   0.27 kB
dist/assets/-inventory-document-layout-BpX0nSZL.js                            0.36 kB │ gzip:   0.26 kB
dist/assets/a-arrow-up-DxIIrfKT.js                                            0.36 kB │ gzip:   0.27 kB
dist/assets/bomb-18KoPTMF.js                                                  0.36 kB │ gzip:   0.28 kB
dist/assets/book-a-DfWsXXpQ.js                                                0.36 kB │ gzip:   0.27 kB
dist/assets/book-down-C7j8xb64.js                                             0.36 kB │ gzip:   0.27 kB
dist/assets/bookmark-plus-BB5LBK5W.js                                         0.36 kB │ gzip:   0.27 kB
dist/assets/mail-minus-DZdHFYvF.js                                            0.36 kB │ gzip:   0.27 kB
dist/assets/receipt-cent-gn4R2aBM.js                                          0.36 kB │ gzip:   0.26 kB
dist/assets/scale-3d-B0nS6zCZ.js                                              0.36 kB │ gzip:   0.26 kB
dist/assets/volume-DUeptpzE.js                                                0.36 kB │ gzip:   0.27 kB
dist/assets/coins-DOhXJrk8.js                                                 0.36 kB │ gzip:   0.27 kB
dist/assets/book-open-CL_Q-hvx.js                                             0.36 kB │ gzip:   0.26 kB
dist/assets/braces-BhUp9sdG.js                                                0.36 kB │ gzip:   0.26 kB
dist/assets/decimals-arrow-left-D3Gxt337.js                                   0.36 kB │ gzip:   0.28 kB
dist/assets/lamp-floor-94yHYf-c.js                                            0.36 kB │ gzip:   0.27 kB
dist/assets/power-off-CLg9Czl6.js                                             0.36 kB │ gzip:   0.27 kB
dist/assets/user-search-CUiW5rYA.js                                           0.36 kB │ gzip:   0.27 kB
dist/assets/a-arrow-down-Djb-ilVJ.js                                          0.36 kB │ gzip:   0.28 kB
dist/assets/cloud-rain-dFx2ceY6.js                                            0.36 kB │ gzip:   0.26 kB
dist/assets/file-diff-jhobS3SQ.js                                             0.36 kB │ gzip:   0.26 kB
dist/assets/git-branch-CbcRzhHf.js                                            0.36 kB │ gzip:   0.27 kB
dist/assets/list-music-Dl-SBaJv.js                                            0.36 kB │ gzip:   0.26 kB
dist/assets/wifi-DyVPxawl.js                                                  0.36 kB │ gzip:   0.26 kB
dist/assets/use-entity-by-id-query-V7ghsDsx.js                                0.37 kB │ gzip:   0.30 kB
dist/assets/clock-arrow-up-hq9MazAF.js                                        0.37 kB │ gzip:   0.27 kB
dist/assets/file-chart-line-B7jP1xYo.js                                       0.37 kB │ gzip:   0.27 kB
dist/assets/grid-2x2-plus-X3hDksJQ.js                                         0.37 kB │ gzip:   0.26 kB
dist/assets/grid-2x2-x-C7ZBBa1C.js                                            0.37 kB │ gzip:   0.26 kB
dist/assets/rewind-Cs2uyCft.js                                                0.37 kB │ gzip:   0.24 kB
dist/assets/wind-arrow-down-BM02YVAi.js                                       0.37 kB │ gzip:   0.26 kB
dist/assets/arrow-big-up-DW1IzoDd.js                                          0.37 kB │ gzip:   0.27 kB
dist/assets/drumstick-D6GCYsh_.js                                             0.37 kB │ gzip:   0.28 kB
dist/assets/eraser-CZ3gYraI.js                                                0.37 kB │ gzip:   0.27 kB
dist/assets/plug-2-DjdT9JkF.js                                                0.37 kB │ gzip:   0.26 kB
dist/assets/square-split-vertical-Bg6TeI3Y.js                                 0.37 kB │ gzip:   0.28 kB
dist/assets/tablet-smartphone-CpkfacVE.js                                     0.37 kB │ gzip:   0.28 kB
dist/assets/arrow-big-down-B09NY-Pu.js                                        0.37 kB │ gzip:   0.27 kB
dist/assets/file-question-mark-DO_ICL4h.js                                    0.37 kB │ gzip:   0.27 kB
dist/assets/heading-4-U4Cje3vA.js                                             0.37 kB │ gzip:   0.25 kB
dist/assets/wine-CN3FF2vD.js                                                  0.37 kB │ gzip:   0.26 kB
dist/assets/container-CRe_MokE.js                                             0.37 kB │ gzip:   0.27 kB
dist/assets/arrow-up-narrow-wide-CVj1t-Oy.js                                  0.37 kB │ gzip:   0.25 kB
dist/assets/arrow-up-wide-narrow-DUHCCUp4.js                                  0.37 kB │ gzip:   0.25 kB
dist/assets/folder-dot-Dsqkjs8m.js                                            0.37 kB │ gzip:   0.28 kB
dist/assets/mail-check-8OgIazol.js                                            0.37 kB │ gzip:   0.27 kB
dist/assets/square-split-horizontal-CHBAfTN3.js                               0.37 kB │ gzip:   0.29 kB
dist/assets/git-compare-BmxwRNr_.js                                           0.37 kB │ gzip:   0.26 kB
dist/assets/arrow-big-left-Bx65kYA0.js                                        0.37 kB │ gzip:   0.27 kB
dist/assets/arrow-down-narrow-wide-Ctqg72Ck.js                                0.37 kB │ gzip:   0.25 kB
dist/assets/arrow-down-wide-narrow-ChCL1TTu.js                                0.37 kB │ gzip:   0.25 kB
dist/assets/copy-check-B-ObC8at.js                                            0.37 kB │ gzip:   0.29 kB
dist/assets/diamond-minus-FtsITuDL.js                                         0.37 kB │ gzip:   0.26 kB
dist/assets/fast-forward-Bw6vzAiJ.js                                          0.37 kB │ gzip:   0.25 kB
dist/assets/glass-water-DCg12L4h.js                                           0.37 kB │ gzip:   0.28 kB
dist/assets/ligature-_hJulbz-.js                                              0.37 kB │ gzip:   0.26 kB
dist/assets/list-collapse-BV5sXK7L.js                                         0.37 kB │ gzip:   0.24 kB
dist/assets/satellite-dish-DRP2ZQ23.js                                        0.37 kB │ gzip:   0.26 kB
dist/assets/send-horizontal-5K_f0_L1.js                                       0.37 kB │ gzip:   0.28 kB
dist/assets/file-plus-2-CuJyJz0N.js                                           0.37 kB │ gzip:   0.26 kB
dist/assets/wallet-B5kI8lAY.js                                                0.37 kB │ gzip:   0.26 kB
dist/assets/arrow-big-right-YgXjSCxT.js                                       0.37 kB │ gzip:   0.27 kB
dist/assets/layout-template-BJ8PBHM6.js                                       0.37 kB │ gzip:   0.24 kB
dist/assets/scaling-s1M8pXUJ.js                                               0.37 kB │ gzip:   0.26 kB
dist/assets/shirt-AmnAnn4X.js                                                 0.37 kB │ gzip:   0.28 kB
dist/assets/user-round-search-DHWsB9yD.js                                     0.37 kB │ gzip:   0.28 kB
dist/assets/arrows-up-from-line-BPIN_EuL.js                                   0.37 kB │ gzip:   0.25 kB
dist/assets/computer-DHUMqS2t.js                                              0.37 kB │ gzip:   0.26 kB
dist/assets/layout-panel-left-D7ecN4bN.js                                     0.37 kB │ gzip:   0.24 kB
dist/assets/layout-panel-top-CNe_NPha.js                                      0.37 kB │ gzip:   0.24 kB
dist/assets/text-search-BbVE0teO.js                                           0.37 kB │ gzip:   0.26 kB
dist/assets/toy-brick-nuqkbs-F.js                                             0.37 kB │ gzip:   0.27 kB
dist/assets/bike-CvBl27Tn.js                                                  0.37 kB │ gzip:   0.26 kB
dist/assets/disc-3-BDNQ9XbV.js                                                0.37 kB │ gzip:   0.27 kB
dist/assets/list-chevrons-down-up-IKrcBLWr.js                                 0.37 kB │ gzip:   0.25 kB
dist/assets/list-chevrons-up-down-CZ7sJciO.js                                 0.37 kB │ gzip:   0.25 kB
dist/assets/receipt-russian-ruble-CaNr47o4.js                                 0.37 kB │ gzip:   0.26 kB
dist/assets/shrub-B8FeiVN5.js                                                 0.37 kB │ gzip:   0.28 kB
dist/assets/tangent-DJXa23A_.js                                               0.37 kB │ gzip:   0.27 kB
dist/assets/ticket-plus-BIyHiiik.js                                           0.37 kB │ gzip:   0.26 kB
dist/assets/file-lock-CwZM56xu.js                                             0.37 kB │ gzip:   0.28 kB
dist/assets/git-pull-request-DdIgjDdV.js                                      0.37 kB │ gzip:   0.27 kB
dist/assets/list-end-9rfJBv7l.js                                              0.37 kB │ gzip:   0.26 kB
dist/assets/mail-open-BStthhFc.js                                             0.37 kB │ gzip:   0.28 kB
dist/assets/pill-bottle-DLEU3DD8.js                                           0.37 kB │ gzip:   0.28 kB
dist/assets/scan-O9v77eCc.js                                                  0.37 kB │ gzip:   0.25 kB
dist/assets/square-pilcrow-CUXZj4UX.js                                        0.37 kB │ gzip:   0.27 kB
dist/assets/file-symlink-NNdOaTmk.js                                          0.37 kB │ gzip:   0.26 kB
dist/assets/list-start-Bf9nVzqE.js                                            0.37 kB │ gzip:   0.26 kB
dist/assets/monitor-stop-C2oBnjom.js                                          0.37 kB │ gzip:   0.27 kB
dist/assets/egg-off-CDMPipzV.js                                               0.38 kB │ gzip:   0.28 kB
dist/assets/file-x-2-Cq0w27mu.js                                              0.38 kB │ gzip:   0.26 kB
dist/assets/heading-6-C-NTM42T.js                                             0.38 kB │ gzip:   0.27 kB
dist/assets/indian-rupee-Cnc8Eb8u.js                                          0.38 kB │ gzip:   0.26 kB
dist/assets/radius-mi-MROQ-.js                                                0.38 kB │ gzip:   0.27 kB
dist/assets/sales-quotation-decision.type-B9rNkCuh.js                         0.38 kB │ gzip:   0.29 kB
dist/assets/folder-open-CcEy0jwb.js                                           0.38 kB │ gzip:   0.27 kB
dist/assets/shopping-cart-DW8NbW63.js                                         0.38 kB │ gzip:   0.28 kB
dist/assets/bubbles-fy691POa.js                                               0.38 kB │ gzip:   0.26 kB
dist/assets/case-sensitive-Bam4xAr-.js                                        0.38 kB │ gzip:   0.29 kB
dist/assets/cloud-rain-wind-BA6p9oP5.js                                       0.38 kB │ gzip:   0.27 kB
dist/assets/file-input-BLVpdK4p.js                                            0.38 kB │ gzip:   0.27 kB
dist/assets/lasso-BGBMTSc3.js                                                 0.38 kB │ gzip:   0.27 kB
dist/assets/variable--OKcz802.js                                              0.38 kB │ gzip:   0.26 kB
dist/assets/venus-and-mars-B0lJf-XO.js                                        0.38 kB │ gzip:   0.27 kB
dist/assets/maximize-AmCzWmBK.js                                              0.38 kB │ gzip:   0.26 kB
dist/assets/minimize-CizIk999.js                                              0.38 kB │ gzip:   0.26 kB
dist/assets/pilcrow-left-Cbmnt-Lv.js                                          0.38 kB │ gzip:   0.26 kB
dist/assets/smile-Bo6xXfn4.js                                                 0.38 kB │ gzip:   0.27 kB
dist/assets/turntable-DO49hlqi.js                                             0.38 kB │ gzip:   0.29 kB
dist/assets/link-2-off-H24O0ofH.js                                            0.38 kB │ gzip:   0.27 kB
dist/assets/linkedin-poEPPN_V.js                                              0.38 kB │ gzip:   0.28 kB
dist/assets/meh-dd1qGVX_.js                                                   0.38 kB │ gzip:   0.25 kB
dist/assets/moon-star-DVWmri-O.js                                             0.38 kB │ gzip:   0.28 kB
dist/assets/pilcrow-right-CELeh6UO.js                                         0.38 kB │ gzip:   0.26 kB
dist/assets/receipt-turkish-lira-CBNYCCw0.js                                  0.38 kB │ gzip:   0.27 kB
dist/assets/book-user-PLvb0rLJ.js                                             0.38 kB │ gzip:   0.28 kB
dist/assets/flashlight-Bks97wKq.js                                            0.38 kB │ gzip:   0.27 kB
dist/assets/frown-B38cEnuA.js                                                 0.38 kB │ gzip:   0.27 kB
dist/assets/grid-3x3-h9OlDpkI.js                                              0.38 kB │ gzip:   0.26 kB
dist/assets/map-pin-plus-inside-CL31FkBP.js                                   0.38 kB │ gzip:   0.28 kB
dist/assets/hash-D-WCtXgL.js                                                  0.38 kB │ gzip:   0.24 kB
dist/assets/frame-CbFuqboh.js                                                 0.38 kB │ gzip:   0.24 kB
dist/assets/instagram-DSBi23Ok.js                                             0.38 kB │ gzip:   0.29 kB
dist/assets/list-tree-fxOJyfCW.js                                             0.38 kB │ gzip:   0.25 kB
dist/assets/ticket-x-CiYGYxij.js                                              0.38 kB │ gzip:   0.26 kB
dist/assets/bed-double-BA8N7WVR.js                                            0.38 kB │ gzip:   0.26 kB
dist/assets/egg-fried-B2cEGARq.js                                             0.38 kB │ gzip:   0.29 kB
dist/assets/file-plus-BNcSbvyn.js                                             0.38 kB │ gzip:   0.26 kB
dist/assets/receipt-text-BXy0scm6.js                                          0.38 kB │ gzip:   0.25 kB
dist/assets/archive-x-_aF74kRq.js                                             0.38 kB │ gzip:   0.28 kB
dist/assets/calendar-1-BWj2-VHq.js                                            0.38 kB │ gzip:   0.27 kB
dist/assets/clipboard-minus-BMwgUmsx.js                                       0.38 kB │ gzip:   0.28 kB
dist/assets/copy-minus-bCGxsmML.js                                            0.38 kB │ gzip:   0.29 kB
dist/assets/copy-slash-BdyZUQ1A.js                                            0.38 kB │ gzip:   0.29 kB
dist/assets/file-code-2-C9MzfDI2.js                                           0.38 kB │ gzip:   0.27 kB
dist/assets/folder-symlink-Oj66rIe0.js                                        0.38 kB │ gzip:   0.27 kB
dist/assets/headset-BQxiKIry.js                                               0.38 kB │ gzip:   0.27 kB
dist/assets/feather-D5nEkmWF.js                                               0.38 kB │ gzip:   0.28 kB
dist/assets/panel-top-dashed-BXcwHZeN.js                                      0.38 kB │ gzip:   0.27 kB
dist/assets/spade-BmbeVGVq.js                                                 0.38 kB │ gzip:   0.29 kB
dist/assets/star-off-BKMSSqBX.js                                              0.38 kB │ gzip:   0.29 kB
dist/assets/bone-r_1P_II7.js                                                  0.38 kB │ gzip:   0.27 kB
dist/assets/file-key-DhPfmxYC.js                                              0.38 kB │ gzip:   0.28 kB
dist/assets/flame-kindling-j5Z3KOhA.js                                        0.38 kB │ gzip:   0.29 kB
dist/assets/list-todo-CaJezGzx.js                                             0.38 kB │ gzip:   0.27 kB
dist/assets/monitor-dot-B7UpArZA.js                                           0.38 kB │ gzip:   0.28 kB
dist/assets/panel-left-dashed-ElbSxXtT.js                                     0.38 kB │ gzip:   0.26 kB
dist/assets/battery-full-d16Ee5g-.js                                          0.39 kB │ gzip:   0.27 kB
dist/assets/bean-BhA9_-wM.js                                                  0.39 kB │ gzip:   0.30 kB
dist/assets/monitor-pause-DyS6TKYG.js                                         0.39 kB │ gzip:   0.27 kB
dist/assets/video-off-BgCwznXZ.js                                             0.39 kB │ gzip:   0.28 kB
dist/assets/flask-conical-HKvRCbV7.js                                         0.39 kB │ gzip:   0.28 kB
dist/assets/calendar-minus-2-BamyqG11.js                                      0.39 kB │ gzip:   0.27 kB
dist/assets/chevrons-left-right-ellipsis-DhDXNjiR.js                          0.39 kB │ gzip:   0.26 kB
dist/assets/circle-divide-CsC-A5HK.js                                         0.39 kB │ gzip:   0.25 kB
dist/assets/file-axis-3d-DAtIoIlt.js                                          0.39 kB │ gzip:   0.27 kB
dist/assets/message-square-share-B3Hm7qFD.js                                  0.39 kB │ gzip:   0.28 kB
dist/assets/subscript-VGM8EP-r.js                                             0.39 kB │ gzip:   0.29 kB
dist/assets/thumbs-up-C1xu4Acd.js                                             0.39 kB │ gzip:   0.29 kB
dist/assets/file-down-KSTBy14k.js                                             0.39 kB │ gzip:   0.26 kB
dist/assets/cloud-off-DYuEEdup.js                                             0.39 kB │ gzip:   0.28 kB
dist/assets/delete-CmWjn9Ew.js                                                0.39 kB │ gzip:   0.27 kB
dist/assets/map-pin-x-inside-DRPYLsnu.js                                      0.39 kB │ gzip:   0.29 kB
dist/assets/milestone-VYEB8r7o.js                                             0.39 kB │ gzip:   0.27 kB
dist/assets/monitor-up-Cf_Xl5zY.js                                            0.39 kB │ gzip:   0.28 kB
dist/assets/thumbs-down-BEmG3Fuh.js                                           0.39 kB │ gzip:   0.29 kB
dist/assets/coffee-BbcmhaCj.js                                                0.39 kB │ gzip:   0.26 kB
dist/assets/file-clock-CeDfB-Pr.js                                            0.39 kB │ gzip:   0.28 kB
dist/assets/forklift-DXsUlANN.js                                              0.39 kB │ gzip:   0.29 kB
dist/assets/lamp-ceiling-D68YiSif.js                                          0.39 kB │ gzip:   0.28 kB
dist/assets/laptop-C3DrfEeQ.js                                                0.39 kB │ gzip:   0.28 kB
dist/assets/mails-BjWLOLrP.js                                                 0.39 kB │ gzip:   0.29 kB
dist/assets/paint-roller-B5jVEG9R.js                                          0.39 kB │ gzip:   0.28 kB
dist/assets/shrink-1c6rme0B.js                                                0.39 kB │ gzip:   0.28 kB
dist/assets/arrow-up-a-z-BvziNEPs.js                                          0.39 kB │ gzip:   0.27 kB
dist/assets/ampersands-DZa31ts4.js                                            0.39 kB │ gzip:   0.25 kB
dist/assets/audio-lines-3Y-vKnkh.js                                           0.39 kB │ gzip:   0.25 kB
dist/assets/calendar-check-CVvJ_xrz.js                                        0.39 kB │ gzip:   0.27 kB
dist/assets/file-x-Cz99UqzD.js                                                0.39 kB │ gzip:   0.26 kB
dist/assets/gallery-thumbnails-E31O8xJz.js                                    0.39 kB │ gzip:   0.27 kB
dist/assets/mouse-off-DIKRVS3E.js                                             0.39 kB │ gzip:   0.27 kB
dist/assets/panel-right-dashed-B6wvdBrN.js                                    0.39 kB │ gzip:   0.27 kB
dist/assets/table-cells-merge-8wO6obX-.js                                     0.39 kB │ gzip:   0.27 kB
dist/assets/arrow-up-z-a-DqWnC0-1.js                                          0.39 kB │ gzip:   0.28 kB
dist/assets/case-upper-BL26Yvzj.js                                            0.39 kB │ gzip:   0.28 kB
dist/assets/dice-4-BYmowW2O.js                                                0.39 kB │ gzip:   0.26 kB
dist/assets/file-terminal-COoFDnaf.js                                         0.39 kB │ gzip:   0.26 kB
dist/assets/folder-plus-DDbV-j4f.js                                           0.39 kB │ gzip:   0.27 kB
dist/assets/joystick-D4Jcg80O.js                                              0.39 kB │ gzip:   0.28 kB
dist/assets/monitor-down-B3GChHpb.js                                          0.39 kB │ gzip:   0.28 kB
dist/assets/mouse-pointer-BzFL_YX9.js                                         0.39 kB │ gzip:   0.29 kB
dist/assets/panel-bottom-dashed-CMBXzeCT.js                                   0.39 kB │ gzip:   0.27 kB
dist/assets/plane-C6ZKJX6q.js                                                 0.39 kB │ gzip:   0.30 kB
dist/assets/receipt-swiss-franc-DRzJ82ko.js                                   0.39 kB │ gzip:   0.26 kB
dist/assets/user-x-CTLUIFRs.js                                                0.39 kB │ gzip:   0.28 kB
dist/assets/project-planning-service-DPCr1X02.js                              0.39 kB │ gzip:   0.26 kB
dist/assets/align-vertical-space-between-DygdhtRS.js                          0.39 kB │ gzip:   0.27 kB
dist/assets/arrow-up-0-1-Cj8Yw6YH.js                                          0.39 kB │ gzip:   0.28 kB
dist/assets/arrow-up-1-0-DUOs8zr2.js                                          0.39 kB │ gzip:   0.28 kB
dist/assets/book-audio-OuiGQWAo.js                                            0.39 kB │ gzip:   0.27 kB
dist/assets/file-music-BjCTqCaR.js                                            0.39 kB │ gzip:   0.28 kB
dist/assets/git-pull-request-create-BEI54lwp.js                               0.39 kB │ gzip:   0.28 kB
dist/assets/arrow-down-a-z-l0wEXq-v.js                                        0.39 kB │ gzip:   0.27 kB
dist/assets/chef-hat-BxqXgU1b.js                                              0.39 kB │ gzip:   0.29 kB
dist/assets/cross-ZW4zKp1M.js                                                 0.39 kB │ gzip:   0.25 kB
dist/assets/laugh-D8AHJZtV.js                                                 0.39 kB │ gzip:   0.28 kB
dist/assets/monitor-x-D53x8AUc.js                                             0.39 kB │ gzip:   0.28 kB
dist/assets/align-horizontal-space-between-2fZ8l9Gh.js                        0.39 kB │ gzip:   0.28 kB
dist/assets/align-vertical-distribute-end-Sduo6Jgu.js                         0.39 kB │ gzip:   0.27 kB
dist/assets/arrow-down-z-a-DMFP_QCX.js                                        0.39 kB │ gzip:   0.28 kB
dist/assets/brush-CJwVhknm.js                                                 0.39 kB │ gzip:   0.29 kB
dist/assets/folder-clock-DTg-C2IA.js                                          0.39 kB │ gzip:   0.29 kB
dist/assets/inspection-panel-BrqFwiZ5.js                                      0.39 kB │ gzip:   0.26 kB
dist/assets/sprout-DLCKhnsQ.js                                                0.39 kB │ gzip:   0.27 kB
dist/assets/text-initial-qRKS4u5g.js                                          0.39 kB │ gzip:   0.27 kB
dist/assets/tree-pine-CpEWpK99.js                                             0.39 kB │ gzip:   0.27 kB
dist/assets/align-vertical-distribute-start-IQDqgYQl.js                       0.39 kB │ gzip:   0.27 kB
dist/assets/arrow-down-0-1-O5-bXAwX.js                                        0.39 kB │ gzip:   0.28 kB
dist/assets/arrow-down-1-0-B6zDG8Cj.js                                        0.39 kB │ gzip:   0.28 kB
dist/assets/concierge-bell-CEo5y1MQ.js                                        0.39 kB │ gzip:   0.27 kB
dist/assets/folder-up-Dm_8NclU.js                                             0.39 kB │ gzip:   0.28 kB
dist/assets/message-square-plus--TXXkN61.js                                   0.39 kB │ gzip:   0.28 kB
dist/assets/regex-D5q9DtpU.js                                                 0.39 kB │ gzip:   0.27 kB
dist/assets/align-horizontal-distribute-end-ZcYbzXuh.js                       0.40 kB │ gzip:   0.27 kB
dist/assets/message-square-off-B_10ZYXU.js                                    0.40 kB │ gzip:   0.29 kB
dist/assets/align-horizontal-distribute-start-B5STZPp5.js                     0.40 kB │ gzip:   0.27 kB
dist/assets/book-type-Dta-SfwQ.js                                             0.40 kB │ gzip:   0.28 kB
dist/assets/hard-drive-upload-BQxD7mtI.js                                     0.40 kB │ gzip:   0.28 kB
dist/assets/folder-down-B_IlKvzQ.js                                           0.40 kB │ gzip:   0.28 kB
dist/assets/hard-drive-download-D5FvEVvv.js                                   0.40 kB │ gzip:   0.28 kB
dist/assets/heart-minus-DXfdFw2z.js                                           0.40 kB │ gzip:   0.30 kB
dist/assets/repeat-1-DztNcJnk.js                                              0.40 kB │ gzip:   0.27 kB
dist/assets/user-lock-Cu346wOP.js                                             0.40 kB │ gzip:   0.30 kB
dist/assets/antenna-Dz9O2Jk0.js                                               0.40 kB │ gzip:   0.25 kB
dist/assets/apple-sDtMXnyj.js                                                 0.40 kB │ gzip:   0.28 kB
dist/assets/flag-off-DvPFuJxe.js                                              0.40 kB │ gzip:   0.29 kB
dist/assets/folder-input-Bn6WFn3_.js                                          0.40 kB │ gzip:   0.28 kB
dist/assets/ice-cream-bowl-EMGZRlBy.js                                        0.40 kB │ gzip:   0.28 kB
dist/assets/mail-plus-Ch4dEu8B.js                                             0.40 kB │ gzip:   0.28 kB
dist/assets/saudi-riyal-CIIg6buj.js                                           0.40 kB │ gzip:   0.29 kB
dist/assets/shield-half-Dz5uJbhf.js                                           0.40 kB │ gzip:   0.30 kB
dist/assets/shield-minus-B1A_DmuB.js                                          0.40 kB │ gzip:   0.30 kB
dist/assets/book-image-BKX0YPMr.js                                            0.40 kB │ gzip:   0.30 kB
dist/assets/bring-to-front-DpQGO473.js                                        0.40 kB │ gzip:   0.28 kB
dist/assets/chart-area-bBO5RtBj.js                                            0.40 kB │ gzip:   0.28 kB
dist/assets/folder-search-wD05pTk3.js                                         0.40 kB │ gzip:   0.29 kB
dist/assets/mail-x-Dk2CEIuT.js                                                0.40 kB │ gzip:   0.28 kB
dist/assets/badge-check-Ddn_aP3H.js                                           0.40 kB │ gzip:   0.27 kB
dist/assets/folder-output-qL8Sa0ZM.js                                         0.40 kB │ gzip:   0.28 kB
dist/assets/gavel-CmTfdOOw.js                                                 0.40 kB │ gzip:   0.27 kB
dist/assets/languages-C9_k7-tG.js                                             0.40 kB │ gzip:   0.27 kB
dist/assets/message-square-warning-9DTFBRhd.js                                0.40 kB │ gzip:   0.29 kB
dist/assets/banana-CfbkXRPN.js                                                0.40 kB │ gzip:   0.30 kB
dist/assets/chromium-SPUdzAKt.js                                              0.40 kB │ gzip:   0.28 kB
dist/assets/git-pull-request-draft-XWbFWHGB.js                                0.40 kB │ gzip:   0.28 kB
dist/assets/shapes-BzkUDq9F.js                                                0.40 kB │ gzip:   0.30 kB
dist/assets/signature-BvmKnq-f.js                                             0.40 kB │ gzip:   0.30 kB
dist/assets/sword-DGIC1fG8.js                                                 0.40 kB │ gzip:   0.27 kB
dist/assets/toilet-AJ3L-eEK.js                                                0.40 kB │ gzip:   0.28 kB
dist/assets/videotape-iUx3exmb.js                                             0.40 kB │ gzip:   0.28 kB
dist/assets/cast-LufUcG73.js                                                  0.40 kB │ gzip:   0.28 kB
dist/assets/message-circle-plus-BNSI0anQ.js                                   0.40 kB │ gzip:   0.29 kB
dist/assets/message-circle-x-Be-WIJMW.js                                      0.40 kB │ gzip:   0.29 kB
dist/assets/message-square-x-Cui7nRkj.js                                      0.40 kB │ gzip:   0.28 kB
dist/assets/monitor-off-DLWrvT1S.js                                           0.40 kB │ gzip:   0.28 kB
dist/assets/pencil-line-BmYB7Bh6.js                                           0.40 kB │ gzip:   0.29 kB
dist/assets/table-of-contents-D1CS4-l6.js                                     0.40 kB │ gzip:   0.25 kB
dist/assets/hard-hat-DUbH9OY_.js                                              0.40 kB │ gzip:   0.29 kB
dist/assets/list-video-YozOo4X5.js                                            0.40 kB │ gzip:   0.27 kB
dist/assets/star-half-DKEupTEB.js                                             0.40 kB │ gzip:   0.30 kB
dist/assets/file-code-DsUGUm2K.js                                             0.40 kB │ gzip:   0.27 kB
dist/assets/shield-check-D_EOGj-d.js                                          0.40 kB │ gzip:   0.30 kB
dist/assets/diamond-plus-C9ECQ1tI.js                                          0.40 kB │ gzip:   0.27 kB
dist/assets/file-user-DKsCRlDJ.js                                             0.40 kB │ gzip:   0.28 kB
dist/assets/fuel-DTJvZ5aq.js                                                  0.40 kB │ gzip:   0.27 kB
dist/assets/move-CCzLew4p.js                                                  0.40 kB │ gzip:   0.26 kB
dist/assets/stamp-OwS3iSEs.js                                                 0.41 kB │ gzip:   0.28 kB
dist/assets/refresh-ccw-CfH9XB87.js                                           0.41 kB │ gzip:   0.27 kB
dist/assets/book-copy-C8M-OVsJ.js                                             0.41 kB │ gzip:   0.28 kB
dist/assets/cloud-moon-CAqz5fPt.js                                            0.41 kB │ gzip:   0.31 kB
dist/assets/cup-soda-BeUXeSAO.js                                              0.41 kB │ gzip:   0.28 kB
dist/assets/folders-CpWJbt44.js                                               0.41 kB │ gzip:   0.28 kB
dist/assets/git-pull-request-arrow-DVlB6NcQ.js                                0.41 kB │ gzip:   0.29 kB
dist/assets/send-to-back-DgU-0po4.js                                          0.41 kB │ gzip:   0.27 kB
dist/assets/square-stack-CJ6hGmje.js                                          0.41 kB │ gzip:   0.28 kB
dist/assets/superscript-bezObpjR.js                                           0.41 kB │ gzip:   0.30 kB
dist/assets/ticket-IDZ2kpdH.js                                                0.41 kB │ gzip:   0.27 kB
dist/assets/calendar-minus-DPEjTWHb.js                                        0.41 kB │ gzip:   0.27 kB
dist/assets/folder-root-DHENmt2-.js                                           0.41 kB │ gzip:   0.29 kB
dist/assets/hand-helping-DMBIv_Ux.js                                          0.41 kB │ gzip:   0.30 kB
dist/assets/microwave-DWvJJfl6.js                                             0.41 kB │ gzip:   0.27 kB
dist/assets/spell-check-2-4sliPENK.js                                         0.41 kB │ gzip:   0.26 kB
dist/assets/a-large-small-B-H9ww2O.js                                         0.41 kB │ gzip:   0.30 kB
dist/assets/arrow-big-down-dash-CyvcKDML.js                                   0.41 kB │ gzip:   0.29 kB
dist/assets/arrow-big-up-dash-D5Qn7gYx.js                                     0.41 kB │ gzip:   0.28 kB
dist/assets/eye-closed-BcCiNFeJ.js                                            0.41 kB │ gzip:   0.27 kB
dist/assets/funnel-plus-BP1Ys82Z.js                                           0.41 kB │ gzip:   0.29 kB
dist/assets/id-card-C1c42Fd5.js                                               0.41 kB │ gzip:   0.29 kB
dist/assets/message-square-code-Bu-IP2hy.js                                   0.41 kB │ gzip:   0.29 kB
dist/assets/screen-share-DTiVEKyc.js                                          0.41 kB │ gzip:   0.28 kB
dist/assets/mail-warning-BtPP1rXi.js                                          0.41 kB │ gzip:   0.29 kB
dist/assets/message-circle-warning-B6DhgP1d.js                                0.41 kB │ gzip:   0.30 kB
dist/assets/receipt-indian-rupee-DbZUL1zm.js                                  0.41 kB │ gzip:   0.27 kB
dist/assets/rocking-chair-8u1KuiZN.js                                         0.41 kB │ gzip:   0.28 kB
dist/assets/tv-minimal-play-PjO1dZZw.js                                       0.41 kB │ gzip:   0.30 kB
dist/assets/briefcase-business-Bg9TgKWL.js                                    0.41 kB │ gzip:   0.29 kB
dist/assets/file-search-DVpPyuOw.js                                           0.41 kB │ gzip:   0.29 kB
dist/assets/flip-horizontal-2-B1-0yuI5.js                                     0.41 kB │ gzip:   0.26 kB
dist/assets/squares-exclude-DImVrayX.js                                       0.41 kB │ gzip:   0.27 kB
dist/assets/arrow-big-left-dash-QP34QxSI.js                                   0.41 kB │ gzip:   0.29 kB
dist/assets/arrow-big-right-dash-C0SIk_zr.js                                  0.41 kB │ gzip:   0.29 kB
dist/assets/contact-round-DEUn-uTU.js                                         0.41 kB │ gzip:   0.29 kB
dist/assets/file-search-2-DGVuHnE0.js                                         0.41 kB │ gzip:   0.29 kB
dist/assets/heading-5-BGj476Tr.js                                             0.41 kB │ gzip:   0.28 kB
dist/assets/library-big-CDiz-5Fj.js                                           0.41 kB │ gzip:   0.31 kB
dist/assets/monitor-smartphone-CLLbzHpq.js                                    0.41 kB │ gzip:   0.29 kB
dist/assets/receipt-pound-sterling-D9-MdKrm.js                                0.41 kB │ gzip:   0.28 kB
dist/assets/sailboat-D_WrhN7J.js                                              0.41 kB │ gzip:   0.28 kB
dist/assets/square-divide-D3t47T0X.js                                         0.41 kB │ gzip:   0.27 kB
dist/assets/battery-charging-TmGPNXTG.js                                      0.41 kB │ gzip:   0.29 kB
dist/assets/book-heart-C6CTQm18.js                                            0.41 kB │ gzip:   0.29 kB
dist/assets/fan-BQZlRoe_.js                                                   0.41 kB │ gzip:   0.27 kB
dist/assets/file-type-2-Bni6DR72.js                                           0.41 kB │ gzip:   0.27 kB
dist/assets/screen-share-off-ZbAs5MAe.js                                      0.41 kB │ gzip:   0.28 kB
dist/assets/bell-minus-9F873los.js                                            0.41 kB │ gzip:   0.30 kB
dist/assets/bot-kKmYnQMC.js                                                   0.41 kB │ gzip:   0.28 kB
dist/assets/calendar-check-2-CLafTJwj.js                                      0.41 kB │ gzip:   0.27 kB
dist/assets/nfc-ByOsqL-v.js                                                   0.41 kB │ gzip:   0.28 kB
dist/assets/volume-1-DUM-zsNy.js                                              0.41 kB │ gzip:   0.30 kB
dist/assets/wallet-cards-DekA7YVM.js                                          0.41 kB │ gzip:   0.30 kB
dist/assets/youtube-C37LaE5k.js                                               0.41 kB │ gzip:   0.27 kB
dist/assets/badge-minus-DNkOHEty.js                                           0.41 kB │ gzip:   0.28 kB
dist/assets/map-pin-minus-C9Q3Bw9-.js                                         0.41 kB │ gzip:   0.31 kB
dist/assets/notebook-5jMOEy8J.js                                              0.41 kB │ gzip:   0.27 kB
dist/assets/shield-ban-XaV7xA1t.js                                            0.41 kB │ gzip:   0.31 kB
dist/assets/tickets-B0QTlLfW.js                                               0.41 kB │ gzip:   0.29 kB
dist/assets/flip-vertical-2-Ddq7ug1P.js                                       0.41 kB │ gzip:   0.26 kB
dist/assets/folder-code-BJ8VSZ-q.js                                           0.41 kB │ gzip:   0.29 kB
dist/assets/funnel-x-Dq7tvfXL.js                                              0.41 kB │ gzip:   0.29 kB
dist/assets/git-fork-Cqd17qiZ.js                                              0.41 kB │ gzip:   0.28 kB
dist/assets/bath-DeCXOYmr.js                                                  0.42 kB │ gzip:   0.27 kB
dist/assets/file-audio-CpxsRI3u.js                                            0.42 kB │ gzip:   0.28 kB
dist/assets/message-circle-code-uvm-oAyV.js                                   0.42 kB │ gzip:   0.30 kB
dist/assets/scan-line-B9g3_-ou.js                                             0.42 kB │ gzip:   0.27 kB
dist/assets/bell-dot-DdE3atpB.js                                              0.42 kB │ gzip:   0.31 kB
dist/assets/creative-commons-BAiPm8ix.js                                      0.42 kB │ gzip:   0.26 kB
dist/assets/file-lock-2-CywYearo.js                                           0.42 kB │ gzip:   0.30 kB
dist/assets/flashlight-off-eeMjzvIs.js                                        0.42 kB │ gzip:   0.29 kB
dist/assets/graduation-cap-9Wy4V0eb.js                                        0.42 kB │ gzip:   0.30 kB
dist/assets/ticket-percent-ByMZhSSw.js                                        0.42 kB │ gzip:   0.28 kB
dist/assets/heart-pulse-BuRRprbr.js                                           0.42 kB │ gzip:   0.31 kB
dist/assets/layers-2-DNCedYyT.js                                              0.42 kB │ gzip:   0.29 kB
dist/assets/dribbble-CrJSOb1I.js                                              0.42 kB │ gzip:   0.31 kB
dist/assets/gem-CatI8kx9.js                                                   0.42 kB │ gzip:   0.29 kB
dist/assets/pin-off-BEbWFg8K.js                                               0.42 kB │ gzip:   0.29 kB
dist/assets/clipboard-plus-D0v5cWMJ.js                                        0.42 kB │ gzip:   0.29 kB
dist/assets/book-open-check-BJvSLrRc.js                                       0.42 kB │ gzip:   0.28 kB
dist/assets/clipboard-x-CXBU3LSF.js                                           0.42 kB │ gzip:   0.29 kB
dist/assets/contact-DLXXkjZG.js                                               0.42 kB │ gzip:   0.29 kB
dist/assets/message-square-reply-CzFlUzON.js                                  0.42 kB │ gzip:   0.30 kB
dist/assets/rotate-ccw-key-z0jSFlvd.js                                        0.42 kB │ gzip:   0.30 kB
dist/assets/spool-BroAOqVU.js                                                 0.42 kB │ gzip:   0.30 kB
dist/assets/wallpaper-RPb9R9SW.js                                             0.42 kB │ gzip:   0.31 kB
dist/assets/book-lock-B_1n4F8q.js                                             0.42 kB │ gzip:   0.31 kB
dist/assets/bottle-wine-B96JWyl7.js                                           0.42 kB │ gzip:   0.29 kB
dist/assets/camera-BvVrmd5E.js                                                0.42 kB │ gzip:   0.30 kB
dist/assets/cooking-pot-Dn-kNaV9.js                                           0.42 kB │ gzip:   0.29 kB
dist/assets/folder-search-2-Cw6MUakB.js                                       0.42 kB │ gzip:   0.30 kB
dist/assets/calendar-x-DfCJbXm2.js                                            0.42 kB │ gzip:   0.28 kB
dist/assets/image-down-z5fxmx-S.js                                            0.42 kB │ gzip:   0.30 kB
dist/assets/image-up-CQEr1jIA.js                                              0.42 kB │ gzip:   0.30 kB
dist/assets/list-restart-BU1BJ6Aw.js                                          0.42 kB │ gzip:   0.29 kB
dist/assets/packing-codes-service-NLjZSrgj.js                                 0.42 kB │ gzip:   0.26 kB
dist/assets/calendar-fold-CfTPz6Py.js                                         0.42 kB │ gzip:   0.28 kB
dist/assets/calendar-plus-2-0Y_YczAW.js                                       0.42 kB │ gzip:   0.28 kB
dist/assets/drafting-compass-8u9ED4my.js                                      0.42 kB │ gzip:   0.30 kB
dist/assets/file-type-C2HrBcpN.js                                             0.42 kB │ gzip:   0.27 kB
dist/assets/focus-Bmngu5Uu.js                                                 0.42 kB │ gzip:   0.28 kB
dist/assets/lectern-BrCAA7ti.js                                               0.42 kB │ gzip:   0.30 kB
dist/assets/package-2-BuUeH3FF.js                                             0.42 kB │ gzip:   0.29 kB
dist/assets/server-CK0Ecmwy.js                                                0.42 kB │ gzip:   0.26 kB
dist/assets/type-outline-pGbSZ6Xm.js                                          0.42 kB │ gzip:   0.26 kB
dist/assets/bitcoin-D_b4mlHw.js                                               0.42 kB │ gzip:   0.31 kB
dist/assets/database-zap-C3fNI865.js                                          0.42 kB │ gzip:   0.30 kB
dist/assets/files-CRk4mBsM.js                                                 0.42 kB │ gzip:   0.27 kB
dist/assets/loader-pinwheel-Cz04OWqG.js                                       0.42 kB │ gzip:   0.28 kB
dist/assets/square-mouse-pointer-CpEZfak3.js                                  0.42 kB │ gzip:   0.30 kB
dist/assets/shopping-bag-BIA5g5Pl.js                                          0.42 kB │ gzip:   0.29 kB
dist/assets/alarm-clock-C4OJoeMG.js                                           0.42 kB │ gzip:   0.29 kB
dist/assets/angry-DToFQxCN.js                                                 0.42 kB │ gzip:   0.28 kB
dist/assets/archive-restore-D1tfwljV.js                                       0.42 kB │ gzip:   0.29 kB
dist/assets/battery-warning-8VjF4ZiA.js                                       0.42 kB │ gzip:   0.28 kB
dist/assets/folder-lock--oAznJEz.js                                           0.42 kB │ gzip:   0.30 kB
dist/assets/paint-bucket-CvsmjvtV.js                                          0.42 kB │ gzip:   0.30 kB
dist/assets/picture-in-picture-D4VHwHD2.js                                    0.42 kB │ gzip:   0.30 kB
dist/assets/air-vent-DAzzE1zO.js                                              0.43 kB │ gzip:   0.29 kB
dist/assets/ethernet-port-S3B8PctR.js                                         0.43 kB │ gzip:   0.27 kB
dist/assets/file-key-2-Dlch5dny.js                                            0.43 kB │ gzip:   0.30 kB
dist/assets/image-minus-BpweR9AM.js                                           0.43 kB │ gzip:   0.31 kB
dist/assets/timer-off-Cw1Hk-yk.js                                             0.43 kB │ gzip:   0.28 kB
dist/assets/user-pen-CU8xKJxI.js                                              0.43 kB │ gzip:   0.31 kB
dist/assets/alarm-clock-minus-BY1xAOeH.js                                     0.43 kB │ gzip:   0.29 kB
dist/assets/citrus-DdNd8a1T.js                                                0.43 kB │ gzip:   0.30 kB
dist/assets/message-circle-reply-DaquuID7.js                                  0.43 kB │ gzip:   0.31 kB
dist/assets/mouse-pointer-ban-C6rFStfn.js                                     0.43 kB │ gzip:   0.32 kB
dist/assets/signpost-BJFCHpNz.js                                              0.43 kB │ gzip:   0.28 kB
dist/assets/stethoscope-D4vC-gWS.js                                           0.43 kB │ gzip:   0.29 kB
dist/assets/accessibility-DMbZXZud.js                                         0.43 kB │ gzip:   0.30 kB
dist/assets/globe-lock-DC9INwJa.js                                            0.43 kB │ gzip:   0.30 kB
dist/assets/utility-pole-OggNf7ZZ.js                                          0.43 kB │ gzip:   0.26 kB
dist/assets/venetian-mask-BGjKM32-.js                                         0.43 kB │ gzip:   0.28 kB
dist/assets/file-chart-column-19I3YLPu.js                                     0.43 kB │ gzip:   0.28 kB
dist/assets/git-pull-request-closed-CZLqAhcc.js                               0.43 kB │ gzip:   0.29 kB
dist/assets/newspaper-DmjWYqbX.js                                             0.43 kB │ gzip:   0.30 kB
dist/assets/dice-5-DrpSaKJI.js                                                0.43 kB │ gzip:   0.27 kB
dist/assets/heart-plus-CXcaBZNS.js                                            0.43 kB │ gzip:   0.31 kB
dist/assets/house-heart-CUqOFZBt.js                                           0.43 kB │ gzip:   0.30 kB
dist/assets/message-square-quote-CRhECemP.js                                  0.43 kB │ gzip:   0.29 kB
dist/assets/octagon-CL4woqtE.js                                               0.43 kB │ gzip:   0.27 kB
dist/assets/pen-off-DDlgQ6x9.js                                               0.43 kB │ gzip:   0.31 kB
dist/assets/pin-ByeOWf04.js                                                   0.43 kB │ gzip:   0.28 kB
dist/assets/clapperboard-BgJIGZvG.js                                          0.43 kB │ gzip:   0.30 kB
dist/assets/folder-open-dot-DFubPcf3.js                                       0.43 kB │ gzip:   0.31 kB
dist/assets/lamp-BCWqfAWf.js                                                  0.43 kB │ gzip:   0.29 kB
dist/assets/map-pin-check-NND9flC-.js                                         0.43 kB │ gzip:   0.32 kB
dist/assets/megaphone-BEYgTwRf.js                                             0.43 kB │ gzip:   0.29 kB
dist/assets/message-square-lock-CPHqT6MQ.js                                   0.43 kB │ gzip:   0.32 kB
dist/assets/message-square-text-CBOzCQ2K.js                                   0.43 kB │ gzip:   0.30 kB
dist/assets/smartphone-nfc-Bw9irEPH.js                                        0.43 kB │ gzip:   0.31 kB
dist/assets/currency-CvfJZB1Q.js                                              0.43 kB │ gzip:   0.26 kB
dist/assets/decimals-arrow-right-BHT5Avtf.js                                  0.43 kB │ gzip:   0.29 kB
dist/assets/droplet-off-DA_xyFFS.js                                           0.43 kB │ gzip:   0.32 kB
dist/assets/folder-key-DwGe2wQX.js                                            0.43 kB │ gzip:   0.30 kB
dist/assets/message-square-diff-VXWaFUTh.js                                   0.43 kB │ gzip:   0.29 kB
dist/assets/paw-print-C23DuuOy.js                                             0.43 kB │ gzip:   0.30 kB
dist/assets/receipt-japanese-yen-CSyANdkx.js                                  0.43 kB │ gzip:   0.28 kB
dist/assets/skull-CD4HlMqF.js                                                 0.43 kB │ gzip:   0.29 kB
dist/assets/alarm-clock-check-DxSLB9Sf.js                                     0.43 kB │ gzip:   0.29 kB
dist/assets/blinds-X3eOpeEh.js                                                0.43 kB │ gzip:   0.28 kB
dist/assets/chart-bar-stacked-CguOrDMi.js                                     0.43 kB │ gzip:   0.29 kB
dist/assets/file-image-CfIbDYJP.js                                            0.43 kB │ gzip:   0.30 kB
dist/assets/git-graph-aFXZXNRm.js                                             0.43 kB │ gzip:   0.28 kB
dist/assets/monitor-speaker-BE43BkPl.js                                       0.43 kB │ gzip:   0.31 kB
dist/assets/washing-machine-7yJx9ALF.js                                       0.43 kB │ gzip:   0.31 kB
dist/assets/gpu-LR4GZip8.js                                                   0.43 kB │ gzip:   0.29 kB
dist/assets/locate-DzUswU6g.js                                                0.43 kB │ gzip:   0.26 kB
dist/assets/podcast-DXxPl_Is.js                                               0.43 kB │ gzip:   0.30 kB
dist/assets/scroll-text-BoTXvmTC.js                                           0.43 kB │ gzip:   0.28 kB
dist/assets/shield-plus-B-ULnORl.js                                           0.43 kB │ gzip:   0.31 kB
dist/assets/user-round-pen-LYjCP8rC.js                                        0.43 kB │ gzip:   0.32 kB
dist/assets/copy-x-Co5vK7xB.js                                                0.43 kB │ gzip:   0.30 kB
dist/assets/battery-plus-CVIQ7yQq.js                                          0.44 kB │ gzip:   0.29 kB
dist/assets/chart-column-stacked-BDnaffAr.js                                  0.44 kB │ gzip:   0.29 kB
dist/assets/layout-dashboard-vNKd-g6n.js                                      0.44 kB │ gzip:   0.26 kB
dist/assets/book-key-DimT-7n1.js                                              0.44 kB │ gzip:   0.31 kB
dist/assets/book-up-2-C9bPmcp6.js                                             0.44 kB │ gzip:   0.29 kB
dist/assets/webhook-CIik30_j.js                                               0.44 kB │ gzip:   0.32 kB
dist/assets/copy-plus-jzfowMWD.js                                             0.44 kB │ gzip:   0.31 kB
dist/assets/book-headphones-D-75Cd2_.js                                       0.44 kB │ gzip:   0.30 kB
dist/assets/circuit-board-DHAWL6fQ.js                                         0.44 kB │ gzip:   0.30 kB
dist/assets/crosshair-DczIqOSj.js                                             0.44 kB │ gzip:   0.27 kB
dist/assets/folder-git-YPaGsYzA.js                                            0.44 kB │ gzip:   0.30 kB
dist/assets/plug-zap-DnWPZTET.js                                              0.44 kB │ gzip:   0.29 kB
dist/assets/shield-alert-Bi1h2Ndg.js                                          0.44 kB │ gzip:   0.31 kB
dist/assets/train-track-C6oCgzJw.js                                           0.44 kB │ gzip:   0.27 kB
dist/assets/diameter-DQdBCiQq.js                                              0.44 kB │ gzip:   0.28 kB
dist/assets/file-digit-DBZHWqq-.js                                            0.44 kB │ gzip:   0.30 kB
dist/assets/message-square-more-GhcDeFjG.js                                   0.44 kB │ gzip:   0.29 kB
dist/assets/file-chart-column-increasing-wA34K4lR.js                          0.44 kB │ gzip:   0.28 kB
dist/assets/git-pull-request-create-arrow-CR6jpz_O.js                         0.44 kB │ gzip:   0.30 kB
dist/assets/house-plus-BxS6TjCr.js                                            0.44 kB │ gzip:   0.30 kB
dist/assets/key-round-CSJy-Ob8.js                                             0.44 kB │ gzip:   0.31 kB
dist/assets/orbit-Dx-f0qPz.js                                                 0.44 kB │ gzip:   0.29 kB
dist/assets/cigarette-C3XdcH3i.js                                             0.44 kB │ gzip:   0.28 kB
dist/assets/file-play-Dr0i78NA.js                                             0.44 kB │ gzip:   0.29 kB
dist/assets/gift-DKLTgWn2.js                                                  0.44 kB │ gzip:   0.30 kB
dist/assets/dessert-CXQyIG9C.js                                               0.44 kB │ gzip:   0.30 kB
dist/assets/door-closed-locked-Dcp9uOb6.js                                    0.44 kB │ gzip:   0.30 kB
dist/assets/folder-heart-B4XrLS9Q.js                                          0.44 kB │ gzip:   0.31 kB
dist/assets/glasses-Bm4TPYh6.js                                               0.44 kB │ gzip:   0.29 kB
dist/assets/lightbulb-off-DLYybuzP.js                                         0.44 kB │ gzip:   0.30 kB
dist/assets/monitor-play-OOdULigR.js                                          0.44 kB │ gzip:   0.31 kB
dist/assets/share-2-Qhg-lDVa.js                                               0.44 kB │ gzip:   0.28 kB
dist/assets/shield-x-4FCAzorD.js                                              0.44 kB │ gzip:   0.31 kB
dist/assets/turtle-BX0Uc8Ox.js                                                0.44 kB │ gzip:   0.29 kB
dist/assets/bell-plus-Bc96gLSd.js                                             0.44 kB │ gzip:   0.31 kB
dist/assets/calendar-x-2-DxBRCz33.js                                          0.44 kB │ gzip:   0.28 kB
dist/assets/cookie-CAVB-Sjm.js                                                0.44 kB │ gzip:   0.27 kB
dist/assets/message-circle-question-mark-CWRy-43e.js                          0.44 kB │ gzip:   0.32 kB
dist/assets/speech-DDmF_DKK.js                                                0.44 kB │ gzip:   0.32 kB
dist/assets/switch-camera-sf2UvQhq.js                                         0.44 kB │ gzip:   0.29 kB
dist/assets/hourglass-Bpv3v8tT.js                                             0.44 kB │ gzip:   0.29 kB
dist/assets/binary-s6gjkPcT.js                                                0.44 kB │ gzip:   0.28 kB
dist/assets/card-sim-DOEtoiom.js                                              0.44 kB │ gzip:   0.30 kB
dist/assets/fullscreen-D0jhdFF6.js                                            0.44 kB │ gzip:   0.30 kB
dist/assets/lamp-wall-down-X1gJAfeq.js                                        0.44 kB │ gzip:   0.29 kB
dist/assets/lamp-wall-up-4i_6Ac-E.js                                          0.44 kB │ gzip:   0.30 kB
dist/assets/mic-vocal-C2vN2_9W.js                                             0.44 kB │ gzip:   0.33 kB
dist/assets/layout-list-D-Oa3ZBe.js                                           0.45 kB │ gzip:   0.27 kB
dist/assets/badge-cent-R_bporFI.js                                            0.45 kB │ gzip:   0.28 kB
dist/assets/badge-euro-CIHk0Dq-.js                                            0.45 kB │ gzip:   0.28 kB
dist/assets/syringe-fkwsvYvp.js                                               0.45 kB │ gzip:   0.29 kB
dist/assets/calendar-plus-BdDu4C_j.js                                         0.45 kB │ gzip:   0.29 kB
dist/assets/crown-DsYWuMau.js                                                 0.45 kB │ gzip:   0.31 kB
dist/assets/file-audio-2-BUtwKDVR.js                                          0.45 kB │ gzip:   0.29 kB
dist/assets/mailbox-CahuHz1C.js                                               0.45 kB │ gzip:   0.31 kB
dist/assets/parking-meter-CpB9HBTC.js                                         0.45 kB │ gzip:   0.29 kB
dist/assets/snail-BRWFYPLY.js                                                 0.45 kB │ gzip:   0.31 kB
dist/assets/utensils-crossed-BrL4jkKr.js                                      0.45 kB │ gzip:   0.31 kB
dist/assets/image-plus-DlGPPVOf.js                                            0.45 kB │ gzip:   0.30 kB
dist/assets/captions-off-DQAjIp6a.js                                          0.45 kB │ gzip:   0.28 kB
dist/assets/file-heart-BEkClO7F.js                                            0.45 kB │ gzip:   0.31 kB
dist/assets/house-wifi-BTVU89e9.js                                            0.45 kB │ gzip:   0.30 kB
dist/assets/armchair-DbvOlLXk.js                                              0.45 kB │ gzip:   0.28 kB
dist/assets/watch-10d8rWm2.js                                                 0.45 kB │ gzip:   0.31 kB
dist/assets/bell-off-BMMIfuzY.js                                              0.45 kB │ gzip:   0.32 kB
dist/assets/file-badge-2-D_KG7f8D.js                                          0.45 kB │ gzip:   0.32 kB
dist/assets/file-output-a8joupOR.js                                           0.45 kB │ gzip:   0.29 kB
dist/assets/map-pin-plus-Di8bSAYe.js                                          0.45 kB │ gzip:   0.32 kB
dist/assets/messages-square-DeHbIMVb.js                                       0.45 kB │ gzip:   0.30 kB
dist/assets/trees-BylbE_uJ.js                                                 0.45 kB │ gzip:   0.29 kB
dist/assets/cake-slice-D6n2LnOJ.js                                            0.45 kB │ gzip:   0.32 kB
dist/assets/square-dashed-bottom-code-D28k_jmt.js                             0.45 kB │ gzip:   0.29 kB
dist/assets/sticker-CRoQhS3D.js                                               0.45 kB │ gzip:   0.29 kB
dist/assets/inventory-stock-report-service-BVXxL3G2.js                        0.45 kB │ gzip:   0.29 kB
dist/assets/scale-BpNp3_Eh.js                                                 0.45 kB │ gzip:   0.29 kB
dist/assets/folder-archive-BIyjTcYL.js                                        0.45 kB │ gzip:   0.31 kB
dist/assets/folder-git-2-qpDB3haD.js                                          0.45 kB │ gzip:   0.31 kB
dist/assets/notepad-text-Byc6DWjy.js                                          0.45 kB │ gzip:   0.29 kB
dist/assets/badge-turkish-lira-C30l6v5x.js                                    0.45 kB │ gzip:   0.29 kB
dist/assets/clipboard-clock-B1EMNlIq.js                                       0.45 kB │ gzip:   0.31 kB
dist/assets/sheet-NzAckSKP.js                                                 0.45 kB │ gzip:   0.28 kB
dist/assets/images-CboAAW2H.js                                                0.45 kB │ gzip:   0.33 kB
dist/assets/alarm-clock-off-BEM2dHNq.js                                       0.45 kB │ gzip:   0.30 kB
dist/assets/caravan-uE4K1vLv.js                                               0.45 kB │ gzip:   0.30 kB
dist/assets/message-circle-off-dZpUo-Lz.js                                    0.45 kB │ gzip:   0.32 kB
dist/assets/calendar-arrow-up-B0v8IFgJ.js                                     0.46 kB │ gzip:   0.29 kB
dist/assets/ev-charger-gqa08rUs.js                                            0.46 kB │ gzip:   0.30 kB
dist/assets/file-volume-2-CeUEdEHZ.js                                         0.46 kB │ gzip:   0.29 kB
dist/assets/map-pin-x-BXr3V5mw.js                                             0.46 kB │ gzip:   0.32 kB
dist/assets/square-parking-off-x_4VHo_3.js                                    0.46 kB │ gzip:   0.30 kB
dist/assets/touchpad-off-DYrmxzHZ.js                                          0.46 kB │ gzip:   0.29 kB
dist/assets/door-open-C9Gtpfnl.js                                             0.46 kB │ gzip:   0.30 kB
dist/assets/file-pen-DQKcFEET.js                                              0.46 kB │ gzip:   0.31 kB
dist/assets/file-sliders-CN9SeZ5z.js                                          0.46 kB │ gzip:   0.28 kB
dist/assets/milk-CtaWBKDA.js                                                  0.46 kB │ gzip:   0.30 kB
dist/assets/tent-tree-Bp1WOWLt.js                                             0.46 kB │ gzip:   0.29 kB
dist/assets/vibrate-off-C_wZnZGf.js                                           0.46 kB │ gzip:   0.31 kB
dist/assets/badge-russian-ruble-Dmthse19.js                                   0.46 kB │ gzip:   0.29 kB
dist/assets/bird-DVwb0ofj.js                                                  0.46 kB │ gzip:   0.30 kB
dist/assets/candy-cane-CGt-nnDh.js                                            0.46 kB │ gzip:   0.30 kB
dist/assets/droplets-DVn7wgmT.js                                              0.46 kB │ gzip:   0.33 kB
dist/assets/file-stack-ZCdFpmc6.js                                            0.46 kB │ gzip:   0.28 kB
dist/assets/flask-conical-off-BpngtNkG.js                                     0.46 kB │ gzip:   0.30 kB
dist/assets/grip-horizontal-CMjgPO0f.js                                       0.46 kB │ gzip:   0.25 kB
dist/assets/refresh-ccw-dot-CcrPqoVq.js                                       0.46 kB │ gzip:   0.30 kB
dist/assets/sparkle-B6yhZZUw.js                                               0.46 kB │ gzip:   0.28 kB
dist/assets/banknote-x-4O65Hw9x.js                                            0.46 kB │ gzip:   0.30 kB
dist/assets/flip-horizontal-DAIZ6-A_.js                                       0.46 kB │ gzip:   0.29 kB
dist/assets/gamepad-BGPXr96H.js                                               0.46 kB │ gzip:   0.29 kB
dist/assets/pipette-8JMekwUS.js                                               0.46 kB │ gzip:   0.30 kB
dist/assets/radio-CV6cEgQ8.js                                                 0.46 kB │ gzip:   0.30 kB
dist/assets/warehouse-u7zCJehW.js                                             0.46 kB │ gzip:   0.30 kB
dist/assets/briefcase-medical--d-fdj0r.js                                     0.46 kB │ gzip:   0.30 kB
dist/assets/flip-vertical-B49mkPy2.js                                         0.46 kB │ gzip:   0.28 kB
dist/assets/git-branch-plus-Couxq7xx.js                                       0.46 kB │ gzip:   0.28 kB
dist/assets/gitlab-jXYxvdIx.js                                                0.46 kB │ gzip:   0.30 kB
dist/assets/id-card-lanyard-CVhkQNYH.js                                       0.46 kB │ gzip:   0.31 kB
dist/assets/printer-check-C1h9ychx.js                                         0.46 kB │ gzip:   0.29 kB
dist/assets/smile-plus-Bcnetl-L.js                                            0.46 kB │ gzip:   0.30 kB
dist/assets/axe-_YgHa91t.js                                                   0.46 kB │ gzip:   0.31 kB
dist/assets/calendar-arrow-down-CiresOkE.js                                   0.46 kB │ gzip:   0.30 kB
dist/assets/cassette-tape-CLLQUBE2.js                                         0.46 kB │ gzip:   0.31 kB
dist/assets/clipboard-type-DDLFscp_.js                                        0.46 kB │ gzip:   0.30 kB
dist/assets/cuboid-PkhgrFrx.js                                                0.46 kB │ gzip:   0.31 kB
dist/assets/folder-pen-CEoq2_NP.js                                            0.46 kB │ gzip:   0.32 kB
dist/assets/git-compare-arrows-CYnQ8TaT.js                                    0.46 kB │ gzip:   0.30 kB
dist/assets/diamond-percent-CqMcvJ8o.js                                       0.46 kB │ gzip:   0.29 kB
dist/assets/alarm-clock-plus--4Z_3ag4.js                                      0.46 kB │ gzip:   0.30 kB
dist/assets/badge-x-Dk0jHVsY.js                                               0.46 kB │ gzip:   0.29 kB
dist/assets/beef-BrsjbP1b.js                                                  0.46 kB │ gzip:   0.34 kB
dist/assets/calendar-clock-BDRUZipD.js                                        0.46 kB │ gzip:   0.30 kB
dist/assets/map-pin-pen-DcGWOy29.js                                           0.46 kB │ gzip:   0.33 kB
dist/assets/thermometer-sun-CT-_iJvI.js                                       0.46 kB │ gzip:   0.30 kB
dist/assets/tram-front-A976woI9.js                                            0.46 kB │ gzip:   0.30 kB
dist/assets/waves-ladder-ibAEN_AK.js                                          0.46 kB │ gzip:   0.29 kB
dist/assets/clipboard-copy-DuU3BVhm.js                                        0.46 kB │ gzip:   0.31 kB
dist/assets/router-Ccx__9Ep.js                                                0.46 kB │ gzip:   0.31 kB
dist/assets/chart-no-axes-combined-BtAiY23Y.js                                0.46 kB │ gzip:   0.30 kB
dist/assets/life-buoy-C-CqacdV.js                                             0.47 kB │ gzip:   0.28 kB
dist/assets/luggage-BY1eU5XO.js                                               0.47 kB │ gzip:   0.29 kB
dist/assets/drum-Ch-fRfNG.js                                                  0.47 kB │ gzip:   0.30 kB
dist/assets/hospital-BtwGRsSb.js                                              0.47 kB │ gzip:   0.29 kB
dist/assets/image-play-BSTwEFTA.js                                            0.47 kB │ gzip:   0.31 kB
dist/assets/popcorn-iErNSVWf.js                                               0.47 kB │ gzip:   0.30 kB
dist/assets/badge-plus-CQPfOO-s.js                                            0.47 kB │ gzip:   0.29 kB
dist/assets/dice-6-jNW7ojDD.js                                                0.47 kB │ gzip:   0.28 kB
dist/assets/message-circle-heart-Dmw9gk72.js                                  0.47 kB │ gzip:   0.33 kB
dist/assets/paintbrush-vertical-DHVCWbmT.js                                   0.47 kB │ gzip:   0.29 kB
dist/assets/shredder-DFvSMB2U.js                                              0.47 kB │ gzip:   0.29 kB
dist/assets/shuffle-CWBA6q3f.js                                               0.47 kB │ gzip:   0.29 kB
dist/assets/train-front-DnZYUtCA.js                                           0.47 kB │ gzip:   0.31 kB
dist/assets/align-vertical-distribute-center-C92Oy9_V.js                      0.47 kB │ gzip:   0.30 kB
dist/assets/banknote-arrow-up-B0dXyIJl.js                                     0.47 kB │ gzip:   0.31 kB
dist/assets/microscope-D8Jslr0C.js                                            0.47 kB │ gzip:   0.30 kB
dist/assets/banknote-arrow-down-DgnmFBTD.js                                   0.47 kB │ gzip:   0.31 kB
dist/assets/calendar-search-Cs5kTr0v.js                                       0.47 kB │ gzip:   0.31 kB
dist/assets/heart-off-5Tx8A1pK.js                                             0.47 kB │ gzip:   0.33 kB
dist/assets/view-CZeJ_ZZ5.js                                                  0.47 kB │ gzip:   0.31 kB
dist/assets/badge-dollar-sign-DaL4V6-J.js                                     0.47 kB │ gzip:   0.30 kB
dist/assets/align-horizontal-distribute-center-C2gzQoS9.js                    0.47 kB │ gzip:   0.30 kB
dist/assets/badge-info-BDnK7HIR.js                                            0.47 kB │ gzip:   0.29 kB
dist/assets/baggage-claim-DxATNHRc.js                                         0.47 kB │ gzip:   0.31 kB
dist/assets/calendar-off-D3S4uucu.js                                          0.47 kB │ gzip:   0.30 kB
dist/assets/pencil-off-t5opdmJF.js                                            0.47 kB │ gzip:   0.32 kB
dist/assets/projector-BK3biAX8.js                                             0.47 kB │ gzip:   0.31 kB
dist/assets/cannabis-DB_KumNR.js                                              0.47 kB │ gzip:   0.31 kB
dist/assets/expand-BT17zrsP.js                                                0.47 kB │ gzip:   0.28 kB
dist/assets/octagon-minus-C3iMlF_5.js                                         0.47 kB │ gzip:   0.29 kB
dist/assets/pocket-knife-BGZ2eyqd.js                                          0.47 kB │ gzip:   0.31 kB
dist/assets/scan-search-Ch-GC-Em.js                                           0.47 kB │ gzip:   0.30 kB
dist/assets/shield-user-bSokH30l.js                                           0.47 kB │ gzip:   0.34 kB
dist/assets/square-scissors-4hySOxhH.js                                       0.47 kB │ gzip:   0.30 kB
dist/assets/badge-alert-CMkH_5Eb.js                                           0.47 kB │ gzip:   0.30 kB
dist/assets/locate-off-mHdzW8VS.js                                            0.47 kB │ gzip:   0.29 kB
dist/assets/swatch-book-D1K80SB1.js                                           0.47 kB │ gzip:   0.31 kB
dist/assets/backpack-TJQTOs2p.js                                              0.47 kB │ gzip:   0.28 kB
dist/assets/motorbike-BzKEWoCR.js                                             0.47 kB │ gzip:   0.31 kB
dist/assets/shield-question-mark-_WD7DBIn.js                                  0.47 kB │ gzip:   0.33 kB
dist/assets/badge-percent-CQESGnL8.js                                         0.47 kB │ gzip:   0.29 kB
dist/assets/volume-2-BuNzguZw.js                                              0.47 kB │ gzip:   0.32 kB
dist/assets/volume-x-DpsIJJCm.js                                              0.47 kB │ gzip:   0.32 kB
dist/assets/bandage-BCTzqqRw.js                                               0.48 kB │ gzip:   0.29 kB
dist/assets/cloud-sun-ByULTmLU.js                                             0.48 kB │ gzip:   0.31 kB
dist/assets/hard-drive-DLsvdMgh.js                                            0.48 kB │ gzip:   0.31 kB
dist/assets/hat-glasses-D1_OOQqv.js                                           0.48 kB │ gzip:   0.32 kB
dist/assets/mic-off-CwWQhk0W.js                                               0.48 kB │ gzip:   0.30 kB
dist/assets/sun-moon-Y8IDPI0q.js                                              0.48 kB │ gzip:   0.32 kB
dist/assets/differenceInDays-CLBWETAx.js                                      0.48 kB │ gzip:   0.29 kB
dist/assets/badge-swiss-franc-BYkfxfIn.js                                     0.48 kB │ gzip:   0.29 kB
dist/assets/spline-pointer-DNRbZkwt.js                                        0.48 kB │ gzip:   0.33 kB
dist/assets/worm-BV70Mr8K.js                                                  0.48 kB │ gzip:   0.33 kB
dist/assets/cloud-drizzle-bRjHdEtz.js                                         0.48 kB │ gzip:   0.29 kB
dist/assets/codepen-EdepxHiD.js                                               0.48 kB │ gzip:   0.29 kB
dist/assets/ruler-dimension-line-ChUEZYL0.js                                  0.48 kB │ gzip:   0.30 kB
dist/assets/fold-horizontal-DlUXkNfZ.js                                       0.48 kB │ gzip:   0.28 kB
dist/assets/hand-metal-D9GZcLR5.js                                            0.48 kB │ gzip:   0.31 kB
dist/assets/file-pen-line-DoS-ghsY.js                                         0.48 kB │ gzip:   0.31 kB
dist/assets/hammer-CIpv0iGR.js                                                0.48 kB │ gzip:   0.33 kB
dist/assets/mail-question-mark-BzDNdjSc.js                                    0.48 kB │ gzip:   0.33 kB
dist/assets/unfold-horizontal-BUEalNRt.js                                     0.48 kB │ gzip:   0.29 kB
dist/assets/fold-vertical-HIRRA5hd.js                                         0.48 kB │ gzip:   0.28 kB
dist/assets/create-DVR6RHZI.js                                                0.48 kB │ gzip:   0.30 kB
dist/assets/cloud-hail-IFk2ivsg.js                                            0.48 kB │ gzip:   0.29 kB
dist/assets/receipt-request-service-CErUAO69.js                               0.48 kB │ gzip:   0.26 kB
dist/assets/payment-request-service-BZKGG2o1.js                               0.48 kB │ gzip:   0.26 kB
dist/assets/baby-Ct7vr16C.js                                                  0.48 kB │ gzip:   0.31 kB
dist/assets/bell-electric-Bdn0-UTp.js                                         0.48 kB │ gzip:   0.32 kB
dist/assets/bell-ring-Bzq1Yd2I.js                                             0.48 kB │ gzip:   0.33 kB
dist/assets/scissors-line-dashed-D2a1dofu.js                                  0.48 kB │ gzip:   0.30 kB
dist/assets/shield-ellipsis-DWihZynj.js                                       0.48 kB │ gzip:   0.32 kB
dist/assets/sofa-BlYYdwOd.js                                                  0.48 kB │ gzip:   0.29 kB
dist/assets/test-tubes-CIXFbhyP.js                                            0.48 kB │ gzip:   0.29 kB
dist/assets/unfold-vertical-HIRmuZnt.js                                       0.48 kB │ gzip:   0.29 kB
dist/assets/circle-parking-off-CWlvwFcJ.js                                    0.48 kB │ gzip:   0.31 kB
dist/assets/file-video-camera-DR0K9iBY.js                                     0.48 kB │ gzip:   0.33 kB
dist/assets/ruler-BPl-tpr6.js                                                 0.48 kB │ gzip:   0.30 kB
dist/assets/umbrella-off-Bsdu7hw1.js                                          0.48 kB │ gzip:   0.32 kB
dist/assets/file-archive-4SoI7ayb.js                                          0.48 kB │ gzip:   0.31 kB
dist/assets/map-pinned-CbD6aHcs.js                                            0.48 kB │ gzip:   0.34 kB
dist/assets/text-cursor-input-DvYsHLoI.js                                     0.48 kB │ gzip:   0.29 kB
dist/assets/car-front-CtZRClM0.js                                             0.48 kB │ gzip:   0.32 kB
dist/assets/heart-crack-Iy2eCy2E.js                                           0.48 kB │ gzip:   0.34 kB
dist/assets/piano-CmUqMA7S.js                                                 0.48 kB │ gzip:   0.30 kB
dist/assets/plane-takeoff-B5zBIAAr.js                                         0.48 kB │ gzip:   0.34 kB
dist/assets/shield-off-BqqFsNNV.js                                            0.48 kB │ gzip:   0.33 kB
dist/assets/cigarette-off-DWYxKdmZ.js                                         0.49 kB │ gzip:   0.29 kB
dist/assets/cloud-moon-rain-BnroBirf.js                                       0.49 kB │ gzip:   0.33 kB
dist/assets/magnet-DMENSOTr.js                                                0.49 kB │ gzip:   0.29 kB
dist/assets/mail-search-Mt9YkneL.js                                           0.49 kB │ gzip:   0.33 kB
dist/assets/rotate-3d-Bso0FVeK.js                                             0.49 kB │ gzip:   0.35 kB
dist/assets/save-all-BHKRL0Hv.js                                              0.49 kB │ gzip:   0.30 kB
dist/assets/usb-V3dh0zYS.js                                                   0.49 kB │ gzip:   0.31 kB
dist/assets/cloud-snow-Bg8Dqblv.js                                            0.49 kB │ gzip:   0.29 kB
dist/assets/scan-text-TzmaTcLk.js                                             0.49 kB │ gzip:   0.29 kB
dist/assets/locate-fixed-C1OzMPaC.js                                          0.49 kB │ gzip:   0.28 kB
dist/assets/logs-8fXKIJSS.js                                                  0.49 kB │ gzip:   0.27 kB
dist/assets/brick-wall-Cpw5s1pt.js                                            0.49 kB │ gzip:   0.29 kB
dist/assets/file-json-2-uevDLcfg.js                                           0.49 kB │ gzip:   0.29 kB
dist/assets/haze-BZ3z8OSh.js                                                  0.49 kB │ gzip:   0.29 kB
dist/assets/map-pin-house-CEsvZzVW.js                                         0.49 kB │ gzip:   0.33 kB
dist/assets/phone-missed-CWrVFmp1.js                                          0.49 kB │ gzip:   0.32 kB
dist/assets/roller-coaster-C1xQvvzs.js                                        0.49 kB │ gzip:   0.30 kB
dist/assets/production-order-completion-service-BLge-qQp.js                   0.49 kB │ gzip:   0.31 kB
dist/assets/aperture-CQGp-f8z.js                                              0.49 kB │ gzip:   0.31 kB
dist/assets/badge-question-mark--y8FB1AY.js                                   0.49 kB │ gzip:   0.32 kB
dist/assets/brush-cleaning-CEOCkXTf.js                                        0.49 kB │ gzip:   0.31 kB
dist/assets/dices-C-iYDPw0.js                                                 0.49 kB │ gzip:   0.31 kB
dist/assets/file-badge-DMZEzc3c.js                                            0.49 kB │ gzip:   0.34 kB
dist/assets/hand-CfosJIrk.js                                                  0.49 kB │ gzip:   0.30 kB
dist/assets/kayak-CWNcCWdR.js                                                 0.49 kB │ gzip:   0.32 kB
dist/assets/factory-D4tt1T74.js                                               0.49 kB │ gzip:   0.30 kB
dist/assets/badge-indian-rupee-DWDxNj9i.js                                    0.49 kB │ gzip:   0.30 kB
dist/assets/car-iOFV7JzE.js                                                   0.49 kB │ gzip:   0.34 kB
dist/assets/cherry-DX764EHT.js                                                0.49 kB │ gzip:   0.31 kB
dist/assets/film-CM2wu5dq.js                                                  0.49 kB │ gzip:   0.29 kB
dist/assets/fire-extinguisher-BMqcVs90.js                                     0.49 kB │ gzip:   0.31 kB
dist/assets/github-DdipxDpW.js                                                0.49 kB │ gzip:   0.34 kB
dist/assets/phone-incoming-m07dU-CY.js                                        0.49 kB │ gzip:   0.32 kB
dist/assets/scan-barcode-DeZvgGiG.js                                          0.49 kB │ gzip:   0.29 kB
dist/assets/tower-control-Bh4wVF1_.js                                         0.49 kB │ gzip:   0.31 kB
dist/assets/anvil-CkrqmbOt.js                                                 0.49 kB │ gzip:   0.30 kB
dist/assets/hamburger-0pM35VFz.js                                             0.49 kB │ gzip:   0.31 kB
dist/assets/phone-outgoing-CpH0OvSR.js                                        0.49 kB │ gzip:   0.32 kB
dist/assets/scan-heart-DqdTj-In.js                                            0.49 kB │ gzip:   0.31 kB
dist/assets/squirrel-B2Wk5hZ4.js                                              0.49 kB │ gzip:   0.32 kB
dist/assets/file-chart-pie-upchLMro.js                                        0.49 kB │ gzip:   0.33 kB
dist/assets/file-scan-Bi2Y0sE_.js                                             0.49 kB │ gzip:   0.28 kB
dist/assets/piggy-bank-CJf0b1Fb.js                                            0.49 kB │ gzip:   0.31 kB
dist/assets/plane-landing-DdcBgS4E.js                                         0.49 kB │ gzip:   0.35 kB
dist/assets/align-center-vertical-B4fUkDAw.js                                 0.49 kB │ gzip:   0.30 kB
dist/assets/phone-forwarded-CGt2Bv69.js                                       0.49 kB │ gzip:   0.32 kB
dist/assets/shopping-basket---_kF1oq.js                                       0.49 kB │ gzip:   0.31 kB
dist/assets/clipboard-list-Bup9KhH4.js                                        0.50 kB │ gzip:   0.31 kB
dist/assets/loader-DXviqfEM.js                                                0.50 kB │ gzip:   0.29 kB
dist/assets/wifi-pen-CIWj_uA9.js                                              0.50 kB │ gzip:   0.33 kB
dist/assets/zap-off-CTZKY8Jn.js                                               0.50 kB │ gzip:   0.33 kB
dist/assets/align-center-horizontal-6KZiB1hI.js                               0.50 kB │ gzip:   0.30 kB
dist/assets/badge-pound-sterling-BlpYl8SQ.js                                  0.50 kB │ gzip:   0.30 kB
dist/assets/notebook-text-l8mGHVIi.js                                         0.50 kB │ gzip:   0.30 kB
dist/assets/server-crash-DSMDjNkT.js                                          0.50 kB │ gzip:   0.29 kB
dist/assets/cable-car-D6pahM3h.js                                             0.50 kB │ gzip:   0.31 kB
dist/assets/mouse-pointer-click-CQk04-wm.js                                   0.50 kB │ gzip:   0.33 kB
dist/assets/calendar-range-Dtq_wFqe.js                                        0.50 kB │ gzip:   0.31 kB
dist/assets/carrot-DQsuqkQa.js                                                0.50 kB │ gzip:   0.34 kB
dist/assets/file-json-Dp5tvwKg.js                                             0.50 kB │ gzip:   0.29 kB
dist/assets/hand-coins-CwlO4lwS.js                                            0.50 kB │ gzip:   0.34 kB
dist/assets/auto-label-CJVbrNoY.js                                            0.50 kB │ gzip:   0.36 kB
dist/assets/spotlight-CbduD_Jc.js                                             0.50 kB │ gzip:   0.33 kB
dist/assets/tags-D03U_xr4.js                                                  0.50 kB │ gzip:   0.33 kB
dist/assets/transgender-Cu3YQ9MX.js                                           0.50 kB │ gzip:   0.31 kB
dist/assets/briefcase-conveyor-belt-DhW45nW1.js                               0.50 kB │ gzip:   0.31 kB
dist/assets/camera-off-iB-2wtNU.js                                            0.50 kB │ gzip:   0.33 kB
dist/assets/headphone-off-CPoy6xxw.js                                         0.50 kB │ gzip:   0.31 kB
dist/assets/map-minus-B7Fxu0-U.js                                             0.50 kB │ gzip:   0.32 kB
dist/assets/chart-candlestick-C7m0cJjT.js                                     0.50 kB │ gzip:   0.32 kB
dist/assets/construction-DCR3KMJ6.js                                          0.50 kB │ gzip:   0.31 kB
dist/assets/biceps-flexed-ImD3a1Uf.js                                         0.50 kB │ gzip:   0.36 kB
dist/assets/boom-box-Dkv6Klo7.js                                              0.50 kB │ gzip:   0.32 kB
dist/assets/castle-3ysIqPbx.js                                                0.50 kB │ gzip:   0.30 kB
dist/assets/clover-CVBu4ZhU.js                                                0.50 kB │ gzip:   0.29 kB
dist/assets/sunrise-DuPcBDZW.js                                               0.50 kB │ gzip:   0.30 kB
dist/assets/sunset-BA20Rysy.js                                                0.50 kB │ gzip:   0.30 kB
dist/assets/package-minus-B9t9qswH.js                                         0.50 kB │ gzip:   0.34 kB
dist/assets/waypoints-CHzQn44t.js                                             0.50 kB │ gzip:   0.30 kB
dist/assets/bot-message-square-KgtIbXhP.js                                    0.51 kB │ gzip:   0.31 kB
dist/assets/calendar-heart-Bqrg0rXX.js                                        0.51 kB │ gzip:   0.33 kB
dist/assets/ham-mx3E8qed.js                                                   0.51 kB │ gzip:   0.31 kB
dist/assets/house-plug-B-1YLrUV.js                                            0.51 kB │ gzip:   0.30 kB
dist/assets/scan-face-BISfvY26.js                                             0.51 kB │ gzip:   0.30 kB
dist/assets/bot-off-BPJGoKRF.js                                               0.51 kB │ gzip:   0.31 kB
dist/assets/octagon-x-15huMTxz.js                                             0.51 kB │ gzip:   0.30 kB
dist/assets/sliders-vertical-CdfoP4Hb.js                                      0.51 kB │ gzip:   0.29 kB
dist/assets/phone-call-DIiKp2Jd.js                                            0.51 kB │ gzip:   0.32 kB
dist/assets/wine-off-CqPUJZeM.js                                              0.51 kB │ gzip:   0.35 kB
dist/assets/alarm-smoke-DE3b1WtT.js                                           0.51 kB │ gzip:   0.30 kB
dist/assets/barrel-BCOApX6s.js                                                0.51 kB │ gzip:   0.29 kB
dist/assets/clock-fading-DXbq2EVn.js                                          0.51 kB │ gzip:   0.31 kB
dist/assets/folder-sync-BUBPXqXq.js                                           0.51 kB │ gzip:   0.32 kB
dist/assets/group-eKme5iW5.js                                                 0.51 kB │ gzip:   0.32 kB
dist/assets/map-D_-ua-bl.js                                                   0.51 kB │ gzip:   0.32 kB
dist/assets/octagon-pause-B8xNd92V.js                                         0.51 kB │ gzip:   0.30 kB
dist/assets/megaphone-off-BjzFLEKq.js                                         0.51 kB │ gzip:   0.33 kB
dist/assets/package-x-B61tlaNY.js                                             0.51 kB │ gzip:   0.34 kB
dist/assets/book-open-text-DOkuRMoO.js                                        0.51 kB │ gzip:   0.30 kB
dist/assets/waves-QIV_mlPj.js                                                 0.51 kB │ gzip:   0.26 kB
dist/assets/octagon-alert-Du2fiWv0.js                                         0.51 kB │ gzip:   0.30 kB
dist/assets/bean-off-Cn5wveQT.js                                              0.51 kB │ gzip:   0.35 kB
dist/assets/badge-japanese-yen-CNyo2cOQ.js                                    0.52 kB │ gzip:   0.31 kB
dist/assets/wand-Bv2r4-V3.js                                                  0.52 kB │ gzip:   0.30 kB
dist/assets/atom-EupZCdV7.js                                                  0.52 kB │ gzip:   0.33 kB
dist/assets/database-backup-bRs94z_t.js                                       0.52 kB │ gzip:   0.34 kB
dist/assets/milk-off-DaCO0cGr.js                                              0.52 kB │ gzip:   0.34 kB
dist/assets/replace-Hrks-YSV.js                                               0.52 kB │ gzip:   0.32 kB
dist/assets/route-off-DkgDzT1_.js                                             0.52 kB │ gzip:   0.33 kB
dist/assets/clipboard-pen-Cpgi8Q1C.js                                         0.52 kB │ gzip:   0.35 kB
dist/assets/chart-network-CWnkueuJ.js                                         0.52 kB │ gzip:   0.33 kB
dist/assets/combine-DFTm75XT.js                                               0.52 kB │ gzip:   0.30 kB
dist/assets/medal-BWnFxMW-.js                                                 0.52 kB │ gzip:   0.33 kB
dist/assets/edit-DHc5uvMk.js                                                  0.52 kB │ gzip:   0.33 kB
dist/assets/church-C8GZRjJH.js                                                0.52 kB │ gzip:   0.33 kB
dist/assets/traffic-cone-B_vd1Q0O.js                                          0.52 kB │ gzip:   0.34 kB
dist/assets/ear-off-CxbjXdac.js                                               0.52 kB │ gzip:   0.35 kB
dist/assets/sandwich-DZ8oXXJI.js                                              0.52 kB │ gzip:   0.34 kB
dist/assets/unplug-CLi4Xeqz.js                                                0.52 kB │ gzip:   0.31 kB
dist/assets/car-taxi-front-BLwsM4qa.js                                        0.53 kB │ gzip:   0.34 kB
dist/assets/leafy-green-BSHrbKoN.js                                           0.53 kB │ gzip:   0.35 kB
dist/assets/rabbit-CzcDAR16.js                                                0.53 kB │ gzip:   0.34 kB
dist/assets/rat-D4m2g3oi.js                                                   0.53 kB │ gzip:   0.34 kB
dist/assets/fence-Chn8NX3F.js                                                 0.53 kB │ gzip:   0.29 kB
dist/assets/flower-2-BZqx7yXH.js                                              0.53 kB │ gzip:   0.33 kB
dist/assets/pizza--miQkRLK.js                                                 0.53 kB │ gzip:   0.33 kB
dist/assets/squares-subtract-K-J5Xr73.js                                      0.53 kB │ gzip:   0.30 kB
dist/assets/notebook-tabs-C7QhH4AO.js                                         0.53 kB │ gzip:   0.31 kB
dist/assets/rose-DWxolCFd.js                                                  0.53 kB │ gzip:   0.36 kB
dist/assets/shrimp-DLNlpprI.js                                                0.53 kB │ gzip:   0.34 kB
dist/assets/handshake-CD92qmN-.js                                             0.53 kB │ gzip:   0.33 kB
dist/assets/container-BAHr8aOq.js                                             0.53 kB │ gzip:   0.35 kB
dist/assets/school-DHIs6lMF.js                                                0.53 kB │ gzip:   0.34 kB
dist/assets/server-off-FZozeIag.js                                            0.53 kB │ gzip:   0.32 kB
dist/assets/hand-grab-DRd8dbJY.js                                             0.53 kB │ gzip:   0.29 kB
dist/assets/phone-off-DIrq9xKz.js                                             0.53 kB │ gzip:   0.33 kB
dist/assets/tickets-plane-C9TMUYVd.js                                         0.53 kB │ gzip:   0.34 kB
dist/assets/amphora-Bcfbfd1m.js                                               0.53 kB │ gzip:   0.32 kB
dist/assets/bus-front-CDOBA-AN.js                                             0.53 kB │ gzip:   0.32 kB
dist/assets/footprints-BE7jdU3_.js                                            0.53 kB │ gzip:   0.35 kB
dist/assets/train-front-tunnel-CtLgzf1l.js                                    0.53 kB │ gzip:   0.33 kB
dist/assets/keyboard-music-BZowTxts.js                                        0.53 kB │ gzip:   0.31 kB
dist/assets/shovel-FeCcjBsh.js                                                0.53 kB │ gzip:   0.34 kB
dist/assets/panel-top-bottom-dashed-CYxmNiuT.js                               0.54 kB │ gzip:   0.31 kB
dist/assets/bus-CSX-rrz8.js                                                   0.54 kB │ gzip:   0.34 kB
dist/assets/keyboard-DX_PtYEH.js                                              0.54 kB │ gzip:   0.30 kB
dist/assets/map-plus-Bmh9BiWA.js                                              0.54 kB │ gzip:   0.34 kB
dist/assets/radio-tower-C6NMkig8.js                                           0.54 kB │ gzip:   0.35 kB
dist/assets/key-square-Dw4T6v2e.js                                            0.54 kB │ gzip:   0.33 kB
dist/assets/package-plus-BNq1CZ2e.js                                          0.54 kB │ gzip:   0.35 kB
dist/assets/panel-left-right-dashed-DDLDPXzk.js                               0.54 kB │ gzip:   0.31 kB
dist/assets/rocket-CVgvZ_fr.js                                                0.54 kB │ gzip:   0.36 kB
dist/assets/heart-handshake-Bc81bzJQ.js                                       0.54 kB │ gzip:   0.35 kB
dist/assets/cat-DUZvA8_4.js                                                   0.54 kB │ gzip:   0.37 kB
dist/assets/earth-lock-CUKJM2lo.js                                            0.54 kB │ gzip:   0.35 kB
dist/assets/origami--Yvia1oP.js                                               0.54 kB │ gzip:   0.36 kB
dist/assets/pointer-BOOvZ9_w.js                                               0.54 kB │ gzip:   0.32 kB
dist/assets/wifi-off-BPSHaNt3.js                                              0.54 kB │ gzip:   0.32 kB
dist/assets/scan-eye-CRtODDNN.js                                              0.55 kB │ gzip:   0.33 kB
dist/assets/volleyball-DawuB06u.js                                            0.55 kB │ gzip:   0.33 kB
dist/assets/circle-fading-plus-CsvSt_R3.js                                    0.55 kB │ gzip:   0.33 kB
dist/assets/message-square-heart-DawtmASK.js                                  0.55 kB │ gzip:   0.36 kB
dist/assets/tree-palm-4lXZ2L5A.js                                             0.55 kB │ gzip:   0.37 kB
dist/assets/file-volume-BnHwGi8z.js                                           0.55 kB │ gzip:   0.34 kB
dist/assets/beer-DSfxIEX4.js                                                  0.55 kB │ gzip:   0.34 kB
dist/assets/cloud-sun-rain-BZdhbnKT.js                                        0.55 kB │ gzip:   0.33 kB
dist/assets/sun-dim-CMLzoSCh.js                                               0.55 kB │ gzip:   0.30 kB
dist/assets/ferris-wheel-CoFotmNy.js                                          0.55 kB │ gzip:   0.33 kB
dist/assets/warehouse-service-DIjFx3MX.js                                     0.55 kB │ gzip:   0.28 kB
dist/assets/hand-platter-CTalK-_e.js                                          0.55 kB │ gzip:   0.35 kB
dist/assets/image-off-CauwAWV1.js                                             0.56 kB │ gzip:   0.35 kB
dist/assets/figma-BUBiFi9U.js                                                 0.56 kB │ gzip:   0.30 kB
dist/assets/pen-tool-Cs0ZWpbK.js                                              0.56 kB │ gzip:   0.35 kB
dist/assets/save-off-cSeSjk26.js                                              0.56 kB │ gzip:   0.34 kB
dist/assets/siren-BW0gHOL5.js                                                 0.56 kB │ gzip:   0.32 kB
dist/assets/soap-dispenser-droplet-BbrnFwpP.js                                0.56 kB │ gzip:   0.37 kB
dist/assets/star-FbvIl2Jp.js                                                  0.56 kB │ gzip:   0.34 kB
dist/assets/sun-D2C2pTfQ.js                                                   0.56 kB │ gzip:   0.31 kB
dist/assets/wifi-sync-DzqsFALa.js                                             0.56 kB │ gzip:   0.34 kB
dist/assets/circle-fading-arrow-up-DW5-rg47.js                                0.56 kB │ gzip:   0.34 kB
dist/assets/thermometer-snowflake-B21Yco6g.js                                 0.56 kB │ gzip:   0.35 kB
dist/assets/map-pin-off-V81yRtRU.js                                           0.56 kB │ gzip:   0.36 kB
dist/assets/notebook-pen-Bd-rNCHI.js                                          0.56 kB │ gzip:   0.34 kB
dist/assets/salad-c6loEkhL.js                                                 0.56 kB │ gzip:   0.33 kB
dist/assets/square-dashed-top-solid-QEiaRYw0.js                               0.56 kB │ gzip:   0.31 kB
dist/assets/trophy-Dr2vwYYc.js                                                0.56 kB │ gzip:   0.32 kB
dist/assets/volume-off-CiXWf8eC.js                                            0.56 kB │ gzip:   0.36 kB
dist/assets/lamp-desk-CWQMjScv.js                                             0.56 kB │ gzip:   0.34 kB
dist/assets/raw-mat.enum-Bxlq12Z9.js                                          0.56 kB │ gzip:   0.30 kB
dist/assets/image-upscale-COQ_CWVe.js                                         0.56 kB │ gzip:   0.35 kB
dist/assets/folder-tree-CzTAreDw.js                                           0.56 kB │ gzip:   0.31 kB
dist/assets/ship-CsAl0qaW.js                                                  0.56 kB │ gzip:   0.33 kB
dist/assets/webhook-off-D-M208jT.js                                           0.56 kB │ gzip:   0.35 kB
dist/assets/circle-star-jIF2A6e6.js                                           0.56 kB │ gzip:   0.36 kB
dist/assets/file-box-BYTc9DAX.js                                              0.57 kB │ gzip:   0.34 kB
dist/assets/sun-medium-zmtfTWFg.js                                            0.57 kB │ gzip:   0.32 kB
dist/assets/use-warehouse-B-9C4sZo.js                                         0.57 kB │ gzip:   0.38 kB
dist/assets/package-search-B14wGbE6.js                                        0.57 kB │ gzip:   0.37 kB
dist/assets/cake-BpWBBB0i.js                                                  0.57 kB │ gzip:   0.31 kB
dist/assets/drill-CuDUI7m9.js                                                 0.57 kB │ gzip:   0.33 kB
dist/assets/clipboard-pen-line-D0TH3ifG.js                                    0.57 kB │ gzip:   0.36 kB
dist/assets/pointer-off-CFZ81L92.js                                           0.57 kB │ gzip:   0.36 kB
dist/assets/scan-qr-code-BqB9mntp.js                                          0.57 kB │ gzip:   0.34 kB
dist/assets/calendar-sync-Bw8TWi3Y.js                                         0.57 kB │ gzip:   0.33 kB
dist/assets/cctv-rTozmWT5.js                                                  0.58 kB │ gzip:   0.35 kB
dist/assets/sparkles-BOOsUCWn.js                                              0.58 kB │ gzip:   0.33 kB
dist/assets/cable-DVgkz7bE.js                                                 0.58 kB │ gzip:   0.32 kB
dist/assets/square-star-8wIDqVto.js                                           0.58 kB │ gzip:   0.38 kB
dist/assets/hand-heart-2m-H7jn4.js                                            0.58 kB │ gzip:   0.39 kB
dist/assets/shower-head-D7Z9NiUW.js                                           0.58 kB │ gzip:   0.31 kB
dist/assets/store-Bcb7uw0w.js                                                 0.58 kB │ gzip:   0.34 kB
dist/assets/chart-scatter-X9PvV6Ql.js                                         0.59 kB │ gzip:   0.30 kB
dist/assets/radar-Cme8IB9H.js                                                 0.59 kB │ gzip:   0.36 kB
dist/assets/refresh-cw-off-BKJGVV-U.js                                        0.59 kB │ gzip:   0.36 kB
dist/assets/grip-B-OuCSbD.js                                                  0.59 kB │ gzip:   0.27 kB
dist/assets/hotel-DVk9_Tb7.js                                                 0.59 kB │ gzip:   0.33 kB
dist/assets/brick-wall-fire-D8w3ENZR.js                                       0.59 kB │ gzip:   0.36 kB
dist/assets/square-bottom-dashed-scissors-DAVjXPyF.js                         0.59 kB │ gzip:   0.34 kB
dist/assets/dam-kJsieNFY.js                                                   0.60 kB │ gzip:   0.33 kB
dist/assets/panda-CI95XOGH.js                                                 0.60 kB │ gzip:   0.37 kB
dist/assets/wand-sparkles-CvGrSm3Y.js                                         0.60 kB │ gzip:   0.34 kB
dist/assets/ambulance-D0XRtBqH.js                                             0.60 kB │ gzip:   0.36 kB
dist/assets/ship-wheel-gBISMsiO.js                                            0.60 kB │ gzip:   0.34 kB
dist/assets/university-CqjeCpBM.js                                            0.61 kB │ gzip:   0.36 kB
dist/assets/tool-case-BixmAG-S.js                                             0.61 kB │ gzip:   0.39 kB
dist/assets/spray-can-DmA6tfc-.js                                             0.61 kB │ gzip:   0.34 kB
dist/assets/callback-BiNo4JUM.js                                              0.61 kB │ gzip:   0.42 kB
dist/assets/use-goods-receipt-po-BNxdfpTq.js                                  0.61 kB │ gzip:   0.38 kB
dist/assets/hand-fist-Dc4ZXEhs.js                                             0.61 kB │ gzip:   0.38 kB
dist/assets/keyboard-off-C45bVGZM.js                                          0.61 kB │ gzip:   0.34 kB
dist/assets/memory-stick-0viNYXaI.js                                          0.61 kB │ gzip:   0.32 kB
dist/assets/soup-B1dGlRVd.js                                                  0.61 kB │ gzip:   0.33 kB
dist/assets/theater-Dj7jVr-M.js                                               0.61 kB │ gzip:   0.32 kB
dist/assets/unlink-Bxn8cXJJ.js                                                0.61 kB │ gzip:   0.35 kB
dist/assets/truck-electric-Bax6nybg.js                                        0.61 kB │ gzip:   0.36 kB
dist/assets/user-star-af9M13OK.js                                             0.61 kB │ gzip:   0.39 kB
dist/assets/guitar-o-Vv0Sfy.js                                                0.61 kB │ gzip:   0.37 kB
dist/assets/radiation-nQyGuiQn.js                                             0.61 kB │ gzip:   0.36 kB
dist/assets/bow-arrow-BMQdS2s0.js                                             0.62 kB │ gzip:   0.38 kB
dist/assets/heater-BcodM2te.js                                                0.62 kB │ gzip:   0.32 kB
dist/assets/paintbrush-CJFuQte3.js                                            0.62 kB │ gzip:   0.39 kB
dist/assets/tractor-Yuucri3v.js                                               0.62 kB │ gzip:   0.37 kB
dist/assets/lasso-select-B6HhwEk0.js                                          0.63 kB │ gzip:   0.40 kB
dist/assets/grape-Crm4O7jm.js                                                 0.63 kB │ gzip:   0.33 kB
dist/assets/triangle-dashed-Dwwa9Mga.js                                       0.63 kB │ gzip:   0.35 kB
dist/assets/drone-BpEhWG82.js                                                 0.63 kB │ gzip:   0.36 kB
dist/assets/swords-BtyEudyY.js                                                0.63 kB │ gzip:   0.34 kB
dist/assets/codesandbox-CpuY4U13.js                                           0.64 kB │ gzip:   0.37 kB
dist/assets/drama-DD1hmtwF.js                                                 0.64 kB │ gzip:   0.38 kB
dist/assets/pencil-ruler-BCmSNn-3.js                                          0.64 kB │ gzip:   0.39 kB
dist/assets/vector-square-ChmTAgql.js                                         0.64 kB │ gzip:   0.31 kB
dist/assets/binoculars-BIjQXH-r.js                                            0.64 kB │ gzip:   0.34 kB
dist/assets/dumbbell-qh2VMDCM.js                                              0.64 kB │ gzip:   0.34 kB
dist/assets/table-columns-split-Du6nwBJR.js                                   0.64 kB │ gzip:   0.33 kB
dist/assets/building-CKnQcGOI.js                                              0.65 kB │ gzip:   0.33 kB
dist/assets/table-rows-split-DpBrNzuG.js                                      0.65 kB │ gzip:   0.33 kB
dist/assets/replace-all-GMTLcEnk.js                                           0.65 kB │ gzip:   0.35 kB
dist/assets/square-dashed-5jgK6YUD.js                                         0.65 kB │ gzip:   0.32 kB
dist/assets/sun-snow-D5QYNlf-.js                                              0.65 kB │ gzip:   0.36 kB
dist/assets/candy-BgUXX0WA.js                                                 0.65 kB │ gzip:   0.35 kB
dist/assets/puzzle-CssAKx9z.js                                                0.66 kB │ gzip:   0.32 kB
dist/assets/use-work-item-category-defaults-CwMlEwPv.js                       0.66 kB │ gzip:   0.41 kB
dist/assets/circle-dashed-DZGKIk1u.js                                         0.66 kB │ gzip:   0.34 kB
dist/assets/brain-C4OFdqkT.js                                                 0.66 kB │ gzip:   0.36 kB
dist/assets/book-dashed-C_Ct5AKq.js                                           0.67 kB │ gzip:   0.34 kB
dist/assets/recycle-xPECYcha.js                                               0.67 kB │ gzip:   0.40 kB
dist/assets/bug-off-BYAQ0djC.js                                               0.67 kB │ gzip:   0.38 kB
dist/assets/ribbon-crUK56hq.js                                                0.67 kB │ gzip:   0.41 kB
dist/assets/flower-CKI1UwHE.js                                                0.67 kB │ gzip:   0.35 kB
dist/assets/pickaxe-CBehF_K6.js                                               0.67 kB │ gzip:   0.39 kB
dist/assets/croissant-D0DZbswJ.js                                             0.68 kB │ gzip:   0.38 kB
dist/assets/nut-WRBHpAnY.js                                                   0.68 kB │ gzip:   0.44 kB
dist/assets/dna-off-CVyLC1FC.js                                               0.68 kB │ gzip:   0.39 kB
dist/assets/message-circle-dashed-AMXgQNAM.js                                 0.68 kB │ gzip:   0.37 kB
dist/assets/fingerprint-CGY5cmaV.js                                           0.69 kB │ gzip:   0.40 kB
dist/assets/slack-gMDruN1X.js                                                 0.69 kB │ gzip:   0.36 kB
dist/assets/satellite-CxyLBFzT.js                                             0.69 kB │ gzip:   0.35 kB
dist/assets/fish-WUETrhuA.js                                                  0.70 kB │ gzip:   0.43 kB
dist/assets/microchip-Cquv26SO.js                                             0.70 kB │ gzip:   0.36 kB
dist/assets/telescope-BmYDEKTD.js                                             0.70 kB │ gzip:   0.43 kB
dist/assets/square-dashed-mouse-pointer-Ck7xlp4m.js                           0.70 kB │ gzip:   0.39 kB
dist/assets/beer-off-BQuV8OOH.js                                              0.70 kB │ gzip:   0.42 kB
dist/assets/gamepad-2-Bdn8VxfQ.js                                             0.71 kB │ gzip:   0.43 kB
dist/assets/squares-intersect-BHgC1MrU.js                                     0.71 kB │ gzip:   0.35 kB
dist/assets/dna-XlmHaJn2.js                                                   0.71 kB │ gzip:   0.39 kB
dist/assets/bug-BnAxxO7p.js                                                   0.71 kB │ gzip:   0.37 kB
dist/assets/snowflake-xFr-wuMc.js                                             0.71 kB │ gzip:   0.38 kB
dist/assets/squircle-dashed-Cznwx2MI.js                                       0.71 kB │ gzip:   0.40 kB
dist/assets/notepad-text-dashed-CBR_OqZv.js                                   0.72 kB │ gzip:   0.35 kB
dist/assets/bug-play-B8BIMSdA.js                                              0.72 kB │ gzip:   0.39 kB
dist/assets/brick-wall-shield-DHVMryko.js                                     0.73 kB │ gzip:   0.42 kB
dist/assets/circle-dot-dashed-XJfAKzbs.js                                     0.73 kB │ gzip:   0.37 kB
dist/assets/user-cog-BS5eP3PQ.js                                              0.73 kB │ gzip:   0.38 kB
dist/assets/dog-BTm7Bw1l.js                                                   0.73 kB │ gzip:   0.46 kB
dist/assets/cloud-cog-Db0CIKIx.js                                             0.73 kB │ gzip:   0.39 kB
dist/assets/qr-code-jTLbEW6e.js                                               0.73 kB │ gzip:   0.36 kB
dist/assets/columns-3-cog-COym7TyN.js                                         0.74 kB │ gzip:   0.39 kB
dist/assets/candy-off-BPSATpKT.js                                             0.74 kB │ gzip:   0.39 kB
dist/assets/user-round-cog-WXjriSqa.js                                        0.74 kB │ gzip:   0.39 kB
dist/assets/fish-off-GLvrtCMU.js                                              0.75 kB │ gzip:   0.47 kB
dist/assets/vault-D8vKAR09.js                                                 0.75 kB │ gzip:   0.36 kB
dist/assets/use-generation-code-Z0ZV_VFr.js                                   0.75 kB │ gzip:   0.39 kB
dist/assets/text-select-2zgoe9Vd.js                                           0.76 kB │ gzip:   0.35 kB
dist/assets/cog-Df0aoyRR.js                                                   0.76 kB │ gzip:   0.38 kB
dist/assets/message-square-dashed-Bv92Z4N2.js                                 0.76 kB │ gzip:   0.36 kB
dist/assets/tree-utils-BYePR1Id.js                                            0.77 kB │ gzip:   0.37 kB
dist/assets/biohazard-Cz_OWn4D.js                                             0.77 kB │ gzip:   0.44 kB
dist/assets/square-dashed-kanban-TwlvnUnd.js                                  0.77 kB │ gzip:   0.36 kB
dist/assets/folder-cog-CQnX7ctm.js                                            0.77 kB │ gzip:   0.41 kB
dist/assets/component-BPWSH5qx.js                                             0.78 kB │ gzip:   0.31 kB
dist/assets/file-cog-CaO2VAm_.js                                              0.78 kB │ gzip:   0.42 kB
dist/assets/index-D5vGwh8d.js                                                 0.78 kB │ gzip:   0.50 kB
dist/assets/monitor-cog-JE3C--Pd.js                                           0.78 kB │ gzip:   0.41 kB
dist/assets/goods-receipt-po-request-service-K5GSE5Sd.js                      0.79 kB │ gzip:   0.36 kB
dist/assets/index-BE5E2VK5.js                                                 0.79 kB │ gzip:   0.52 kB
dist/assets/nut-off-BDt2oJWi.js                                               0.79 kB │ gzip:   0.49 kB
dist/assets/purchase-down-payment-service-DVE-0ZXN.js                         0.79 kB │ gzip:   0.36 kB
dist/assets/index-IwALP9DF.js                                                 0.80 kB │ gzip:   0.54 kB
dist/assets/wifi-cog-B6A_cvrT.js                                              0.81 kB │ gzip:   0.42 kB
dist/assets/party-popper-uBXYyMj1.js                                          0.81 kB │ gzip:   0.46 kB
dist/assets/calendar-cog-20G7inyc.js                                          0.83 kB │ gzip:   0.43 kB
dist/assets/goods-receipt-po-service-DSfqCu_q.js                              0.84 kB │ gzip:   0.36 kB
dist/assets/inventory-transfer-service-CiCBkFEz.js                            0.84 kB │ gzip:   0.36 kB
dist/assets/goods-receipt-po-return-service-e8XTIzUS.js                       0.85 kB │ gzip:   0.36 kB
dist/assets/brain-circuit-D9XpYVvx.js                                         0.88 kB │ gzip:   0.45 kB
dist/assets/finished-goods-receipt-service-DU5y7GOZ.js                        0.91 kB │ gzip:   0.41 kB
dist/assets/server-cog-BLGY4nGy.js                                            0.91 kB │ gzip:   0.43 kB
dist/assets/production-order-service-BHwU59fN.js                              0.93 kB │ gzip:   0.43 kB
dist/assets/wheat-BzI7WfKQ.js                                                 0.96 kB │ gzip:   0.39 kB
dist/assets/use-creator-leader-CMo4WEe_.js                                    0.97 kB │ gzip:   0.59 kB
dist/assets/wheat-off-CdjTdzqg.js                                             1.01 kB │ gzip:   0.50 kB
dist/assets/use-supplier-Cgg48bQZ.js                                          1.03 kB │ gzip:   0.55 kB
dist/assets/use-step-status-BSQA_hYk.js                                       1.04 kB │ gzip:   0.50 kB
dist/assets/hop-off-8rkeiiNT.js                                               1.05 kB │ gzip:   0.58 kB
dist/assets/use-form-error-handler-Bmygpv6F.js                                1.07 kB │ gzip:   0.70 kB
dist/assets/alert-C3-eeqiv.js                                                 1.07 kB │ gzip:   0.54 kB
dist/assets/brain-cog-DQrvq7Nn.js                                             1.10 kB │ gzip:   0.53 kB
dist/assets/hop-BS1sXPUZ.js                                                   1.11 kB │ gzip:   0.59 kB
dist/assets/inventory-transfer-request-service--pvYbHi7.js                    1.12 kB │ gzip:   0.47 kB
dist/assets/use-project-management-gantt-CC0OHYqq.js                          1.15 kB │ gzip:   0.54 kB
dist/assets/use-business-role-ConbbKDR.js                                     1.24 kB │ gzip:   0.66 kB
dist/assets/index-C6o5eYWi.js                                                 1.25 kB │ gzip:   0.65 kB
dist/assets/index-SGgdZT6r.js                                                 1.26 kB │ gzip:   0.65 kB
dist/assets/use-production-norm-detail-filters-CBKtCndm.js                    1.30 kB │ gzip:   0.64 kB
dist/assets/index-CvK2hzyT.js                                                 1.40 kB │ gzip:   0.75 kB
dist/assets/index-CATWLSq5.js                                                 1.40 kB │ gzip:   0.76 kB
dist/assets/forbidden-BfzK30qJ.js                                             1.41 kB │ gzip:   0.75 kB
dist/assets/production-cost-combobox-CxS0I0zi.js                              1.47 kB │ gzip:   0.58 kB
dist/assets/-goods-receipt-po-detail-table-DjSGRuGf.js                        1.51 kB │ gzip:   0.65 kB
dist/assets/-goods-receipt-po-request-detail-table--YdTr6hI.js                1.53 kB │ gzip:   0.65 kB
dist/assets/use-table-change-_82s-4PW.js                                      1.53 kB │ gzip:   0.76 kB
dist/assets/-goods-receipt-po-return-detail-table-frvgVPiL.js                 1.61 kB │ gzip:   0.66 kB
dist/assets/-finished-goods-receipt-detail-table-BxC8T8OV.js                  1.70 kB │ gzip:   0.73 kB
dist/assets/use-finished-goods-receipt-v_lwwRj5.js                            1.73 kB │ gzip:   0.71 kB
dist/assets/unauthorized-CRffMiAI.js                                          1.83 kB │ gzip:   0.88 kB
dist/assets/-inventory-transfer-detail-table-A3gtlYgd.js                      1.84 kB │ gzip:   0.76 kB
dist/assets/logged-out-DHmwLlLF.js                                            1.85 kB │ gzip:   0.81 kB
dist/assets/use-trade-rule-set-CI1Y-PXZ.js                                    1.94 kB │ gzip:   0.82 kB
dist/assets/inventory-shared-DjppmdEs.js                                      1.99 kB │ gzip:   0.99 kB
dist/assets/use-drawing-type-CrCfZuYM.js                                      2.01 kB │ gzip:   0.83 kB
dist/assets/modifier-info-C9zd_lq1.js                                         2.02 kB │ gzip:   0.58 kB
dist/assets/use-logistic-party-type-DoTpUI0b.js                               2.05 kB │ gzip:   0.85 kB
dist/assets/use-packing-codes-group-APphjAcZ.js                               2.07 kB │ gzip:   0.84 kB
dist/assets/-goods-transaction-form-registry-cNmrqppc.js                      2.08 kB │ gzip:   0.76 kB
dist/assets/purchase-request-filter-popover-CI2BegpL.js                       2.09 kB │ gzip:   1.02 kB
dist/assets/use-period-CI6c710-.js                                            2.10 kB │ gzip:   1.07 kB
dist/assets/use-risk-Cd5l49eM.js                                              2.11 kB │ gzip:   0.88 kB
dist/assets/use-installation-tool-CgZFHnJf.js                                 2.12 kB │ gzip:   0.88 kB
dist/assets/use-responsibility-type-B01Iquxa.js                               2.12 kB │ gzip:   0.88 kB
dist/assets/use-packing-standard-type-BWFM4Zq6.js                             2.12 kB │ gzip:   0.89 kB
dist/assets/use-packing-codes-type-ByQb4nbE.js                                2.12 kB │ gzip:   0.89 kB
dist/assets/use-delivery-vehicle-type-CuTQGc7n.js                             2.12 kB │ gzip:   0.89 kB
dist/assets/use-installation-standard-DJmLU-Ww.js                             2.12 kB │ gzip:   0.88 kB
dist/assets/use-packing-standard-group-c9LWh4K9.js                            2.13 kB │ gzip:   0.89 kB
dist/assets/use-delivery-vehicle-group-dM1lalvO.js                            2.13 kB │ gzip:   0.89 kB
dist/assets/use-packaging-specification-type-SeMJpK9-.js                      2.13 kB │ gzip:   0.89 kB
dist/assets/use-packaging-specification-group-CIEP_UKn.js                     2.13 kB │ gzip:   0.89 kB
dist/assets/use-international-trade-agreement-NE4IuSpf.js                     2.13 kB │ gzip:   0.89 kB
dist/assets/use-certificate-of-origin-DzgkUr7P.js                             2.13 kB │ gzip:   0.88 kB
dist/assets/use-production-standard-D11d0hV1.js                               2.14 kB │ gzip:   0.87 kB
dist/assets/action-confirm-0aE_Ts0A.js                                        2.15 kB │ gzip:   0.88 kB
dist/assets/use-leave-type-DNX7sN_f.js                                        2.15 kB │ gzip:   0.84 kB
dist/assets/use-day-session-SVtUB4Ex.js                                       2.15 kB │ gzip:   0.84 kB
dist/assets/use-asset-unit-fdFv4Q1F.js                                        2.16 kB │ gzip:   0.90 kB
dist/assets/use-responsibility-group-D2sYKR3w.js                              2.16 kB │ gzip:   0.89 kB
dist/assets/use-material-type-CGL91vT-.js                                     2.16 kB │ gzip:   0.89 kB
dist/assets/use-drawing-group-Dqdb4Qr9.js                                     2.17 kB │ gzip:   0.90 kB
dist/assets/use-installation-method-Ddm2pdx4.js                               2.20 kB │ gzip:   0.91 kB
dist/assets/use-unit-of-measure-nY_jH8wL.js                                   2.25 kB │ gzip:   0.90 kB
dist/assets/use-expense-DjEsctxW.js                                           2.25 kB │ gzip:   0.91 kB
dist/assets/use-item-template-type-fotqWWuF.js                                2.30 kB │ gzip:   0.91 kB
dist/assets/use-hs-BXOJ-yGI.js                                                2.31 kB │ gzip:   0.94 kB
dist/assets/use-hs-type-BdCBRi61.js                                           2.31 kB │ gzip:   0.94 kB
dist/assets/use-hs-group-_UNwqgvp.js                                          2.32 kB │ gzip:   0.94 kB
dist/assets/use-plan-type-xmyYrytK.js                                         2.32 kB │ gzip:   0.94 kB
dist/assets/use-port-type-BamZsd3d.js                                         2.32 kB │ gzip:   0.94 kB
dist/assets/use-plan-group-BKrDeDSt.js                                        2.32 kB │ gzip:   0.95 kB
dist/assets/use-port-group-Bj6Qk7tk.js                                        2.32 kB │ gzip:   0.94 kB
dist/assets/use-report-type-DHb4_jks.js                                       2.32 kB │ gzip:   0.94 kB
dist/assets/use-report-group-6nAkfOam.js                                      2.32 kB │ gzip:   0.94 kB
dist/assets/use-incoterm-group-DVIF6_0H.js                                    2.32 kB │ gzip:   0.95 kB
dist/assets/use-container-type-4glgWrcS.js                                    2.32 kB │ gzip:   0.95 kB
dist/assets/use-container-group-D1bPKlz0.js                                   2.32 kB │ gzip:   0.95 kB
dist/assets/use-customs-declaration-group-DgCFGBWY.js                         2.33 kB │ gzip:   0.95 kB
dist/assets/-inventory-transfer-request-detail-table-B1gG3yt0.js              2.36 kB │ gzip:   0.86 kB
dist/assets/-service-purchase-detail-table-DytBnmvr.js                        2.39 kB │ gzip:   0.98 kB
dist/assets/use-production-cost-BDhZynDr.js                                   2.42 kB │ gzip:   0.94 kB
dist/assets/-inventory-transfer-excess-recovery-detail-table-CmQaC5dP.js      2.42 kB │ gzip:   0.97 kB
dist/assets/use-leader-B3HWBLk9.js                                            2.45 kB │ gzip:   0.90 kB
dist/assets/use-project-planning-DZ2yKSOn.js                                  2.48 kB │ gzip:   0.95 kB
dist/assets/use-work-item-category-CNrBk2YG.js                                2.54 kB │ gzip:   0.92 kB
dist/assets/use-material-quotation-BboJtcrZ.js                                2.57 kB │ gzip:   0.98 kB
dist/assets/use-material-DQ9cEwve.js                                          2.61 kB │ gzip:   0.96 kB
dist/assets/use-purchase-request-3a_5QMCp.js                                  2.65 kB │ gzip:   1.06 kB
dist/assets/-stock-count-detail-table-BBMu0iaT.js                             2.66 kB │ gzip:   1.05 kB
dist/assets/index-Chm-7eYq.js                                                 2.90 kB │ gzip:   1.18 kB
dist/assets/-purchase-invoice-detail-table-BE-yOnks.js                        2.94 kB │ gzip:   1.11 kB
dist/assets/use-installation-progress-data-rpvHJf3a.js                        3.01 kB │ gzip:   1.19 kB
dist/assets/use-business-process-BYV7WeIp.js                                  3.04 kB │ gzip:   1.13 kB
dist/assets/use-semi-finished-good-DNPZlG6T.js                                3.05 kB │ gzip:   1.09 kB
dist/assets/use-specification-set-type-CuTb3VLE.js                            3.05 kB │ gzip:   1.00 kB
dist/assets/index-DjV7QP9o.js                                                 3.07 kB │ gzip:   1.21 kB
dist/assets/-inventory-adjustment-ticket-detail-table-D_Kk-XBa.js             3.14 kB │ gzip:   1.09 kB
dist/assets/use-production-norm-32I_YQGm.js                                   3.15 kB │ gzip:   1.15 kB
dist/assets/use-production-budget-detail-filters-BSGS-jn1.js                  3.20 kB │ gzip:   1.21 kB
dist/assets/use-work-item-process-CKv633I0.js                                 3.37 kB │ gzip:   1.22 kB
dist/assets/estimate-cost.util-C5A_AqLr.js                                    3.64 kB │ gzip:   1.47 kB
dist/assets/index-DJffdxTo.js                                                 3.67 kB │ gzip:   1.75 kB
dist/assets/index-yyfSlh-u.js                                                 3.70 kB │ gzip:   1.32 kB
dist/assets/use-attachment-uploader-Bqkp_ufi.js                               3.77 kB │ gzip:   1.80 kB
dist/assets/installation-plan-nav-header-DVI64snD.js                          3.80 kB │ gzip:   1.40 kB
dist/assets/delivery-progress-BskmXHti.js                                     3.93 kB │ gzip:   1.62 kB
dist/assets/packing-detail-view-dialog-DnwP-hPw.js                            4.01 kB │ gzip:   1.67 kB
dist/assets/use-maintenance-order-Ds4ZYjSx.js                                 4.21 kB │ gzip:   1.24 kB
dist/assets/radio-group-B3q9r7eB.js                                           4.22 kB │ gzip:   1.91 kB
dist/assets/index-BhIsteLa.js                                                 4.47 kB │ gzip:   1.73 kB
dist/assets/update-actual-progress-dialog-DlbmGqNH.js                         4.71 kB │ gzip:   1.78 kB
dist/assets/index-3W4JbdsW.js                                                 4.77 kB │ gzip:   1.79 kB
dist/assets/index-o7DVk7lL.js                                                 4.78 kB │ gzip:   1.43 kB
dist/assets/use-mechanical-packing-list-Ej00sx5U.js                           5.00 kB │ gzip:   1.44 kB
dist/assets/index-CV6-ksJY.js                                                 5.03 kB │ gzip:   1.78 kB
dist/assets/detail-DiC6sGJ6.js                                                5.04 kB │ gzip:   2.13 kB
dist/assets/index-DD9SJWIo.js                                                 5.05 kB │ gzip:   1.69 kB
dist/assets/index-BPFm2Cmh.js                                                 5.11 kB │ gzip:   1.81 kB
dist/assets/index-kY0_q9Fd.js                                                 5.13 kB │ gzip:   1.90 kB
dist/assets/index-Bbn3VyGW.js                                                 5.15 kB │ gzip:   1.88 kB
dist/assets/index-CmY3ofdR.js                                                 5.25 kB │ gzip:   2.21 kB
dist/assets/_app-C6jM5eM-.js                                                  5.30 kB │ gzip:   2.39 kB
dist/assets/index-Cyd3UADp.js                                                 5.32 kB │ gzip:   1.95 kB
dist/assets/index-Bp7Vtc1r.js                                                 5.34 kB │ gzip:   2.05 kB
dist/assets/index-C1NuRenx.js                                                 5.51 kB │ gzip:   1.93 kB
dist/assets/attachment-section-CpX6J_wa.js                                    5.54 kB │ gzip:   2.26 kB
dist/assets/index-CfXhhO8m.js                                                 5.57 kB │ gzip:   1.87 kB
dist/assets/_id-DX6uMm78.js                                                   5.69 kB │ gzip:   1.88 kB
dist/assets/attachment-section-B_moKFLl.js                                    5.74 kB │ gzip:   2.39 kB
dist/assets/index-cU2IFWWQ.js                                                 5.79 kB │ gzip:   1.97 kB
dist/assets/design-profile-detail-view-Dkk1yBd4.js                            5.86 kB │ gzip:   2.09 kB
dist/assets/specification-requirement-inline-DWKzOJiG.js                      5.91 kB │ gzip:   2.11 kB
dist/assets/index-CHQgZcK3.js                                                 5.94 kB │ gzip:   1.98 kB
dist/assets/index-CbHpLia3.js                                                 6.02 kB │ gzip:   2.22 kB
dist/assets/warehouse-stock-preview-BG4zsHtV.js                               6.19 kB │ gzip:   2.26 kB
dist/assets/index-B8_9nNFJ.js                                                 6.32 kB │ gzip:   2.12 kB
dist/assets/index-aWQ2Npyh.js                                                 6.37 kB │ gzip:   2.23 kB
dist/assets/detail-BkrXs6W8.js                                                6.49 kB │ gzip:   2.40 kB
dist/assets/index-CFpq9CSy.js                                                 6.65 kB │ gzip:   2.25 kB
dist/assets/use-sale-quotation-DPS4XRBO.js                                    6.65 kB │ gzip:   2.01 kB
dist/assets/use-sale-quotation-request-B3TfUDhP.js                            6.65 kB │ gzip:   2.20 kB
dist/assets/index-ItVs9nMz.js                                                 6.82 kB │ gzip:   2.51 kB
dist/assets/index-CQzFMvhQ.js                                                 6.82 kB │ gzip:   2.52 kB
dist/assets/asset-disposal-form-BhUmnrSp.js                                   6.91 kB │ gzip:   2.57 kB
dist/assets/index-CHFJNIKa.js                                                 6.92 kB │ gzip:   2.22 kB
dist/assets/index-DKbv5ZVQ.js                                                 6.98 kB │ gzip:   2.16 kB
dist/assets/index-DG5RclFq.js                                                 7.00 kB │ gzip:   2.33 kB
dist/assets/index-DVy7GI2q.js                                                 7.40 kB │ gzip:   2.52 kB
dist/assets/index-TsvjwRxb.js                                                 7.51 kB │ gzip:   2.08 kB
dist/assets/detail-1mc3fWUQ.js                                                7.64 kB │ gzip:   3.07 kB
dist/assets/delivery-plan-nav-header-CPZmXKv5.js                              7.78 kB │ gzip:   2.60 kB
dist/assets/index-D1Fk1vH4.js                                                 7.83 kB │ gzip:   2.87 kB
dist/assets/detail-BeS6VkcL.js                                                7.88 kB │ gzip:   2.23 kB
dist/assets/index-CVL80qUO.js                                                 7.88 kB │ gzip:   3.12 kB
dist/assets/index-Bmz7JTp7.js                                                 8.00 kB │ gzip:   3.04 kB
dist/assets/index-U57d38wM.js                                                 8.00 kB │ gzip:   2.69 kB
dist/assets/_id-D3QMA_iW.js                                                   8.21 kB │ gzip:   3.09 kB
dist/assets/index-R7EjrSE_.js                                                 8.24 kB │ gzip:   3.11 kB
dist/assets/index-BjsEk_mo.js                                                 8.29 kB │ gzip:   3.11 kB
dist/assets/index-B4QLJ2Nb.js                                                 8.45 kB │ gzip:   2.97 kB
dist/assets/index-CFGMyWqo.js                                                 8.70 kB │ gzip:   2.67 kB
dist/assets/index-DWwK5fjv.js                                                 8.93 kB │ gzip:   3.36 kB
dist/assets/index-DJxBKwer.js                                                 9.01 kB │ gzip:   3.31 kB
dist/assets/index-CBGzVxEl.js                                                 9.05 kB │ gzip:   3.08 kB
dist/assets/index-BJGt1ld8.js                                                 9.06 kB │ gzip:   2.91 kB
dist/assets/index-dLc4H70Z.js                                                 9.09 kB │ gzip:   2.74 kB
dist/assets/index-CRJ9lJX-.js                                                 9.14 kB │ gzip:   3.09 kB
dist/assets/index-qCfm_sDr.js                                                 9.17 kB │ gzip:   3.40 kB
dist/assets/index-BpsUrZWE.js                                                 9.31 kB │ gzip:   3.08 kB
dist/assets/index-DqNjqlLE.js                                                 9.45 kB │ gzip:   3.05 kB
dist/assets/index-DJ8lCutF.js                                                 9.50 kB │ gzip:   3.48 kB
dist/assets/use-production-order-J2RCur_8.js                                  9.51 kB │ gzip:   2.54 kB
dist/assets/index-C0Np8Jgp.js                                                 9.61 kB │ gzip:   3.50 kB
dist/assets/index-B4W_KVXY.js                                                 9.63 kB │ gzip:   3.53 kB
dist/assets/index-Bxkdf897.js                                                 9.65 kB │ gzip:   3.50 kB
dist/assets/index-A1jiv5oD.js                                                 9.68 kB │ gzip:   3.50 kB
dist/assets/index-D3wSvHAe.js                                                 9.69 kB │ gzip:   3.49 kB
dist/assets/index-CgxekPgO.js                                                 9.74 kB │ gzip:   3.51 kB
dist/assets/index-B7RJTE_F.js                                                 9.76 kB │ gzip:   3.54 kB
dist/assets/index-QRiRq88y.js                                                 9.77 kB │ gzip:   3.44 kB
dist/assets/index-Bh5zlliH.js                                                 9.78 kB │ gzip:   3.54 kB
dist/assets/index-BsCdCVuB.js                                                 9.80 kB │ gzip:   3.53 kB
dist/assets/index-Bjiq89li.js                                                 9.81 kB │ gzip:   3.55 kB
dist/assets/index-pYfccolh.js                                                 9.89 kB │ gzip:   3.53 kB
dist/assets/index-BgQhNvs9.js                                                 9.92 kB │ gzip:   3.54 kB
dist/assets/advance-request-form-BybR3r6p.js                                 10.18 kB │ gzip:   3.40 kB
dist/assets/index-Dov2rsp0.js                                                10.24 kB │ gzip:   3.75 kB
dist/assets/index-DZA6AnkA.js                                                10.28 kB │ gzip:   3.63 kB
dist/assets/index-C_rf71s2.js                                                10.39 kB │ gzip:   3.74 kB
dist/assets/index-BVJzZZcA.js                                                10.39 kB │ gzip:   3.96 kB
dist/assets/incoterm-stages-section-Hl5WhxRL.js                              10.47 kB │ gzip:   3.65 kB
dist/assets/index-CnaANzGQ.js                                                10.54 kB │ gzip:   3.34 kB
dist/assets/index-CikHEqBE.js                                                10.56 kB │ gzip:   3.74 kB
dist/assets/index-ezQ8s5Hp.js                                                10.57 kB │ gzip:   3.77 kB
dist/assets/index-Dprt2HAw.js                                                10.63 kB │ gzip:   3.81 kB
dist/assets/finished-goods-delivery-packing-detail-table-CD76w3j6.js         10.69 kB │ gzip:   3.11 kB
dist/assets/index-HDjaYrxc.js                                                10.71 kB │ gzip:   3.80 kB
dist/assets/index-BoGcGxHK.js                                                10.86 kB │ gzip:   4.02 kB
dist/assets/index-pARptg0-.js                                                10.88 kB │ gzip:   3.66 kB
dist/assets/detail-B3sSaYcM.js                                               10.90 kB │ gzip:   3.78 kB
dist/assets/index-CVv7yOMj.js                                                10.97 kB │ gzip:   4.10 kB
dist/assets/index-C68_5qSG.js                                                10.97 kB │ gzip:   3.53 kB
dist/assets/index-DS5O29Z1.js                                                10.99 kB │ gzip:   3.99 kB
dist/assets/use-organization-Bw5gIS-R.js                                     11.06 kB │ gzip:   1.94 kB
dist/assets/index-lVKKao_v.js                                                11.20 kB │ gzip:   3.89 kB
dist/assets/index-DLmxcX3g.js                                                11.34 kB │ gzip:   3.67 kB
dist/assets/detail-Bfwa-3Aw.js                                               11.35 kB │ gzip:   3.43 kB
dist/assets/index-BLDWnNvz.js                                                11.53 kB │ gzip:   3.99 kB
dist/assets/index-TLHXi0ZN.js                                                11.65 kB │ gzip:   3.73 kB
dist/assets/index-BVigQsSc.js                                                11.66 kB │ gzip:   3.58 kB
dist/assets/index-BT1hAK5l.js                                                11.72 kB │ gzip:   4.23 kB
dist/assets/index-Bhi5vicw.js                                                11.73 kB │ gzip:   4.12 kB
dist/assets/index-BENox1N-.js                                                11.74 kB │ gzip:   4.24 kB
dist/assets/index-BCCSvz_S.js                                                11.74 kB │ gzip:   3.85 kB
dist/assets/index-DB32nYIz.js                                                11.79 kB │ gzip:   3.44 kB
dist/assets/index-Bw625LiE.js                                                11.90 kB │ gzip:   4.11 kB
dist/assets/index-CvTaY4aD.js                                                11.94 kB │ gzip:   4.12 kB
dist/assets/index-HBv6Kpyp.js                                                11.97 kB │ gzip:   4.29 kB
dist/assets/index-CkthHqcw.js                                                12.04 kB │ gzip:   3.87 kB
dist/assets/index-BTEW-REi.js                                                12.05 kB │ gzip:   3.94 kB
dist/assets/recruitment-request-form-3lmWS4Uj.js                             12.18 kB │ gzip:   3.79 kB
dist/assets/index-DCIZc8hf.js                                                12.23 kB │ gzip:   3.98 kB
dist/assets/index-CUA9wZKh.js                                                12.34 kB │ gzip:   4.15 kB
dist/assets/index-0pMYTRq-.js                                                12.38 kB │ gzip:   4.25 kB
dist/assets/index-D9MDRefT.js                                                12.41 kB │ gzip:   4.33 kB
dist/assets/index-DiYOYa2I.js                                                12.45 kB │ gzip:   4.25 kB
dist/assets/index-Bd6hOBgi.js                                                12.46 kB │ gzip:   4.18 kB
dist/assets/index-r3jeeXFo.js                                                12.49 kB │ gzip:   4.25 kB
dist/assets/index-BKkqoYz8.js                                                12.50 kB │ gzip:   4.28 kB
dist/assets/-goods-receipt-po-return-form-BRWCugd8.js                        12.57 kB │ gzip:   4.00 kB
dist/assets/index-CAux9fIc.js                                                12.59 kB │ gzip:   4.24 kB
dist/assets/index-Ca7lTvRI.js                                                12.62 kB │ gzip:   4.24 kB
dist/assets/index-DzNBkrO0.js                                                12.69 kB │ gzip:   3.65 kB
dist/assets/index-DpXuhSRt.js                                                12.69 kB │ gzip:   4.18 kB
dist/assets/index-Bnjzkfzn.js                                                12.75 kB │ gzip:   3.90 kB
dist/assets/index-Djq2SGVr.js                                                12.86 kB │ gzip:   4.47 kB
dist/assets/index-DQ2RR1it.js                                                12.92 kB │ gzip:   3.35 kB
dist/assets/index-BJ6g9fdZ.js                                                12.93 kB │ gzip:   4.29 kB
dist/assets/index-kMQYMNS0.js                                                12.93 kB │ gzip:   3.85 kB
dist/assets/-goods-receipt-po-form-Bk4Dzo8L.js                               13.06 kB │ gzip:   4.14 kB
dist/assets/index-ok_f9DDB.js                                                13.15 kB │ gzip:   4.49 kB
dist/assets/contract-salary-advance-form-D2bI79iO.js                         13.25 kB │ gzip:   4.35 kB
dist/assets/index-DnQqUeny.js                                                13.31 kB │ gzip:   4.67 kB
dist/assets/index-Q8gMxb9-.js                                                13.32 kB │ gzip:   4.40 kB
dist/assets/index-LKRrk6HA.js                                                13.40 kB │ gzip:   4.47 kB
dist/assets/index-B2RRLziT.js                                                13.58 kB │ gzip:   4.78 kB
dist/assets/seasonal-labor-settlement-form-DS65-2Ec.js                       13.62 kB │ gzip:   4.40 kB
dist/assets/index-BQl-hpp4.js                                                13.71 kB │ gzip:   4.84 kB
dist/assets/index-C0eOjN9g.js                                                13.80 kB │ gzip:   4.53 kB
dist/assets/index-C8aMBLFY.js                                                13.85 kB │ gzip:   4.72 kB
dist/assets/index-CAbi5zG5.js                                                14.03 kB │ gzip:   4.78 kB
dist/assets/index-yonurAVC.js                                                14.16 kB │ gzip:   4.65 kB
dist/assets/-mrp-detail-dialog-JsPYpeVc.js                                   14.26 kB │ gzip:   4.09 kB
dist/assets/index-DR7TnNsL.js                                                14.28 kB │ gzip:   4.62 kB
dist/assets/index-D-3oYQHH.js                                                14.31 kB │ gzip:   4.73 kB
dist/assets/index-BZ_2_576.js                                                14.37 kB │ gzip:   4.80 kB
dist/assets/index-BT6g9cv_.js                                                14.60 kB │ gzip:   5.14 kB
dist/assets/index-DaOmIn34.js                                                14.69 kB │ gzip:   4.22 kB
dist/assets/packing-detail-table-CSxQx191.js                                 14.77 kB │ gzip:   3.39 kB
dist/assets/index-ysYazymk.js                                                15.20 kB │ gzip:   4.90 kB
dist/assets/-inventory-transfer-form-BitdsdDx.js                             15.21 kB │ gzip:   4.27 kB
dist/assets/index-sGs8AHRN.js                                                15.37 kB │ gzip:   4.72 kB
dist/assets/index-BCHEBKtY.js                                                15.44 kB │ gzip:   5.09 kB
dist/assets/index-E2OdWcb0.js                                                15.53 kB │ gzip:   4.90 kB
dist/assets/index-BShJ8TXc.js                                                15.76 kB │ gzip:   5.08 kB
dist/assets/index-D49Dw0kM.js                                                15.99 kB │ gzip:   5.51 kB
dist/assets/index-CQ_H8eGN.js                                                15.99 kB │ gzip:   5.20 kB
dist/assets/index-3hnxrHZF.js                                                16.07 kB │ gzip:   5.20 kB
dist/assets/index-B_CDdySN.js                                                16.26 kB │ gzip:   4.66 kB
dist/assets/index-jUoCqUEd.js                                                16.27 kB │ gzip:   4.94 kB
dist/assets/index-CbcJd95o.js                                                16.31 kB │ gzip:   5.27 kB
dist/assets/index-CJUyD5hL.js                                                16.32 kB │ gzip:   5.01 kB
dist/assets/index-BF6PCGpC.js                                                16.43 kB │ gzip:   4.87 kB
dist/assets/damage-deduction-form-BLycsJKS.js                                16.45 kB │ gzip:   5.33 kB
dist/assets/index-CfRhieCP.js                                                16.60 kB │ gzip:   5.08 kB
dist/assets/index-BC9fGlMo.js                                                16.65 kB │ gzip:   5.30 kB
dist/assets/index-D_6erumB.js                                                16.66 kB │ gzip:   5.01 kB
dist/assets/index-DfzJNzr9.js                                                16.68 kB │ gzip:   5.15 kB
dist/assets/index-DJaUlHoa.js                                                16.72 kB │ gzip:   5.29 kB
dist/assets/index-B5sNN7_2.js                                                16.77 kB │ gzip:   4.97 kB
dist/assets/index-bCyc_dpG.js                                                16.81 kB │ gzip:   5.39 kB
dist/assets/index-D-Dav0Ze.js                                                16.83 kB │ gzip:   5.29 kB
dist/assets/detail-CPl3okfP.js                                               16.85 kB │ gzip:   4.77 kB
dist/assets/index-Dj_TF563.js                                                16.89 kB │ gzip:   5.56 kB
dist/assets/index-a1_VEP6n.js                                                17.02 kB │ gzip:   4.51 kB
dist/assets/index-PtOryiKR.js                                                17.17 kB │ gzip:   5.54 kB
dist/assets/index-Fk_HycO5.js                                                17.29 kB │ gzip:   5.61 kB
dist/assets/index-CLe2YsR7.js                                                17.48 kB │ gzip:   5.65 kB
dist/assets/index-BwYYB6Iu.js                                                17.74 kB │ gzip:   5.90 kB
dist/assets/index-BXCd5_VO.js                                                18.41 kB │ gzip:   5.82 kB
dist/assets/index-CBOIUtDW.js                                                18.44 kB │ gzip:   5.37 kB
dist/assets/index-77vJIEZG.js                                                18.56 kB │ gzip:   5.67 kB
dist/assets/index-CagmX8Oe.js                                                18.59 kB │ gzip:   6.04 kB
dist/assets/detail-DaxyyHJE.js                                               18.61 kB │ gzip:   5.57 kB
dist/assets/sale-quotation-form-hshuIzkl.js                                  18.63 kB │ gzip:   5.46 kB
dist/assets/index-CnC1W_c2.js                                                18.63 kB │ gzip:   6.02 kB
dist/assets/index-DNLcrL15.js                                                18.79 kB │ gzip:   5.38 kB
dist/assets/index-Bd-VkkPZ.js                                                18.91 kB │ gzip:   5.85 kB
dist/assets/index-Dqe5aWHM.js                                                18.98 kB │ gzip:   6.45 kB
dist/assets/index-DRk3GNkh.js                                                18.99 kB │ gzip:   5.49 kB
dist/assets/index-BYXDcLw5.js                                                19.14 kB │ gzip:   6.09 kB
dist/assets/index-CdLvD4vI.js                                                19.40 kB │ gzip:   5.27 kB
dist/assets/index-CkA4foXK.js                                                19.63 kB │ gzip:   5.66 kB
dist/assets/index-DhWtYndA.js                                                19.87 kB │ gzip:   6.04 kB
dist/assets/index-PBexEmfe.js                                                20.58 kB │ gzip:   6.39 kB
dist/assets/index-CD1p08R5.js                                                20.58 kB │ gzip:   5.77 kB
dist/assets/index-C5Q93nuD.js                                                20.71 kB │ gzip:   6.10 kB
dist/assets/production-cost-table-D7etjV_l.js                                20.72 kB │ gzip:   4.61 kB
dist/assets/non-manpower-dispatch-form-ChW8ZjMH.js                           20.83 kB │ gzip:   6.07 kB
dist/assets/index-fzn5anTi.js                                                20.86 kB │ gzip:   6.59 kB
dist/assets/manpower-dispatch-form-BdxpeF7S.js                               21.28 kB │ gzip:   6.10 kB
dist/assets/index-CcyotUfd.js                                                21.47 kB │ gzip:   6.43 kB
dist/assets/index-CldrgrkX.js                                                21.62 kB │ gzip:   6.51 kB
dist/assets/index-BA9NzYNE.js                                                21.99 kB │ gzip:   6.87 kB
dist/assets/index-DzjWC30j.js                                                22.00 kB │ gzip:   7.13 kB
dist/assets/index-DtGVV7cs.js                                                22.15 kB │ gzip:   6.24 kB
dist/assets/index-BGCRoV1M.js                                                22.46 kB │ gzip:   6.31 kB
dist/assets/index-BuSIDt1v.js                                                22.59 kB │ gzip:   6.32 kB
dist/assets/index-BTnXUZux.js                                                22.62 kB │ gzip:   5.92 kB
dist/assets/index-D7TmvyTb.js                                                23.06 kB │ gzip:   6.24 kB
dist/assets/index-Cuthzxwt.js                                                23.07 kB │ gzip:   6.22 kB
dist/assets/index-BQZBlrMa.js                                                23.07 kB │ gzip:   6.43 kB
dist/assets/index-LrGyWqiD.js                                                23.40 kB │ gzip:   6.45 kB
dist/assets/pre-sales-survey-form-wILJMrgT.js                                23.49 kB │ gzip:   5.87 kB
dist/assets/index-BS3JJ-wP.js                                                23.67 kB │ gzip:   6.30 kB
dist/assets/index-Dgl7cNQx.js                                                23.81 kB │ gzip:   6.39 kB
dist/assets/auth-service-CaObrcPt.js                                         23.82 kB │ gzip:   7.56 kB
dist/assets/index-C_tDNaWu.js                                                24.19 kB │ gzip:   6.53 kB
dist/assets/index-D-kTKEEZ.js                                                24.45 kB │ gzip:   6.48 kB
dist/assets/index-BaUgh-Ta.js                                                24.59 kB │ gzip:   6.62 kB
dist/assets/index-3zYkdOUl.js                                                24.64 kB │ gzip:   7.06 kB
dist/assets/index-DAEwjKlD.js                                                25.06 kB │ gzip:   7.92 kB
dist/assets/index-Bw0YL3QC.js                                                25.21 kB │ gzip:   6.81 kB
dist/assets/index-BCTBT2UL.js                                                25.63 kB │ gzip:   6.24 kB
dist/assets/index-ms8OOWe9.js                                                26.14 kB │ gzip:   7.46 kB
dist/assets/use-supply-request-CPRi1o7G.js                                   26.33 kB │ gzip:   6.82 kB
dist/assets/index-CAUAArhM.js                                                26.68 kB │ gzip:   7.22 kB
dist/assets/work-item-process-form-6rhVTMak.js                               27.05 kB │ gzip:   7.08 kB
dist/assets/use-production-request-group-BM7q8Ct4.js                         27.79 kB │ gzip:   7.57 kB
dist/assets/acceptance-minute-form-DC8s1zWQ.js                               27.83 kB │ gzip:   7.80 kB
dist/assets/index-D8h6NTON.js                                                28.23 kB │ gzip:   7.88 kB
dist/assets/purchase-request-form-CWtgZc0Y.js                                28.32 kB │ gzip:   7.92 kB
dist/assets/design-profile-page-content-V9IocumH.js                          28.35 kB │ gzip:   7.28 kB
dist/assets/finished-goods-price-form-unhYAgu4.js                            28.82 kB │ gzip:   7.41 kB
dist/assets/index-BMxzyc3t.js                                                29.00 kB │ gzip:   7.58 kB
dist/assets/packing-list-detail-table-DVrS6U8A.js                            29.80 kB │ gzip:   7.09 kB
dist/assets/index-Bax_QsgK.js                                                30.52 kB │ gzip:   7.54 kB
dist/assets/index-BxDTBK2Y.js                                                30.77 kB │ gzip:   8.44 kB
dist/assets/sale-quotation-request-form-Ot-5fAA_.js                          31.00 kB │ gzip:   7.81 kB
dist/assets/index-CF6scYOv.js                                                31.59 kB │ gzip:   8.54 kB
dist/assets/index-yAXq698f.js                                                31.80 kB │ gzip:   9.18 kB
dist/assets/member-invite-dialog-BhMmqUeS.js                                 32.52 kB │ gzip:   8.06 kB
dist/assets/leave-ticket-form-G1VnOc0H.js                                    32.97 kB │ gzip:   9.91 kB
dist/assets/index-ByrPKeKG.js                                                33.07 kB │ gzip:   7.88 kB
dist/assets/index-m3R_RLSZ.js                                                33.28 kB │ gzip:   9.72 kB
dist/assets/index-RzjqZKzO.js                                                34.25 kB │ gzip:   8.75 kB
dist/assets/index-BCP6218G.js                                                34.55 kB │ gzip:   8.21 kB
dist/assets/index-DUaf__aH.js                                                35.24 kB │ gzip:   8.93 kB
dist/assets/index-B2HLz35T.js                                                35.92 kB │ gzip:   9.35 kB
dist/assets/index-BImHifIQ.js                                                36.13 kB │ gzip:   9.61 kB
dist/assets/index-Btu9D0rr.js                                                38.02 kB │ gzip:   7.90 kB
dist/assets/production-coordination-report-service-BPfnIBkq.js               38.21 kB │ gzip:   9.86 kB
dist/assets/business-trip-form-Dto_jbVl.js                                   39.58 kB │ gzip:  11.00 kB
dist/assets/index-BQFFHhuE.js                                                40.43 kB │ gzip:  10.10 kB
dist/assets/index-BzOSt-pa.js                                                42.53 kB │ gzip:  11.29 kB
dist/assets/dynamic-form-service-B3thC3KE.js                                 42.58 kB │ gzip:  14.36 kB
dist/assets/use-po-detail-columns-BNlySbyz.js                                43.36 kB │ gzip:   9.70 kB
dist/assets/drawing-form-CdFnPgYn.js                                         43.68 kB │ gzip:  12.84 kB
dist/assets/index-BygYqTnc.js                                                44.55 kB │ gzip:  10.89 kB
dist/assets/printable-document-O03hBU7c.js                                   44.57 kB │ gzip:  14.12 kB
dist/assets/index-n9p7SL-n.js                                                44.65 kB │ gzip:  10.96 kB
dist/assets/planning-form-gYBA9xFZ.js                                        45.31 kB │ gzip:  12.41 kB
dist/assets/goods-issue-receipt-request-form-Bp7-8Csf.js                     46.00 kB │ gzip:   9.94 kB
dist/assets/goods-issue-receipt-form-CwFPgI1C.js                             46.02 kB │ gzip:  10.13 kB
dist/assets/index-CEEtBgC5.js                                                50.94 kB │ gzip:  12.49 kB
dist/assets/acceptance-minute-form-BUFu1kt6.js                               51.02 kB │ gzip:  11.51 kB
dist/assets/index-B8-o7hxa.js                                                51.03 kB │ gzip:  11.97 kB
dist/assets/use-labor-order-detail-filters-AHmnHGE4.js                       51.39 kB │ gzip:  14.64 kB
dist/assets/index-B_oJz3pA.js                                                53.14 kB │ gzip:  14.77 kB
dist/assets/index-D924yCN0.js                                                55.28 kB │ gzip:  14.16 kB
dist/assets/overtime-detail-columns-Bf5kGYwL.js                              58.56 kB │ gzip:  15.04 kB
dist/assets/index-znbKvSVp.js                                                62.05 kB │ gzip:  16.62 kB
dist/assets/detail-DE4cjffd.js                                               62.68 kB │ gzip:  17.23 kB
dist/assets/index-BIlcT1ZQ.js                                                63.99 kB │ gzip:  13.95 kB
dist/assets/index-BY1tz1ZV.js                                                65.83 kB │ gzip:  15.65 kB
dist/assets/customs-declaration-delivery-packaging-table-C_F5qVXA.js         68.06 kB │ gzip:  13.66 kB
dist/assets/maintenance-order-detail-table-CvCOENKq.js                       70.65 kB │ gzip:  14.66 kB
dist/assets/estimate-history-tab-C2y4Q4z1.js                                 71.84 kB │ gzip:  15.86 kB
dist/assets/detail-Ds36CMW2.js                                               72.36 kB │ gzip:  17.52 kB
dist/assets/detail-Dtzu7MZK.js                                               87.82 kB │ gzip:  22.15 kB
dist/assets/detail-C9JyMRf2.js                                              100.22 kB │ gzip:  23.17 kB
dist/assets/finished-good-form-veSGUepm.js                                  100.84 kB │ gzip:  20.74 kB
dist/assets/index-uqTuMxYA.js                                               137.69 kB │ gzip:  28.64 kB
dist/assets/production-order-form-DkW3bgrn.js                               143.46 kB │ gzip:  32.58 kB
dist/assets/design-profile-sub-tabs-viewer-C0xx3q5G.js                      159.37 kB │ gzip:  38.66 kB
dist/assets/delivery-packaging-form-HYaAsP_2.js                             164.90 kB │ gzip:  37.04 kB
dist/assets/client-Dp8LeqHA.js                                              180.77 kB │ gzip:  56.87 kB
dist/assets/installation-order-form-D94LQN3n.js                             241.49 kB │ gzip:  49.58 kB
dist/assets/xlsx-CNerDvZX.js                                                429.19 kB │ gzip: 142.94 kB
dist/assets/index-lpx2-YoA.js                                               519.85 kB │ gzip: 132.72 kB
dist/assets/api-client-TWZUUKW9.js                                          847.14 kB │ gzip: 252.31 kB
dist/assets/xlsx.min-BfZgPKDO.js                                            870.00 kB │ gzip: 322.91 kB
dist/assets/App-BKwwXmCK.js                                               3,354.50 kB │ gzip: 849.71 kB

(!) Some chunks are larger than 500 kB after minification. Consider:
- Using dynamic import() to code-split the application
- Use build.rollupOptions.output.manualChunks to improve chunking: https://rollupjs.org/configuration-options/#output-manualchunks
- Adjust chunk size limit for this warning via build.chunkSizeWarningLimit.
✓ built in 1m 7s
