
> @cogain/hrm@0.0.0 lint C:\Users\Admin\Desktop\CogainCore\cogain-core\frontend\hrm
> eslint .


C:\Users\Admin\Desktop\CogainCore\cogain-core\frontend\hrm\debug.ts
  0:0  error  Parsing error: "parserOptions.project" has been provided for @typescript-eslint/parser.
The file was not found in any of the provided project(s): debug.ts

C:\Users\Admin\Desktop\CogainCore\cogain-core\frontend\hrm\src\components\common\action-button.tsx
  182:9   error    Definition for rule 'sonarjs/nested-conditional' was not found                                                                  sonarjs/nested-conditional
  217:9   error    Definition for rule 'sonarjs/nested-conditional' was not found                                                                  sonarjs/nested-conditional
  240:10  warning  Fast refresh only works when a file only exports components. Use a new file to share constants or functions between components  react-refresh/only-export-components

C:\Users\Admin\Desktop\CogainCore\cogain-core\frontend\hrm\src\components\common\holiday-year-check.tsx
  41:71  error  Unexpected any. Specify a different type  @typescript-eslint/no-explicit-any

C:\Users\Admin\Desktop\CogainCore\cogain-core\frontend\hrm\src\components\form\form-schema-provider.tsx
  16:14  warning  Fast refresh only works when a file only exports components. Use a new file to share constants or functions between components  react-refresh/only-export-components

C:\Users\Admin\Desktop\CogainCore\cogain-core\frontend\hrm\src\components\layout\main-layout\app-sidebar.tsx
  142:6  warning  React Hook useMemo has a missing dependency: 'toConfigMenuItems'. Either include it or remove the dependency array                          react-hooks/exhaustive-deps
  179:5  warning  React Hook useMemo has a missing dependency: 'filterMenuItems'. Either include it or remove the dependency array                            react-hooks/exhaustive-deps
  183:5  warning  React Hook useMemo has a missing dependency: 'filterMenuItems'. Either include it or remove the dependency array                            react-hooks/exhaustive-deps
  237:6  warning  React Hook useMemo has missing dependencies: 'filterMenuItems' and 'toConfigMenuItems'. Either include them or remove the dependency array  react-hooks/exhaustive-deps

C:\Users\Admin\Desktop\CogainCore\cogain-core\frontend\hrm\src\components\provider\generic-signalr-provider.tsx
  157:21  error  Unexpected any. Specify a different type  @typescript-eslint/no-explicit-any

C:\Users\Admin\Desktop\CogainCore\cogain-core\frontend\hrm\src\components\report\project-coordination-report-view.tsx
  167:42  error  Unexpected any. Specify a different type  @typescript-eslint/no-explicit-any

C:\Users\Admin\Desktop\CogainCore\cogain-core\frontend\hrm\src\components\theme-provider.tsx
  65:14  warning  Fast refresh only works when a file only exports components. Use a new file to share constants or functions between components  react-refresh/only-export-components

C:\Users\Admin\Desktop\CogainCore\cogain-core\frontend\hrm\src\enums\permission.enum.ts
  25:3  error  Duplicate enum member value DocFlow.Organization  @typescript-eslint/no-duplicate-enum-values

C:\Users\Admin\Desktop\CogainCore\cogain-core\frontend\hrm\src\hooks\queries\use-production-operation.tsx
  145:22  error  Unexpected any. Specify a different type  @typescript-eslint/no-explicit-any

C:\Users\Admin\Desktop\CogainCore\cogain-core\frontend\hrm\src\hooks\queries\use-resignation-request.tsx
  103:22  error  Unexpected any. Specify a different type  @typescript-eslint/no-explicit-any
  116:22  error  Unexpected any. Specify a different type  @typescript-eslint/no-explicit-any
  132:22  error  Unexpected any. Specify a different type  @typescript-eslint/no-explicit-any
  145:22  error  Unexpected any. Specify a different type  @typescript-eslint/no-explicit-any
  157:22  error  Unexpected any. Specify a different type  @typescript-eslint/no-explicit-any
  171:22  error  Unexpected any. Specify a different type  @typescript-eslint/no-explicit-any
  193:22  error  Unexpected any. Specify a different type  @typescript-eslint/no-explicit-any
  217:22  error  Unexpected any. Specify a different type  @typescript-eslint/no-explicit-any

C:\Users\Admin\Desktop\CogainCore\cogain-core\frontend\hrm\src\lib\utils.ts
  120:11  error  Unexpected any. Specify a different type  @typescript-eslint/no-explicit-any

C:\Users\Admin\Desktop\CogainCore\cogain-core\frontend\hrm\src\routes\_app\admin\adjustment-category\_components\adjustment-category-form.tsx
  66:65  error  Unexpected any. Specify a different type  @typescript-eslint/no-explicit-any

C:\Users\Admin\Desktop\CogainCore\cogain-core\frontend\hrm\src\routes\_app\admin\adjustment-category\index.tsx
  397:5  warning  React Hook useMemo has unnecessary dependencies: 'filtering', 'handlePaginationChange', 'handleSortingChange', and 'sorting'. Either exclude them or remove the dependency array  react-hooks/exhaustive-deps

C:\Users\Admin\Desktop\CogainCore\cogain-core\frontend\hrm\src\routes\_app\admin\adjustment-ticket\$id\detail.tsx
  203:6   warning  React Hook useMemo has a missing dependency: 'getCategory'. Either include it or remove the dependency array                                         react-hooks/exhaustive-deps
  229:27  error    Unexpected any. Specify a different type                                                                                                             @typescript-eslint/no-explicit-any
  367:5   warning  React Hook useMemo has missing dependencies: 'getCategory', 'getEmployee', and 'handleDownload'. Either include them or remove the dependency array  react-hooks/exhaustive-deps

C:\Users\Admin\Desktop\CogainCore\cogain-core\frontend\hrm\src\routes\_app\admin\adjustment-ticket\_components\adjustment-ticket-attachment.tsx
  46:23  error  Unexpected any. Specify a different type  @typescript-eslint/no-explicit-any

C:\Users\Admin\Desktop\CogainCore\cogain-core\frontend\hrm\src\routes\_app\admin\adjustment-ticket\_components\adjustment-ticket-detail-table.tsx
  143:41  error  Unexpected any. Specify a different type  @typescript-eslint/no-explicit-any
  162:43  error  Unexpected any. Specify a different type  @typescript-eslint/no-explicit-any
  204:39  error  Unexpected any. Specify a different type  @typescript-eslint/no-explicit-any
  214:13  error  'id' is assigned a value but never used   @typescript-eslint/no-unused-vars

C:\Users\Admin\Desktop\CogainCore\cogain-core\frontend\hrm\src\routes\_app\admin\adjustment-ticket\_components\adjustment-ticket-form.tsx
  234:41  error    Unexpected any. Specify a different type                                                                                                                                                                                                   @typescript-eslint/no-explicit-any
  253:43  error    Unexpected any. Specify a different type                                                                                                                                                                                                   @typescript-eslint/no-explicit-any
  285:24  error    '_details' is assigned a value but never used                                                                                                                                                                                              @typescript-eslint/no-unused-vars
  324:9   warning  The 'details' logical expression could make the dependencies of useEffect Hook (at line 348) change on every render. Move it inside the useEffect callback. Alternatively, wrap the initialization of 'details' in its own useMemo() Hook  react-hooks/exhaustive-deps

C:\Users\Admin\Desktop\CogainCore\cogain-core\frontend\hrm\src\routes\_app\admin\adjustment-ticket\index.tsx
  152:9   warning  The 'detailItems' logical expression could make the dependencies of useMemo Hook (at line 222) change on every render. Move it inside the useMemo callback. Alternatively, wrap the initialization of 'detailItems' in its own useMemo() Hook  react-hooks/exhaustive-deps
  280:13  error    Empty block statement                                                                                                                                                                                                                          no-empty
  623:5   warning  React Hook useMemo has missing dependencies: 'getEmployee' and 'handleDownload'. Either include them or remove the dependency array                                                                                                            react-hooks/exhaustive-deps

C:\Users\Admin\Desktop\CogainCore\cogain-core\frontend\hrm\src\routes\_app\admin\applicants\_components\applicant-attachment-item.tsx
  20:17  warning  Fast refresh only works when a file only exports components. Use a new file to share constants or functions between components  react-refresh/only-export-components
  28:17  warning  Fast refresh only works when a file only exports components. Use a new file to share constants or functions between components  react-refresh/only-export-components

C:\Users\Admin\Desktop\CogainCore\cogain-core\frontend\hrm\src\routes\_app\admin\applicants\_components\applicant-attachment-section.tsx
  29:23  error  Unexpected any. Specify a different type  @typescript-eslint/no-explicit-any

C:\Users\Admin\Desktop\CogainCore\cogain-core\frontend\hrm\src\routes\_app\admin\applicants\_components\applicant-form.tsx
   81:33  error  Unexpected any. Specify a different type  @typescript-eslint/no-explicit-any
  212:48  error  Unexpected any. Specify a different type  @typescript-eslint/no-explicit-any
  215:43  error  Unexpected any. Specify a different type  @typescript-eslint/no-explicit-any
  236:32  error  Unexpected any. Specify a different type  @typescript-eslint/no-explicit-any
  238:43  error  Unexpected any. Specify a different type  @typescript-eslint/no-explicit-any

C:\Users\Admin\Desktop\CogainCore\cogain-core\frontend\hrm\src\routes\_app\admin\applicants\_components\applicant-item-card.tsx
   21:23  error  Unexpected any. Specify a different type  @typescript-eslint/no-explicit-any
   95:40  error  Unexpected any. Specify a different type  @typescript-eslint/no-explicit-any
  124:40  error  Unexpected any. Specify a different type  @typescript-eslint/no-explicit-any

C:\Users\Admin\Desktop\CogainCore\cogain-core\frontend\hrm\src\routes\_app\admin\company-info\_components\company-info-form.tsx
  15:14  warning  Fast refresh only works when a file only exports components. Use a new file to share constants or functions between components  react-refresh/only-export-components
  34:17  error    Unexpected any. Specify a different type                                                                                        @typescript-eslint/no-explicit-any

C:\Users\Admin\Desktop\CogainCore\cogain-core\frontend\hrm\src\routes\_app\admin\holiday\index.tsx
   30:25  error  Unexpected any. Specify a different type  @typescript-eslint/no-explicit-any
   31:37  error  Unexpected any. Specify a different type  @typescript-eslint/no-explicit-any
  170:25  error  Unexpected any. Specify a different type  @typescript-eslint/no-explicit-any
  171:37  error  Unexpected any. Specify a different type  @typescript-eslint/no-explicit-any
  190:27  error  Unexpected any. Specify a different type  @typescript-eslint/no-explicit-any
  218:31  error  Unexpected any. Specify a different type  @typescript-eslint/no-explicit-any
  372:25  error  Unexpected any. Specify a different type  @typescript-eslint/no-explicit-any
  373:23  error  Unexpected any. Specify a different type  @typescript-eslint/no-explicit-any
  568:56  error  Unexpected any. Specify a different type  @typescript-eslint/no-explicit-any

C:\Users\Admin\Desktop\CogainCore\cogain-core\frontend\hrm\src\routes\_app\admin\kpi-frame-group\_components\kpi-frame-group-form.tsx
   32:26  error    Unexpected any. Specify a different type                                                                      @typescript-eslint/no-explicit-any
   76:47  error    Unexpected any. Specify a different type                                                                      @typescript-eslint/no-explicit-any
  110:6   warning  React Hook useEffect has a missing dependency: 'resetForm'. Either include it or remove the dependency array  react-hooks/exhaustive-deps
  134:54  error    Unexpected any. Specify a different type                                                                      @typescript-eslint/no-explicit-any
  140:66  error    Unexpected any. Specify a different type                                                                      @typescript-eslint/no-explicit-any

C:\Users\Admin\Desktop\CogainCore\cogain-core\frontend\hrm\src\routes\_app\admin\kpi-frame-group\index.tsx
  225:27  error    Unexpected any. Specify a different type                                                                                                                           @typescript-eslint/no-explicit-any
  436:5   warning  React Hook useMemo has unnecessary dependencies: 'typeDropdownQuery.error' and 'typeDropdownQuery.isFetching'. Either exclude them or remove the dependency array  react-hooks/exhaustive-deps
  520:33  error    Unexpected any. Specify a different type                                                                                                                           @typescript-eslint/no-explicit-any

C:\Users\Admin\Desktop\CogainCore\cogain-core\frontend\hrm\src\routes\_app\admin\kpi-frame-type\_components\kpi-frame-type-form.tsx
   28:26  error    Unexpected any. Specify a different type                                                                      @typescript-eslint/no-explicit-any
   61:47  error    Unexpected any. Specify a different type                                                                      @typescript-eslint/no-explicit-any
   89:6   warning  React Hook useEffect has a missing dependency: 'resetForm'. Either include it or remove the dependency array  react-hooks/exhaustive-deps
  106:54  error    Unexpected any. Specify a different type                                                                      @typescript-eslint/no-explicit-any
  112:66  error    Unexpected any. Specify a different type                                                                      @typescript-eslint/no-explicit-any

C:\Users\Admin\Desktop\CogainCore\cogain-core\frontend\hrm\src\routes\_app\admin\kpi-frame-type\index.tsx
  124:27  error  Unexpected any. Specify a different type  @typescript-eslint/no-explicit-any
  368:29  error  Unexpected any. Specify a different type  @typescript-eslint/no-explicit-any

C:\Users\Admin\Desktop\CogainCore\cogain-core\frontend\hrm\src\routes\_app\admin\kpi-frame\_components\kpi-frame-detail-table.tsx
  497:37  error  Unexpected any. Specify a different type  @typescript-eslint/no-explicit-any

C:\Users\Admin\Desktop\CogainCore\cogain-core\frontend\hrm\src\routes\_app\admin\kpi-frame\_components\kpi-frame-form.tsx
    78:26  error    Unexpected any. Specify a different type                                                                      @typescript-eslint/no-explicit-any
   368:42  error    Unexpected any. Specify a different type                                                                      @typescript-eslint/no-explicit-any
   541:6   warning  React Hook useEffect has a missing dependency: 'resetForm'. Either include it or remove the dependency array  react-hooks/exhaustive-deps
   659:34  error    Unexpected any. Specify a different type                                                                      @typescript-eslint/no-explicit-any
  1540:65  error    Unexpected any. Specify a different type                                                                      @typescript-eslint/no-explicit-any
  1923:65  error    Unexpected any. Specify a different type                                                                      @typescript-eslint/no-explicit-any
  2173:37  error    Unexpected any. Specify a different type                                                                      @typescript-eslint/no-explicit-any

C:\Users\Admin\Desktop\CogainCore\cogain-core\frontend\hrm\src\routes\_app\admin\kpi-frame\_components\kpi-frame-guideline-dialog.tsx
   23:23  error  Unexpected any. Specify a different type  @typescript-eslint/no-explicit-any
   56:28  error  Unexpected any. Specify a different type  @typescript-eslint/no-explicit-any
  142:61  error  Unexpected any. Specify a different type  @typescript-eslint/no-explicit-any

C:\Users\Admin\Desktop\CogainCore\cogain-core\frontend\hrm\src\routes\_app\admin\kpi-frame\_components\kpi-frame-job-post-dialog.tsx
    8:9   error  Unexpected any. Specify a different type  @typescript-eslint/no-explicit-any
   39:41  error  Unexpected any. Specify a different type  @typescript-eslint/no-explicit-any
   44:23  error  Unexpected any. Specify a different type  @typescript-eslint/no-explicit-any
   59:17  error  Unexpected any. Specify a different type  @typescript-eslint/no-explicit-any
   60:14  error  Unexpected any. Specify a different type  @typescript-eslint/no-explicit-any
   65:17  error  Unexpected any. Specify a different type  @typescript-eslint/no-explicit-any
   66:14  error  Unexpected any. Specify a different type  @typescript-eslint/no-explicit-any
   73:17  error  Unexpected any. Specify a different type  @typescript-eslint/no-explicit-any
   74:14  error  Unexpected any. Specify a different type  @typescript-eslint/no-explicit-any
   88:17  error  Unexpected any. Specify a different type  @typescript-eslint/no-explicit-any
   89:14  error  Unexpected any. Specify a different type  @typescript-eslint/no-explicit-any
   94:17  error  Unexpected any. Specify a different type  @typescript-eslint/no-explicit-any
   95:14  error  Unexpected any. Specify a different type  @typescript-eslint/no-explicit-any
  100:17  error  Unexpected any. Specify a different type  @typescript-eslint/no-explicit-any
  101:14  error  Unexpected any. Specify a different type  @typescript-eslint/no-explicit-any
  106:14  error  Unexpected any. Specify a different type  @typescript-eslint/no-explicit-any

C:\Users\Admin\Desktop\CogainCore\cogain-core\frontend\hrm\src\routes\_app\admin\kpi-frame\index.tsx
  195:27  error  Unexpected any. Specify a different type  @typescript-eslint/no-explicit-any
  582:29  error  Unexpected any. Specify a different type  @typescript-eslint/no-explicit-any

C:\Users\Admin\Desktop\CogainCore\cogain-core\frontend\hrm\src\routes\_app\admin\kpi-group\index.tsx
  222:27  error    Unexpected any. Specify a different type                                                                            @typescript-eslint/no-explicit-any
  411:5   warning  React Hook useMemo has a missing dependency: 'typeDropdownQuery'. Either include it or remove the dependency array  react-hooks/exhaustive-deps

C:\Users\Admin\Desktop\CogainCore\cogain-core\frontend\hrm\src\routes\_app\admin\kpi-set-group\index.tsx
  236:27  error    Unexpected any. Specify a different type                                                                                                                                                                                               @typescript-eslint/no-explicit-any
  447:5   warning  React Hook useMemo has unnecessary dependencies: 'getAllQuery.data', 'getAllQuery.error', 'getAllQuery.isFetching', 'typeDropdownQuery.error', and 'typeDropdownQuery.isFetching'. Either exclude them or remove the dependency array  react-hooks/exhaustive-deps

C:\Users\Admin\Desktop\CogainCore\cogain-core\frontend\hrm\src\routes\_app\admin\kpi-set-type\index.tsx
  124:27  error  Unexpected any. Specify a different type  @typescript-eslint/no-explicit-any
  358:29  error  Unexpected any. Specify a different type  @typescript-eslint/no-explicit-any

C:\Users\Admin\Desktop\CogainCore\cogain-core\frontend\hrm\src\routes\_app\admin\kpi-set\_components\kpi-set-form.tsx
   54:26  error    Unexpected any. Specify a different type                                                                      @typescript-eslint/no-explicit-any
   91:21  error    Unexpected any. Specify a different type                                                                      @typescript-eslint/no-explicit-any
  239:47  error    Unexpected any. Specify a different type                                                                      @typescript-eslint/no-explicit-any
  302:6   warning  React Hook useEffect has a missing dependency: 'resetForm'. Either include it or remove the dependency array  react-hooks/exhaustive-deps
  373:34  error    Unexpected any. Specify a different type                                                                      @typescript-eslint/no-explicit-any
  377:54  error    Unexpected any. Specify a different type                                                                      @typescript-eslint/no-explicit-any
  383:66  error    Unexpected any. Specify a different type                                                                      @typescript-eslint/no-explicit-any

C:\Users\Admin\Desktop\CogainCore\cogain-core\frontend\hrm\src\routes\_app\admin\kpi-set\index.tsx
  149:27  error  Unexpected any. Specify a different type  @typescript-eslint/no-explicit-any
  438:29  error  Unexpected any. Specify a different type  @typescript-eslint/no-explicit-any

C:\Users\Admin\Desktop\CogainCore\cogain-core\frontend\hrm\src\routes\_app\admin\kpi-type\index.tsx
  132:27  error  Unexpected any. Specify a different type  @typescript-eslint/no-explicit-any

C:\Users\Admin\Desktop\CogainCore\cogain-core\frontend\hrm\src\routes\_app\admin\kpi\_components\kpi-form.tsx
   31:26  error    Unexpected any. Specify a different type                                                                      @typescript-eslint/no-explicit-any
   64:47  error    Unexpected any. Specify a different type                                                                      @typescript-eslint/no-explicit-any
   95:6   warning  React Hook useEffect has a missing dependency: 'resetForm'. Either include it or remove the dependency array  react-hooks/exhaustive-deps
  119:54  error    Unexpected any. Specify a different type                                                                      @typescript-eslint/no-explicit-any
  125:66  error    Unexpected any. Specify a different type                                                                      @typescript-eslint/no-explicit-any

C:\Users\Admin\Desktop\CogainCore\cogain-core\frontend\hrm\src\routes\_app\admin\kpi\index.tsx
  135:27  error  Unexpected any. Specify a different type  @typescript-eslint/no-explicit-any
  400:29  error  Unexpected any. Specify a different type  @typescript-eslint/no-explicit-any

C:\Users\Admin\Desktop\CogainCore\cogain-core\frontend\hrm\src\routes\_app\admin\recruitment-request\$id\index.tsx
  164:29  error  Unexpected any. Specify a different type  @typescript-eslint/no-explicit-any

C:\Users\Admin\Desktop\CogainCore\cogain-core\frontend\hrm\src\routes\_app\admin\recruitment-request\-components\recruitment-post-dialog.tsx
  152:50  error    Unexpected any. Specify a different type                                                                                    @typescript-eslint/no-explicit-any
  304:3   warning  Unused eslint-enable directive (no matching eslint-disable directives were found for '@typescript-eslint/no-explicit-any')
  484:14  error    'err' is defined but never used                                                                                             @typescript-eslint/no-unused-vars
  491:16  error    'fallbackErr' is defined but never used                                                                                     @typescript-eslint/no-unused-vars

C:\Users\Admin\Desktop\CogainCore\cogain-core\frontend\hrm\src\routes\_app\admin\recruitment-request\index.tsx
  263:6  warning  React Hook useMemo has an unnecessary dependency: 'items'. Either exclude it or remove the dependency array      react-hooks/exhaustive-deps
  303:6  warning  React Hook useEffect has a missing dependency: 'searchParams'. Either include it or remove the dependency array  react-hooks/exhaustive-deps

C:\Users\Admin\Desktop\CogainCore\cogain-core\frontend\hrm\src\routes\_app\admin\shift\_components\shift-detail.tsx
  32:6  warning  React Hook useEffect has a missing dependency: 'inputValue'. Either include it or remove the dependency array  react-hooks/exhaustive-deps

C:\Users\Admin\Desktop\CogainCore\cogain-core\frontend\hrm\src\routes\_app\admin\shift\index.tsx
  376:5  warning  React Hook useMemo has a missing dependency: 'handleDelete'. Either include it or remove the dependency array  react-hooks/exhaustive-deps

C:\Users\Admin\Desktop\CogainCore\cogain-core\frontend\hrm\src\routes\_app\employee-adjustment\$id\index.tsx
   195:64   error  Unexpected any. Specify a different type  @typescript-eslint/no-explicit-any
   197:41   error  Unexpected any. Specify a different type  @typescript-eslint/no-explicit-any
   200:41   error  Unexpected any. Specify a different type  @typescript-eslint/no-explicit-any
   323:40   error  Unexpected any. Specify a different type  @typescript-eslint/no-explicit-any
   334:39   error  Unexpected any. Specify a different type  @typescript-eslint/no-explicit-any
   342:27   error  Unexpected any. Specify a different type  @typescript-eslint/no-explicit-any
   369:57   error  Unexpected any. Specify a different type  @typescript-eslint/no-explicit-any
   370:59   error  Unexpected any. Specify a different type  @typescript-eslint/no-explicit-any
   371:67   error  Unexpected any. Specify a different type  @typescript-eslint/no-explicit-any
   372:93   error  Unexpected any. Specify a different type  @typescript-eslint/no-explicit-any
   373:93   error  Unexpected any. Specify a different type  @typescript-eslint/no-explicit-any
   374:90   error  Unexpected any. Specify a different type  @typescript-eslint/no-explicit-any
   375:99   error  Unexpected any. Specify a different type  @typescript-eslint/no-explicit-any
   440:45   error  Unexpected any. Specify a different type  @typescript-eslint/no-explicit-any
   484:13   error  Unexpected any. Specify a different type  @typescript-eslint/no-explicit-any
   485:13   error  Unexpected any. Specify a different type  @typescript-eslint/no-explicit-any
   486:23   error  Unexpected any. Specify a different type  @typescript-eslint/no-explicit-any
  1138:88   error  Unexpected any. Specify a different type  @typescript-eslint/no-explicit-any
  1139:102  error  Unexpected any. Specify a different type  @typescript-eslint/no-explicit-any
  1140:94   error  Unexpected any. Specify a different type  @typescript-eslint/no-explicit-any
  1234:83   error  Unexpected any. Specify a different type  @typescript-eslint/no-explicit-any
  1236:39   error  Unexpected any. Specify a different type  @typescript-eslint/no-explicit-any
  1243:41   error  Unexpected any. Specify a different type  @typescript-eslint/no-explicit-any
  1249:41   error  Unexpected any. Specify a different type  @typescript-eslint/no-explicit-any
  1256:41   error  Unexpected any. Specify a different type  @typescript-eslint/no-explicit-any
  1262:41   error  Unexpected any. Specify a different type  @typescript-eslint/no-explicit-any
  1371:86   error  Unexpected any. Specify a different type  @typescript-eslint/no-explicit-any
  1374:41   error  Unexpected any. Specify a different type  @typescript-eslint/no-explicit-any
  1486:84   error  Unexpected any. Specify a different type  @typescript-eslint/no-explicit-any
  1487:87   error  Unexpected any. Specify a different type  @typescript-eslint/no-explicit-any
  1581:81   error  Unexpected any. Specify a different type  @typescript-eslint/no-explicit-any
  1582:89   error  Unexpected any. Specify a different type  @typescript-eslint/no-explicit-any
  1666:85   error  Unexpected any. Specify a different type  @typescript-eslint/no-explicit-any
  1667:106  error  Unexpected any. Specify a different type  @typescript-eslint/no-explicit-any

C:\Users\Admin\Desktop\CogainCore\cogain-core\frontend\hrm\src\routes\_app\employee-adjustment\-components\adjustment-changes-popover.tsx
  46:23  error  Unexpected any. Specify a different type  @typescript-eslint/no-explicit-any
  68:18  error  Unexpected any. Specify a different type  @typescript-eslint/no-explicit-any
  69:22  error  Unexpected any. Specify a different type  @typescript-eslint/no-explicit-any
  72:13  error  Empty block statement                     no-empty
  75:13  error  Empty block statement                     no-empty
  77:39  error  Unexpected any. Specify a different type  @typescript-eslint/no-explicit-any
  79:35  error  Unexpected any. Specify a different type  @typescript-eslint/no-explicit-any
  81:35  error  Unexpected any. Specify a different type  @typescript-eslint/no-explicit-any

C:\Users\Admin\Desktop\CogainCore\cogain-core\frontend\hrm\src\routes\_app\employee-adjustment\-components\adjustment-info.tsx
  52:54  error  Unexpected any. Specify a different type  @typescript-eslint/no-explicit-any
  53:56  error  Unexpected any. Specify a different type  @typescript-eslint/no-explicit-any
  54:64  error  Unexpected any. Specify a different type  @typescript-eslint/no-explicit-any
  55:62  error  Unexpected any. Specify a different type  @typescript-eslint/no-explicit-any
  62:40  error  Unexpected any. Specify a different type  @typescript-eslint/no-explicit-any
  73:39  error  Unexpected any. Specify a different type  @typescript-eslint/no-explicit-any
  93:73  error  Unexpected any. Specify a different type  @typescript-eslint/no-explicit-any

C:\Users\Admin\Desktop\CogainCore\cogain-core\frontend\hrm\src\routes\_app\employee-adjustment\-components\adjustment-report-tab.tsx
   46:47  error    Unexpected any. Specify a different type                                                                                                                                                                                               @typescript-eslint/no-explicit-any
   54:49  error    Unexpected any. Specify a different type                                                                                                                                                                                               @typescript-eslint/no-explicit-any
   65:51  error    Unexpected any. Specify a different type                                                                                                                                                                                               @typescript-eslint/no-explicit-any
   76:48  error    Unexpected any. Specify a different type                                                                                                                                                                                               @typescript-eslint/no-explicit-any
   87:47  error    Unexpected any. Specify a different type                                                                                                                                                                                               @typescript-eslint/no-explicit-any
   98:33  error    Unexpected any. Specify a different type                                                                                                                                                                                               @typescript-eslint/no-explicit-any
   98:57  error    Unexpected any. Specify a different type                                                                                                                                                                                               @typescript-eslint/no-explicit-any
  109:36  error    Unexpected any. Specify a different type                                                                                                                                                                                               @typescript-eslint/no-explicit-any
  109:60  error    Unexpected any. Specify a different type                                                                                                                                                                                               @typescript-eslint/no-explicit-any
  120:46  error    Unexpected any. Specify a different type                                                                                                                                                                                               @typescript-eslint/no-explicit-any
  143:9   warning  The 'rawList' logical expression could make the dependencies of useMemo Hook (at line 162) change on every render. Move it inside the useMemo callback. Alternatively, wrap the initialization of 'rawList' in its own useMemo() Hook  react-hooks/exhaustive-deps
  174:18  error    Unexpected any. Specify a different type                                                                                                                                                                                               @typescript-eslint/no-explicit-any
  183:39  error    Unexpected any. Specify a different type                                                                                                                                                                                               @typescript-eslint/no-explicit-any
  184:55  error    Unexpected any. Specify a different type                                                                                                                                                                                               @typescript-eslint/no-explicit-any
  185:55  error    Unexpected any. Specify a different type                                                                                                                                                                                               @typescript-eslint/no-explicit-any
  243:50  error    Unexpected any. Specify a different type                                                                                                                                                                                               @typescript-eslint/no-explicit-any
  243:92  error    Unexpected any. Specify a different type                                                                                                                                                                                               @typescript-eslint/no-explicit-any
  272:19  error    Unexpected any. Specify a different type                                                                                                                                                                                               @typescript-eslint/no-explicit-any
  393:36  error    Unexpected any. Specify a different type                                                                                                                                                                                               @typescript-eslint/no-explicit-any

C:\Users\Admin\Desktop\CogainCore\cogain-core\frontend\hrm\src\routes\_app\employee-adjustment\-components\bulk-adjustment-dialog.tsx
    59:17  error  Unexpected any. Specify a different type         @typescript-eslint/no-explicit-any
   100:47  error  Unexpected any. Specify a different type         @typescript-eslint/no-explicit-any
   112:44  error  Unexpected any. Specify a different type         @typescript-eslint/no-explicit-any
   124:49  error  Unexpected any. Specify a different type         @typescript-eslint/no-explicit-any
   133:51  error  Unexpected any. Specify a different type         @typescript-eslint/no-explicit-any
   144:46  error  Unexpected any. Specify a different type         @typescript-eslint/no-explicit-any
   153:48  error  Unexpected any. Specify a different type         @typescript-eslint/no-explicit-any
   164:45  error  Unexpected any. Specify a different type         @typescript-eslint/no-explicit-any
   173:47  error  Unexpected any. Specify a different type         @typescript-eslint/no-explicit-any
   184:49  error  Unexpected any. Specify a different type         @typescript-eslint/no-explicit-any
   232:31  error  Unexpected any. Specify a different type         @typescript-eslint/no-explicit-any
   236:31  error  Unexpected any. Specify a different type         @typescript-eslint/no-explicit-any
   238:31  error  Unexpected any. Specify a different type         @typescript-eslint/no-explicit-any
   332:12  error  Unexpected any. Specify a different type         @typescript-eslint/no-explicit-any
   334:43  error  Unexpected any. Specify a different type         @typescript-eslint/no-explicit-any
   337:35  error  Unexpected any. Specify a different type         @typescript-eslint/no-explicit-any
   339:35  error  Unexpected any. Specify a different type         @typescript-eslint/no-explicit-any
   340:35  error  Unexpected any. Specify a different type         @typescript-eslint/no-explicit-any
   375:19  error  Unexpected any. Specify a different type         @typescript-eslint/no-explicit-any
   428:48  error  Unexpected any. Specify a different type         @typescript-eslint/no-explicit-any
   432:47  error  Unexpected any. Specify a different type         @typescript-eslint/no-explicit-any
   436:45  error  Unexpected any. Specify a different type         @typescript-eslint/no-explicit-any
   463:19  error  Unexpected any. Specify a different type         @typescript-eslint/no-explicit-any
   472:35  error  Unexpected any. Specify a different type         @typescript-eslint/no-explicit-any
   477:32  error  Unexpected any. Specify a different type         @typescript-eslint/no-explicit-any
   482:31  error  Unexpected any. Specify a different type         @typescript-eslint/no-explicit-any
   486:44  error  Unexpected any. Specify a different type         @typescript-eslint/no-explicit-any
   487:35  error  Unexpected any. Specify a different type         @typescript-eslint/no-explicit-any
   537:19  error  Unexpected any. Specify a different type         @typescript-eslint/no-explicit-any
   617:34  error  Unexpected any. Specify a different type         @typescript-eslint/no-explicit-any
   619:34  error  Unexpected any. Specify a different type         @typescript-eslint/no-explicit-any
   688:11  error  'errorCount' is assigned a value but never used  @typescript-eslint/no-unused-vars
   703:19  error  Unexpected any. Specify a different type         @typescript-eslint/no-explicit-any
   800:40  error  Unexpected any. Specify a different type         @typescript-eslint/no-explicit-any
   868:42  error  Unexpected any. Specify a different type         @typescript-eslint/no-explicit-any
   896:42  error  Unexpected any. Specify a different type         @typescript-eslint/no-explicit-any
  1001:56  error  Unexpected any. Specify a different type         @typescript-eslint/no-explicit-any
  1037:56  error  Unexpected any. Specify a different type         @typescript-eslint/no-explicit-any
  1073:56  error  Unexpected any. Specify a different type         @typescript-eslint/no-explicit-any

C:\Users\Admin\Desktop\CogainCore\cogain-core\frontend\hrm\src\routes\_app\employee-adjustment\-components\employee-adjustment-form.tsx
   114:34  error  Unexpected any. Specify a different type  @typescript-eslint/no-explicit-any
   367:38  error  Unexpected any. Specify a different type  @typescript-eslint/no-explicit-any
   367:58  error  Unexpected any. Specify a different type  @typescript-eslint/no-explicit-any
   380:42  error  Unexpected any. Specify a different type  @typescript-eslint/no-explicit-any
   380:62  error  Unexpected any. Specify a different type  @typescript-eslint/no-explicit-any
   393:38  error  Unexpected any. Specify a different type  @typescript-eslint/no-explicit-any
   393:58  error  Unexpected any. Specify a different type  @typescript-eslint/no-explicit-any
   406:35  error  Unexpected any. Specify a different type  @typescript-eslint/no-explicit-any
   406:55  error  Unexpected any. Specify a different type  @typescript-eslint/no-explicit-any
   419:34  error  Unexpected any. Specify a different type  @typescript-eslint/no-explicit-any
   419:54  error  Unexpected any. Specify a different type  @typescript-eslint/no-explicit-any
   432:35  error  Unexpected any. Specify a different type  @typescript-eslint/no-explicit-any
   432:55  error  Unexpected any. Specify a different type  @typescript-eslint/no-explicit-any
   474:41  error  Unexpected any. Specify a different type  @typescript-eslint/no-explicit-any
   475:50  error  Unexpected any. Specify a different type  @typescript-eslint/no-explicit-any
   476:25  error  Unexpected any. Specify a different type  @typescript-eslint/no-explicit-any
   556:45  error  Unexpected any. Specify a different type  @typescript-eslint/no-explicit-any
   616:24  error  Unexpected any. Specify a different type  @typescript-eslint/no-explicit-any
   617:20  error  Unexpected any. Specify a different type  @typescript-eslint/no-explicit-any
   635:43  error  Unexpected any. Specify a different type  @typescript-eslint/no-explicit-any
   664:37  error  Unexpected any. Specify a different type  @typescript-eslint/no-explicit-any
   667:39  error  Unexpected any. Specify a different type  @typescript-eslint/no-explicit-any
   669:39  error  Unexpected any. Specify a different type  @typescript-eslint/no-explicit-any
   754:50  error  Unexpected any. Specify a different type  @typescript-eslint/no-explicit-any
   770:58  error  Unexpected any. Specify a different type  @typescript-eslint/no-explicit-any
   778:54  error  Unexpected any. Specify a different type  @typescript-eslint/no-explicit-any
   810:33  error  Unexpected any. Specify a different type  @typescript-eslint/no-explicit-any
   816:55  error  Unexpected any. Specify a different type  @typescript-eslint/no-explicit-any
   817:55  error  Unexpected any. Specify a different type  @typescript-eslint/no-explicit-any
   918:42  error  Unexpected any. Specify a different type  @typescript-eslint/no-explicit-any
   934:58  error  Unexpected any. Specify a different type  @typescript-eslint/no-explicit-any
   942:54  error  Unexpected any. Specify a different type  @typescript-eslint/no-explicit-any
   954:41  error  Unexpected any. Specify a different type  @typescript-eslint/no-explicit-any
   963:38  error  Unexpected any. Specify a different type  @typescript-eslint/no-explicit-any
   971:42  error  Unexpected any. Specify a different type  @typescript-eslint/no-explicit-any
  1079:21  error  Unexpected any. Specify a different type  @typescript-eslint/no-explicit-any
  1085:30  error  Unexpected any. Specify a different type  @typescript-eslint/no-explicit-any
  1125:43  error  Unexpected any. Specify a different type  @typescript-eslint/no-explicit-any
  1130:64  error  Unexpected any. Specify a different type  @typescript-eslint/no-explicit-any
  1131:38  error  Unexpected any. Specify a different type  @typescript-eslint/no-explicit-any
  1243:57  error  Unexpected any. Specify a different type  @typescript-eslint/no-explicit-any
  2902:95  error  Unexpected any. Specify a different type  @typescript-eslint/no-explicit-any
  2903:79  error  Unexpected any. Specify a different type  @typescript-eslint/no-explicit-any

C:\Users\Admin\Desktop\CogainCore\cogain-core\frontend\hrm\src\routes\_app\employee-adjustment\-components\monthly-profile-checklist-tab.tsx
   133:14  warning  Fast refresh only works when a file only exports components. Use a new file to share constants or functions between components  react-refresh/only-export-components
   144:17  warning  Fast refresh only works when a file only exports components. Use a new file to share constants or functions between components  react-refresh/only-export-components
   144:44  error    Unexpected any. Specify a different type                                                                                        @typescript-eslint/no-explicit-any
   168:37  error    Unexpected any. Specify a different type                                                                                        @typescript-eslint/no-explicit-any
   175:48  error    Unnecessary escape character: \/                                                                                                no-useless-escape
   175:62  error    Unnecessary escape character: \/                                                                                                no-useless-escape
   191:34  error    Unexpected any. Specify a different type                                                                                        @typescript-eslint/no-explicit-any
   197:33  error    Unexpected any. Specify a different type                                                                                        @typescript-eslint/no-explicit-any
   219:14  warning  Fast refresh only works when a file only exports components. Use a new file to share constants or functions between components  react-refresh/only-export-components
   225:9   error    Unexpected any. Specify a different type                                                                                        @typescript-eslint/no-explicit-any
   427:84  error    Unexpected any. Specify a different type                                                                                        @typescript-eslint/no-explicit-any
   563:12  error    Unexpected any. Specify a different type                                                                                        @typescript-eslint/no-explicit-any
   603:46  error    Unexpected any. Specify a different type                                                                                        @typescript-eslint/no-explicit-any
   609:46  error    Unexpected any. Specify a different type                                                                                        @typescript-eslint/no-explicit-any
   615:48  error    Unexpected any. Specify a different type                                                                                        @typescript-eslint/no-explicit-any
   621:47  error    Unexpected any. Specify a different type                                                                                        @typescript-eslint/no-explicit-any
   627:48  error    Unexpected any. Specify a different type                                                                                        @typescript-eslint/no-explicit-any
   633:53  error    Unexpected any. Specify a different type                                                                                        @typescript-eslint/no-explicit-any
   641:47  error    Unexpected any. Specify a different type                                                                                        @typescript-eslint/no-explicit-any
   647:46  error    Unexpected any. Specify a different type                                                                                        @typescript-eslint/no-explicit-any
   658:69  error    Unexpected any. Specify a different type                                                                                        @typescript-eslint/no-explicit-any
   663:75  error    Unexpected any. Specify a different type                                                                                        @typescript-eslint/no-explicit-any
   668:78  error    Unexpected any. Specify a different type                                                                                        @typescript-eslint/no-explicit-any
   709:78  error    Unexpected any. Specify a different type                                                                                        @typescript-eslint/no-explicit-any
   795:37  error    Unexpected any. Specify a different type                                                                                        @typescript-eslint/no-explicit-any
   795:68  error    Unexpected any. Specify a different type                                                                                        @typescript-eslint/no-explicit-any
   799:34  error    Unexpected any. Specify a different type                                                                                        @typescript-eslint/no-explicit-any
   799:62  error    Unexpected any. Specify a different type                                                                                        @typescript-eslint/no-explicit-any
   817:80  error    Unexpected any. Specify a different type                                                                                        @typescript-eslint/no-explicit-any
   824:68  error    Unexpected any. Specify a different type                                                                                        @typescript-eslint/no-explicit-any
   836:26  error    Unexpected any. Specify a different type                                                                                        @typescript-eslint/no-explicit-any
   837:30  error    Unexpected any. Specify a different type                                                                                        @typescript-eslint/no-explicit-any
   840:15  error    Empty block statement                                                                                                           no-empty
   844:15  error    Empty block statement                                                                                                           no-empty
   847:50  error    Unexpected any. Specify a different type                                                                                        @typescript-eslint/no-explicit-any
   850:38  error    Unexpected any. Specify a different type                                                                                        @typescript-eslint/no-explicit-any
   853:38  error    Unexpected any. Specify a different type                                                                                        @typescript-eslint/no-explicit-any
   894:17  error    Unexpected any. Specify a different type                                                                                        @typescript-eslint/no-explicit-any
   935:49  error    Unexpected any. Specify a different type                                                                                        @typescript-eslint/no-explicit-any
   935:76  error    Unexpected any. Specify a different type                                                                                        @typescript-eslint/no-explicit-any
  1063:39  error    Unexpected any. Specify a different type                                                                                        @typescript-eslint/no-explicit-any
  1070:25  error    Unexpected any. Specify a different type                                                                                        @typescript-eslint/no-explicit-any
  1071:49  error    Unexpected any. Specify a different type                                                                                        @typescript-eslint/no-explicit-any
  1072:49  error    Unexpected any. Specify a different type                                                                                        @typescript-eslint/no-explicit-any
  1112:38  error    Unexpected any. Specify a different type                                                                                        @typescript-eslint/no-explicit-any
  1112:66  error    Unexpected any. Specify a different type                                                                                        @typescript-eslint/no-explicit-any
  1114:64  error    Unexpected any. Specify a different type                                                                                        @typescript-eslint/no-explicit-any
  1132:20  error    Unexpected any. Specify a different type                                                                                        @typescript-eslint/no-explicit-any
  1133:20  error    Unexpected any. Specify a different type                                                                                        @typescript-eslint/no-explicit-any
  1140:11  error    'maternityDetail' is never reassigned. Use 'const' instead                                                                      prefer-const
  1145:17  error    Unexpected any. Specify a different type                                                                                        @typescript-eslint/no-explicit-any
  1148:49  error    Unexpected any. Specify a different type                                                                                        @typescript-eslint/no-explicit-any
  1157:11  error    'unpaidDetail' is never reassigned. Use 'const' instead                                                                         prefer-const
  1162:17  error    Unexpected any. Specify a different type                                                                                        @typescript-eslint/no-explicit-any
  1165:49  error    Unexpected any. Specify a different type                                                                                        @typescript-eslint/no-explicit-any
  1176:57  error    Unexpected any. Specify a different type                                                                                        @typescript-eslint/no-explicit-any
  1178:47  error    Unexpected any. Specify a different type                                                                                        @typescript-eslint/no-explicit-any
  1184:72  error    Unexpected any. Specify a different type                                                                                        @typescript-eslint/no-explicit-any
  1203:20  error    Unexpected any. Specify a different type                                                                                        @typescript-eslint/no-explicit-any
  1203:44  error    Unexpected any. Specify a different type                                                                                        @typescript-eslint/no-explicit-any
  1263:6   warning  React Hook useMemo has a missing dependency: 'resignationsQuery.data'. Either include it or remove the dependency array         react-hooks/exhaustive-deps
  1380:16  error    Unexpected any. Specify a different type                                                                                        @typescript-eslint/no-explicit-any
  1390:72  error    Unexpected any. Specify a different type                                                                                        @typescript-eslint/no-explicit-any
  1396:21  error    Unexpected any. Specify a different type                                                                                        @typescript-eslint/no-explicit-any
  1744:36  error    Unexpected any. Specify a different type                                                                                        @typescript-eslint/no-explicit-any
  1754:36  error    Unexpected any. Specify a different type                                                                                        @typescript-eslint/no-explicit-any

C:\Users\Admin\Desktop\CogainCore\cogain-core\frontend\hrm\src\routes\_app\employee-adjustment\-components\period-management-dialog.tsx
  127:19  error  Unexpected any. Specify a different type  @typescript-eslint/no-explicit-any

C:\Users\Admin\Desktop\CogainCore\cogain-core\frontend\hrm\src\routes\_app\employee-adjustment\index.tsx
  142:21  error  Unexpected any. Specify a different type  @typescript-eslint/no-explicit-any
  231:37  error  Unexpected any. Specify a different type  @typescript-eslint/no-explicit-any

C:\Users\Admin\Desktop\CogainCore\cogain-core\frontend\hrm\src\routes\_app\employee-attendance\_components\attendance-filter-bar.tsx
  81:6  warning  React Hook useMemo has a missing dependency: 't'. Either include it or remove the dependency array  react-hooks/exhaustive-deps

C:\Users\Admin\Desktop\CogainCore\cogain-core\frontend\hrm\src\routes\_app\employee-attendance\_components\lock-attendance-dialog.tsx
   44:9   error    '_date' is defined but never used                                                                                                                                                                                                                  @typescript-eslint/no-unused-vars
   81:9   warning  The 'shiftsData' logical expression could make the dependencies of useMemo Hook (at line 91) change on every render. Move it inside the useMemo callback. Alternatively, wrap the initialization of 'shiftsData' in its own useMemo() Hook         react-hooks/exhaustive-deps
   86:29  error    Unexpected any. Specify a different type                                                                                                                                                                                                           @typescript-eslint/no-explicit-any
  114:9   warning  The 'employeesData' logical expression could make the dependencies of useMemo Hook (at line 131) change on every render. Move it inside the useMemo callback. Alternatively, wrap the initialization of 'employeesData' in its own useMemo() Hook  react-hooks/exhaustive-deps
  120:32  error    Unexpected any. Specify a different type                                                                                                                                                                                                           @typescript-eslint/no-explicit-any
  121:48  error    Unexpected any. Specify a different type                                                                                                                                                                                                           @typescript-eslint/no-explicit-any
  122:48  error    Unexpected any. Specify a different type                                                                                                                                                                                                           @typescript-eslint/no-explicit-any
  126:27  error    Unexpected any. Specify a different type                                                                                                                                                                                                           @typescript-eslint/no-explicit-any
  236:40  error    Unexpected any. Specify a different type                                                                                                                                                                                                           @typescript-eslint/no-explicit-any

C:\Users\Admin\Desktop\CogainCore\cogain-core\frontend\hrm\src\routes\_app\employee-contract\-hooks\use-employee-contract.tsx
  31:41  error  Unexpected any. Specify a different type  @typescript-eslint/no-explicit-any
  80:47  error  Unexpected any. Specify a different type  @typescript-eslint/no-explicit-any

C:\Users\Admin\Desktop\CogainCore\cogain-core\frontend\hrm\src\routes\_app\employee-contract\index.tsx
  349:73  error  Unexpected any. Specify a different type  @typescript-eslint/no-explicit-any
  376:41  error  Unexpected any. Specify a different type  @typescript-eslint/no-explicit-any
  388:18  error  Unexpected any. Specify a different type  @typescript-eslint/no-explicit-any
  399:19  error  Unexpected any. Specify a different type  @typescript-eslint/no-explicit-any

C:\Users\Admin\Desktop\CogainCore\cogain-core\frontend\hrm\src\routes\_app\employee-shift\index.tsx
  288:9   warning  The 'employees' logical expression could make the dependencies of useMemo Hook (at line 417) change on every render. To fix this, wrap the initialization of 'employees' in its own useMemo() Hook                                       react-hooks/exhaustive-deps
  299:9   warning  The 'shifts' logical expression could make the dependencies of useCallback Hook (at line 458) change on every render. To fix this, wrap the initialization of 'shifts' in its own useMemo() Hook                                         react-hooks/exhaustive-deps
  299:9   warning  The 'shifts' logical expression could make the dependencies of useCallback Hook (at line 499) change on every render. To fix this, wrap the initialization of 'shifts' in its own useMemo() Hook                                         react-hooks/exhaustive-deps
  313:59  error    Unexpected any. Specify a different type                                                                                                                                                                                                 @typescript-eslint/no-explicit-any
  317:9   warning  The 'rosterHistory' logical expression could make the dependencies of useMemo Hook (at line 347) change on every render. To fix this, wrap the initialization of 'rosterHistory' in its own useMemo() Hook                               react-hooks/exhaustive-deps
  317:9   warning  The 'rosterHistory' logical expression could make the dependencies of useMemo Hook (at line 366) change on every render. To fix this, wrap the initialization of 'rosterHistory' in its own useMemo() Hook                               react-hooks/exhaustive-deps
  322:9   warning  The 'holidays' logical expression could make the dependencies of useMemo Hook (at line 375) change on every render. Move it inside the useMemo callback. Alternatively, wrap the initialization of 'holidays' in its own useMemo() Hook  react-hooks/exhaustive-deps
  573:14  error    Unexpected any. Specify a different type                                                                                                                                                                                                 @typescript-eslint/no-explicit-any
  577:14  error    Unexpected any. Specify a different type                                                                                                                                                                                                 @typescript-eslint/no-explicit-any

C:\Users\Admin\Desktop\CogainCore\cogain-core\frontend\hrm\src\routes\_app\employee\-components\cccd-lookup-dialog.tsx
  185:22  error  Unexpected any. Specify a different type  @typescript-eslint/no-explicit-any
  208:19  error  Unexpected any. Specify a different type  @typescript-eslint/no-explicit-any

C:\Users\Admin\Desktop\CogainCore\cogain-core\frontend\hrm\src\routes\_app\employee\-components\contract-print\contract-print.tsx
   51:38  error    Unexpected any. Specify a different type                                                                                                                                                                                                 @typescript-eslint/no-explicit-any
   51:79  error    Unexpected any. Specify a different type                                                                                                                                                                                                 @typescript-eslint/no-explicit-any
   77:25  error    Unexpected any. Specify a different type                                                                                                                                                                                                 @typescript-eslint/no-explicit-any
   89:47  error    Unexpected any. Specify a different type                                                                                                                                                                                                 @typescript-eslint/no-explicit-any
  136:20  error    Unexpected any. Specify a different type                                                                                                                                                                                                 @typescript-eslint/no-explicit-any
  180:21  error    Unexpected any. Specify a different type                                                                                                                                                                                                 @typescript-eslint/no-explicit-any
  207:6   warning  React Hook useEffect has a missing dependency: 'onOpenChange'. Either include it or remove the dependency array. If 'onOpenChange' changes too often, find the parent component that defines it and wrap that definition in useCallback  react-hooks/exhaustive-deps
  246:39  error    Unexpected any. Specify a different type                                                                                                                                                                                                 @typescript-eslint/no-explicit-any

C:\Users\Admin\Desktop\CogainCore\cogain-core\frontend\hrm\src\routes\_app\employee\-components\employee-detail.tsx
  338:16  error  Unexpected any. Specify a different type  @typescript-eslint/no-explicit-any
  359:72  error  Unexpected any. Specify a different type  @typescript-eslint/no-explicit-any
  612:12  error  '_editUrl' is defined but never used      @typescript-eslint/no-unused-vars
  839:60  error  Unexpected any. Specify a different type  @typescript-eslint/no-explicit-any
  842:60  error  Unexpected any. Specify a different type  @typescript-eslint/no-explicit-any
  849:28  error  'e' is defined but never used             @typescript-eslint/no-unused-vars

C:\Users\Admin\Desktop\CogainCore\cogain-core\frontend\hrm\src\routes\_app\employee\-components\employee-form.tsx
  358:11  error    Unexpected constant truthiness on the left-hand side of a `||` expression                                                                           no-constant-binary-expression
  426:30  error    Unexpected any. Specify a different type                                                                                                            @typescript-eslint/no-explicit-any
  456:44  error    Unexpected any. Specify a different type                                                                                                            @typescript-eslint/no-explicit-any
  481:42  error    Unexpected any. Specify a different type                                                                                                            @typescript-eslint/no-explicit-any
  486:41  error    Unexpected any. Specify a different type                                                                                                            @typescript-eslint/no-explicit-any
  494:44  error    Unexpected any. Specify a different type                                                                                                            @typescript-eslint/no-explicit-any
  499:41  error    Unexpected any. Specify a different type                                                                                                            @typescript-eslint/no-explicit-any
  505:44  error    Unexpected any. Specify a different type                                                                                                            @typescript-eslint/no-explicit-any
  515:8   warning  React Hook useEffect has missing dependencies: 'bankMap', 'employeeId', 'form', and 'isWorker'. Either include them or remove the dependency array  react-hooks/exhaustive-deps
  522:38  error    Unexpected any. Specify a different type                                                                                                            @typescript-eslint/no-explicit-any
  522:62  error    Unexpected any. Specify a different type                                                                                                            @typescript-eslint/no-explicit-any
  523:38  error    Unexpected any. Specify a different type                                                                                                            @typescript-eslint/no-explicit-any
  526:38  error    Unexpected any. Specify a different type                                                                                                            @typescript-eslint/no-explicit-any
  526:62  error    Unexpected any. Specify a different type                                                                                                            @typescript-eslint/no-explicit-any
  527:38  error    Unexpected any. Specify a different type                                                                                                            @typescript-eslint/no-explicit-any
  564:22  error    Unexpected any. Specify a different type                                                                                                            @typescript-eslint/no-explicit-any
  610:21  error    Unexpected any. Specify a different type                                                                                                            @typescript-eslint/no-explicit-any
  736:55  error    Unexpected any. Specify a different type                                                                                                            @typescript-eslint/no-explicit-any
  739:55  error    Unexpected any. Specify a different type                                                                                                            @typescript-eslint/no-explicit-any
  747:31  error    Unexpected any. Specify a different type                                                                                                            @typescript-eslint/no-explicit-any

C:\Users\Admin\Desktop\CogainCore\cogain-core\frontend\hrm\src\routes\_app\employee\-components\employee-import-dialog.tsx
  117:21  error  Unexpected any. Specify a different type  @typescript-eslint/no-explicit-any

C:\Users\Admin\Desktop\CogainCore\cogain-core\frontend\hrm\src\routes\_app\employee\-components\form-header.tsx
   18:23  error  Unexpected any. Specify a different type  @typescript-eslint/no-explicit-any
  132:28  error  'error' is defined but never used         @typescript-eslint/no-unused-vars
  132:35  error  Unexpected any. Specify a different type  @typescript-eslint/no-explicit-any

C:\Users\Admin\Desktop\CogainCore\cogain-core\frontend\hrm\src\routes\_app\employee\-components\tabs\cnb-tab.tsx
   48:32  error  Unexpected any. Specify a different type  @typescript-eslint/no-explicit-any
   51:28  error  Unexpected any. Specify a different type  @typescript-eslint/no-explicit-any
  142:48  error  Unexpected any. Specify a different type  @typescript-eslint/no-explicit-any
  144:31  error  Unexpected any. Specify a different type  @typescript-eslint/no-explicit-any

C:\Users\Admin\Desktop\CogainCore\cogain-core\frontend\hrm\src\routes\_app\employee\-components\tabs\health-tab.tsx
  23:32  error  Unexpected any. Specify a different type  @typescript-eslint/no-explicit-any

C:\Users\Admin\Desktop\CogainCore\cogain-core\frontend\hrm\src\routes\_app\employee\-components\tabs\job-tab.tsx
   26:32  error  Unexpected any. Specify a different type  @typescript-eslint/no-explicit-any
   51:26  error  Unexpected any. Specify a different type  @typescript-eslint/no-explicit-any
   69:54  error  Unexpected any. Specify a different type  @typescript-eslint/no-explicit-any
   89:19  error  Unexpected any. Specify a different type  @typescript-eslint/no-explicit-any
   90:16  error  Unexpected any. Specify a different type  @typescript-eslint/no-explicit-any
  104:40  error  Unexpected any. Specify a different type  @typescript-eslint/no-explicit-any
  131:49  error  Unexpected any. Specify a different type  @typescript-eslint/no-explicit-any

C:\Users\Admin\Desktop\CogainCore\cogain-core\frontend\hrm\src\routes\_app\employee\-components\tabs\permission-tab.tsx
  225:17  error  Unexpected any. Specify a different type  @typescript-eslint/no-explicit-any

C:\Users\Admin\Desktop\CogainCore\cogain-core\frontend\hrm\src\routes\_app\employee\-components\tabs\personal-info-tab.tsx
   32:32  error  Unexpected any. Specify a different type  @typescript-eslint/no-explicit-any
   88:59  error  Unexpected any. Specify a different type  @typescript-eslint/no-explicit-any
  103:15  error  Unexpected any. Specify a different type  @typescript-eslint/no-explicit-any
  841:49  error  Unexpected any. Specify a different type  @typescript-eslint/no-explicit-any

C:\Users\Admin\Desktop\CogainCore\cogain-core\frontend\hrm\src\routes\_app\employee\-components\tabs\training-tab.tsx
  15:32  error  Unexpected any. Specify a different type  @typescript-eslint/no-explicit-any
  57:74  error  Unexpected any. Specify a different type  @typescript-eslint/no-explicit-any

C:\Users\Admin\Desktop\CogainCore\cogain-core\frontend\hrm\src\routes\_app\employee\-components\tabs\work-history-tab.tsx
  171:6   warning  React Hook useEffect has missing dependencies: 'transferForm' and 'watchTransferTo'. Either include them or remove the dependency array  react-hooks/exhaustive-deps
  279:52  error    Unexpected any. Specify a different type                                                                                                 @typescript-eslint/no-explicit-any
  284:52  error    Unexpected any. Specify a different type                                                                                                 @typescript-eslint/no-explicit-any

C:\Users\Admin\Desktop\CogainCore\cogain-core\frontend\hrm\src\routes\_app\employee\contract-expiring\index.tsx
  100:39  error    Unexpected any. Specify a different type                                                                                                                                                                                               @typescript-eslint/no-explicit-any
  111:40  error    Unexpected any. Specify a different type                                                                                                                                                                                               @typescript-eslint/no-explicit-any
  237:9   warning  The 'contractTypes' logical expression could make the dependencies of useMemo Hook (at line 492) change on every render. To fix this, wrap the initialization of 'contractTypes' in its own useMemo() Hook                             react-hooks/exhaustive-deps
  245:9   warning  The 'allOrgs' logical expression could make the dependencies of useMemo Hook (at line 246) change on every render. Move it inside the useMemo callback. Alternatively, wrap the initialization of 'allOrgs' in its own useMemo() Hook  react-hooks/exhaustive-deps
  282:9   error    'total' is never reassigned. Use 'const' instead                                                                                                                                                                                       prefer-const
  410:63  error    Unexpected any. Specify a different type                                                                                                                                                                                               @typescript-eslint/no-explicit-any
  424:22  error    Unexpected any. Specify a different type                                                                                                                                                                                               @typescript-eslint/no-explicit-any
  437:6   warning  React Hook useEffect has a missing dependency: 'updateFilter'. Either include it or remove the dependency array                                                                                                                        react-hooks/exhaustive-deps
  855:5   warning  React Hook useMemo has a missing dependency: 'searchParams.employeeType'. Either include it or remove the dependency array                                                                                                             react-hooks/exhaustive-deps
  948:71  error    Unexpected any. Specify a different type                                                                                                                                                                                               @typescript-eslint/no-explicit-any

C:\Users\Admin\Desktop\CogainCore\cogain-core\frontend\hrm\src\routes\_app\employee\officer\index.tsx
  190:9   warning  The 'allOrgs' logical expression could make the dependencies of useMemo Hook (at line 191) change on every render. To fix this, wrap the initialization of 'allOrgs' in its own useMemo() Hook                  react-hooks/exhaustive-deps
  190:9   warning  The 'allOrgs' logical expression could make the dependencies of useMemo Hook (at line 295) change on every render. To fix this, wrap the initialization of 'allOrgs' in its own useMemo() Hook                  react-hooks/exhaustive-deps
  192:9   warning  The 'locationOptions' logical expression could make the dependencies of useMemo Hook (at line 295) change on every render. To fix this, wrap the initialization of 'locationOptions' in its own useMemo() Hook  react-hooks/exhaustive-deps
  237:17  error    Unexpected any. Specify a different type                                                                                                                                                                        @typescript-eslint/no-explicit-any
  479:31  error    Unexpected any. Specify a different type                                                                                                                                                                        @typescript-eslint/no-explicit-any
  513:5   warning  React Hook useMemo has missing dependencies: 'searchParams.fromDate', 'searchParams.toDate', 't', and 'updateFilters'. Either include them or remove the dependency array                                       react-hooks/exhaustive-deps

C:\Users\Admin\Desktop\CogainCore\cogain-core\frontend\hrm\src\routes\_app\employee\worker\index.tsx
  200:9   warning  The 'allOrgs' logical expression could make the dependencies of useMemo Hook (at line 201) change on every render. To fix this, wrap the initialization of 'allOrgs' in its own useMemo() Hook  react-hooks/exhaustive-deps
  244:17  error    Unexpected any. Specify a different type                                                                                                                                                        @typescript-eslint/no-explicit-any
  318:6   warning  React Hook useMemo has a missing dependency: 'updateFilter'. Either include it or remove the dependency array                                                                                   react-hooks/exhaustive-deps
  525:31  error    Unexpected any. Specify a different type                                                                                                                                                        @typescript-eslint/no-explicit-any
  559:5   warning  React Hook useMemo has missing dependencies: 'searchParams.fromDate', 'searchParams.toDate', 't', and 'updateFilters'. Either include them or remove the dependency array                       react-hooks/exhaustive-deps

C:\Users\Admin\Desktop\CogainCore\cogain-core\frontend\hrm\src\routes\_app\kpi\-components\kpi-evaluation-list.tsx
  163:5   error  React Hook "useHasPermission" is called conditionally. React Hooks must be called in the exact same order in every component render  react-hooks/rules-of-hooks
  166:5   error  React Hook "useHasPermission" is called conditionally. React Hooks must be called in the exact same order in every component render  react-hooks/rules-of-hooks
  169:5   error  React Hook "useHasPermission" is called conditionally. React Hooks must be called in the exact same order in every component render  react-hooks/rules-of-hooks
  172:5   error  React Hook "useHasPermission" is called conditionally. React Hooks must be called in the exact same order in every component render  react-hooks/rules-of-hooks
  256:22  error  Unexpected any. Specify a different type                                                                                             @typescript-eslint/no-explicit-any
  271:22  error  Unexpected any. Specify a different type                                                                                             @typescript-eslint/no-explicit-any
  277:22  error  Unexpected any. Specify a different type                                                                                             @typescript-eslint/no-explicit-any
  285:22  error  Unexpected any. Specify a different type                                                                                             @typescript-eslint/no-explicit-any
  310:25  error  Unexpected any. Specify a different type                                                                                             @typescript-eslint/no-explicit-any
  326:13  error  Empty block statement                                                                                                                no-empty
  603:35  error  Unexpected any. Specify a different type                                                                                             @typescript-eslint/no-explicit-any

C:\Users\Admin\Desktop\CogainCore\cogain-core\frontend\hrm\src\routes\_app\kpi\-components\kpi-evaluation-standard-detail.tsx
  309:5   warning  React Hook useCallback has missing dependencies: 'receiverConfirmMutation' and 'runChangeStep'. Either include them or remove the dependency array  react-hooks/exhaustive-deps
  487:27  error    Unexpected any. Specify a different type                                                                                                            @typescript-eslint/no-explicit-any

C:\Users\Admin\Desktop\CogainCore\cogain-core\frontend\hrm\src\routes\_app\kpi\kpi-evaluation-report\-components\kpi-evaluation-report-detail-table.tsx
  198:29  error  Expected an assignment or function call and instead saw an expression  @typescript-eslint/no-unused-expressions

C:\Users\Admin\Desktop\CogainCore\cogain-core\frontend\hrm\src\routes\_app\kpi\kpi-evaluation-report\-components\kpi-evaluation-report-form.tsx
  411:6  warning  React Hook useEffect has missing dependencies: 'refDocId' and 'refTypeId'. Either include them or remove the dependency array  react-hooks/exhaustive-deps
  478:6  warning  React Hook useEffect has a missing dependency: 'resetForm'. Either include it or remove the dependency array                   react-hooks/exhaustive-deps

C:\Users\Admin\Desktop\CogainCore\cogain-core\frontend\hrm\src\routes\_app\kpi\kpi-evaluation-report\-components\kpi-evaluation-result-sheet.tsx
  203:9  warning  The 'frameDetails' logical expression could make the dependencies of useEffect Hook (at line 220) change on every render. To fix this, wrap the initialization of 'frameDetails' in its own useMemo() Hook  react-hooks/exhaustive-deps
  203:9  warning  The 'frameDetails' logical expression could make the dependencies of useMemo Hook (at line 226) change on every render. To fix this, wrap the initialization of 'frameDetails' in its own useMemo() Hook    react-hooks/exhaustive-deps
  275:5  warning  Unused eslint-disable directive (no problems were reported from 'react-hooks/exhaustive-deps')

C:\Users\Admin\Desktop\CogainCore\cogain-core\frontend\hrm\src\routes\_app\kpi\kpi-evaluation-report\index.tsx
  133:5   error  React Hook "useHasPermission" is called conditionally. React Hooks must be called in the exact same order in every component render  react-hooks/rules-of-hooks
  136:5   error  React Hook "useHasPermission" is called conditionally. React Hooks must be called in the exact same order in every component render  react-hooks/rules-of-hooks
  139:5   error  React Hook "useHasPermission" is called conditionally. React Hooks must be called in the exact same order in every component render  react-hooks/rules-of-hooks
  142:5   error  React Hook "useHasPermission" is called conditionally. React Hooks must be called in the exact same order in every component render  react-hooks/rules-of-hooks
  226:22  error  Unexpected any. Specify a different type                                                                                             @typescript-eslint/no-explicit-any
  241:22  error  Unexpected any. Specify a different type                                                                                             @typescript-eslint/no-explicit-any
  247:22  error  Unexpected any. Specify a different type                                                                                             @typescript-eslint/no-explicit-any
  255:22  error  Unexpected any. Specify a different type                                                                                             @typescript-eslint/no-explicit-any
  280:25  error  Unexpected any. Specify a different type                                                                                             @typescript-eslint/no-explicit-any
  296:13  error  Empty block statement                                                                                                                no-empty
  586:35  error  Unexpected any. Specify a different type                                                                                             @typescript-eslint/no-explicit-any

C:\Users\Admin\Desktop\CogainCore\cogain-core\frontend\hrm\src\routes\_app\kpi\kpi-evaluation-report\result\index.tsx
  197:22  error  Unexpected any. Specify a different type  @typescript-eslint/no-explicit-any
  212:22  error  Unexpected any. Specify a different type  @typescript-eslint/no-explicit-any
  218:22  error  Unexpected any. Specify a different type  @typescript-eslint/no-explicit-any
  226:22  error  Unexpected any. Specify a different type  @typescript-eslint/no-explicit-any
  251:25  error  Unexpected any. Specify a different type  @typescript-eslint/no-explicit-any

C:\Users\Admin\Desktop\CogainCore\cogain-core\frontend\hrm\src\routes\_app\kpi\kpi-evaluation-team\$id\index.tsx
   25:25  error  '_employeeInfo' is assigned a value but never used  @typescript-eslint/no-unused-vars
  109:36  error  Unexpected any. Specify a different type            @typescript-eslint/no-explicit-any
  174:27  error  Unexpected any. Specify a different type            @typescript-eslint/no-explicit-any

C:\Users\Admin\Desktop\CogainCore\cogain-core\frontend\hrm\src\routes\_app\kpi\kpi-evaluation-team\-components\kpi-evaluation-team-form.tsx
   79:42  error  Unexpected any. Specify a different type  @typescript-eslint/no-explicit-any
  167:33  error  Unexpected any. Specify a different type  @typescript-eslint/no-explicit-any
  198:38  error  Unexpected any. Specify a different type  @typescript-eslint/no-explicit-any

C:\Users\Admin\Desktop\CogainCore\cogain-core\frontend\hrm\src\routes\_app\kpi\kpi-evaluation-team\-components\kpi-evaluation-team-list.tsx
  137:5   error  React Hook "useHasPermission" is called conditionally. React Hooks must be called in the exact same order in every component render  react-hooks/rules-of-hooks
  140:5   error  React Hook "useHasPermission" is called conditionally. React Hooks must be called in the exact same order in every component render  react-hooks/rules-of-hooks
  143:5   error  React Hook "useHasPermission" is called conditionally. React Hooks must be called in the exact same order in every component render  react-hooks/rules-of-hooks
  146:5   error  React Hook "useHasPermission" is called conditionally. React Hooks must be called in the exact same order in every component render  react-hooks/rules-of-hooks
  218:22  error  Unexpected any. Specify a different type                                                                                             @typescript-eslint/no-explicit-any
  224:22  error  Unexpected any. Specify a different type                                                                                             @typescript-eslint/no-explicit-any
  230:22  error  Unexpected any. Specify a different type                                                                                             @typescript-eslint/no-explicit-any
  239:22  error  Unexpected any. Specify a different type                                                                                             @typescript-eslint/no-explicit-any
  246:22  error  Unexpected any. Specify a different type                                                                                             @typescript-eslint/no-explicit-any
  254:22  error  Unexpected any. Specify a different type                                                                                             @typescript-eslint/no-explicit-any
  270:13  error  Empty block statement                                                                                                                no-empty
  506:35  error  Unexpected any. Specify a different type                                                                                             @typescript-eslint/no-explicit-any
  550:33  error  Unexpected any. Specify a different type                                                                                             @typescript-eslint/no-explicit-any

C:\Users\Admin\Desktop\CogainCore\cogain-core\frontend\hrm\src\routes\_app\kpi\kpi-evaluation-welder\$id\index.tsx
  185:27  error  Unexpected any. Specify a different type  @typescript-eslint/no-explicit-any

C:\Users\Admin\Desktop\CogainCore\cogain-core\frontend\hrm\src\routes\_app\kpi\kpi-evaluation-welder\-components\kpi-evaluation-welder-form.tsx
  88:42  error  Unexpected any. Specify a different type  @typescript-eslint/no-explicit-any

C:\Users\Admin\Desktop\CogainCore\cogain-core\frontend\hrm\src\routes\_app\kpi\kpi-evaluation-welder\-components\kpi-evaluation-welder-list.tsx
  120:5   error  React Hook "useHasPermission" is called conditionally. React Hooks must be called in the exact same order in every component render  react-hooks/rules-of-hooks
  123:5   error  React Hook "useHasPermission" is called conditionally. React Hooks must be called in the exact same order in every component render  react-hooks/rules-of-hooks
  126:5   error  React Hook "useHasPermission" is called conditionally. React Hooks must be called in the exact same order in every component render  react-hooks/rules-of-hooks
  129:5   error  React Hook "useHasPermission" is called conditionally. React Hooks must be called in the exact same order in every component render  react-hooks/rules-of-hooks
  243:13  error  Empty block statement                                                                                                                no-empty
  487:35  error  Unexpected any. Specify a different type                                                                                             @typescript-eslint/no-explicit-any
  531:33  error  Unexpected any. Specify a different type                                                                                             @typescript-eslint/no-explicit-any

C:\Users\Admin\Desktop\CogainCore\cogain-core\frontend\hrm\src\routes\_app\recruitment-plan-progress\_components\recruitment-plan-progress-stage-applicants-table.tsx
   48:38  error  Unexpected any. Specify a different type  @typescript-eslint/no-explicit-any
   48:65  error  Unexpected any. Specify a different type  @typescript-eslint/no-explicit-any
   87:38  error  Unexpected any. Specify a different type  @typescript-eslint/no-explicit-any
   87:65  error  Unexpected any. Specify a different type  @typescript-eslint/no-explicit-any
  261:46  error  Unexpected any. Specify a different type  @typescript-eslint/no-explicit-any
  262:29  error  Unexpected any. Specify a different type  @typescript-eslint/no-explicit-any
  268:59  error  Unexpected any. Specify a different type  @typescript-eslint/no-explicit-any
  268:90  error  Unexpected any. Specify a different type  @typescript-eslint/no-explicit-any
  269:61  error  Unexpected any. Specify a different type  @typescript-eslint/no-explicit-any

C:\Users\Admin\Desktop\CogainCore\cogain-core\frontend\hrm\src\routes\_app\recruitment-plan-progress\_components\recruitment-plan-progress-stages-table.tsx
  292:6  warning  React Hook useMemo has a missing dependency: 'toggleExpandStage'. Either include it or remove the dependency array  react-hooks/exhaustive-deps

C:\Users\Admin\Desktop\CogainCore\cogain-core\frontend\hrm\src\routes\_app\recruitment-plan-progress\_hooks\use-recruitment-plan-progress.tsx
  172:38  error  Unexpected any. Specify a different type  @typescript-eslint/no-explicit-any
  172:65  error  Unexpected any. Specify a different type  @typescript-eslint/no-explicit-any

C:\Users\Admin\Desktop\CogainCore\cogain-core\frontend\hrm\src\routes\_app\recruitment-plan-progress\index.tsx
   38:14  warning  Fast refresh only works when a file only exports components. Use a new file to share constants or functions between components  react-refresh/only-export-components
  378:6   warning  React Hook useMemo has a missing dependency: 'toggleRowExpanded'. Either include it or remove the dependency array              react-hooks/exhaustive-deps

C:\Users\Admin\Desktop\CogainCore\cogain-core\frontend\hrm\src\routes\_app\recruitment-plan\_components\recruitment-plan-applicants-tab.tsx
  144:6  warning  React Hook useMemo has unnecessary dependencies: 'promoteMutation.isPending' and 'promoteMutation.variables.id'. Either exclude them or remove the dependency array  react-hooks/exhaustive-deps

C:\Users\Admin\Desktop\CogainCore\cogain-core\frontend\hrm\src\routes\_app\recruitment-plan\_components\recruitment-plan-detail-sub-row.tsx
  389:112  error  Unexpected any. Specify a different type  @typescript-eslint/no-explicit-any
  396:100  error  Unexpected any. Specify a different type  @typescript-eslint/no-explicit-any
  408:116  error  Unexpected any. Specify a different type  @typescript-eslint/no-explicit-any
  412:116  error  Unexpected any. Specify a different type  @typescript-eslint/no-explicit-any
  418:101  error  Unexpected any. Specify a different type  @typescript-eslint/no-explicit-any
  422:111  error  Unexpected any. Specify a different type  @typescript-eslint/no-explicit-any
  426:111  error  Unexpected any. Specify a different type  @typescript-eslint/no-explicit-any
  444:102  error  Unexpected any. Specify a different type  @typescript-eslint/no-explicit-any
  449:107  error  Unexpected any. Specify a different type  @typescript-eslint/no-explicit-any
  456:95   error  Unexpected any. Specify a different type  @typescript-eslint/no-explicit-any
  471:111  error  Unexpected any. Specify a different type  @typescript-eslint/no-explicit-any
  475:111  error  Unexpected any. Specify a different type  @typescript-eslint/no-explicit-any
  494:105  error  Unexpected any. Specify a different type  @typescript-eslint/no-explicit-any
  500:97   error  Unexpected any. Specify a different type  @typescript-eslint/no-explicit-any
  511:109  error  Unexpected any. Specify a different type  @typescript-eslint/no-explicit-any
  515:109  error  Unexpected any. Specify a different type  @typescript-eslint/no-explicit-any
  538:30   error  Unexpected any. Specify a different type  @typescript-eslint/no-explicit-any
  539:61   error  Unexpected any. Specify a different type  @typescript-eslint/no-explicit-any
  559:74   error  Unexpected any. Specify a different type  @typescript-eslint/no-explicit-any
  626:97   error  Unexpected any. Specify a different type  @typescript-eslint/no-explicit-any
  648:95   error  Unexpected any. Specify a different type  @typescript-eslint/no-explicit-any
  673:97   error  Unexpected any. Specify a different type  @typescript-eslint/no-explicit-any

C:\Users\Admin\Desktop\CogainCore\cogain-core\frontend\hrm\src\routes\_app\recruitment-plan\_components\recruitment-plan-form.tsx
  243:6  warning  React Hook useEffect has a missing dependency: 'getByIdQuery.data?.data?.workItemInfo?.refDocNum'. Either include it or remove the dependency array  react-hooks/exhaustive-deps
  266:9  error    'usedIds' is never reassigned. Use 'const' instead                                                                                                   prefer-const
  302:6  warning  React Hook useMemo has an unnecessary dependency: 'id'. Either exclude it or remove the dependency array                                             react-hooks/exhaustive-deps

C:\Users\Admin\Desktop\CogainCore\cogain-core\frontend\hrm\src\routes\_app\recruitment-plan\_components\recruitment-plan-stage-modal.tsx
  185:9   warning  The 'stageApplicantLinks' logical expression could make the dependencies of useMemo Hook (at line 246) change on every render. To fix this, wrap the initialization of 'stageApplicantLinks' in its own useMemo() Hook  react-hooks/exhaustive-deps
  185:9   warning  The 'stageApplicantLinks' logical expression could make the dependencies of useMemo Hook (at line 411) change on every render. To fix this, wrap the initialization of 'stageApplicantLinks' in its own useMemo() Hook  react-hooks/exhaustive-deps
  399:29  error    Unexpected any. Specify a different type                                                                                                                                                                                @typescript-eslint/no-explicit-any
  522:19  error    Unexpected any. Specify a different type                                                                                                                                                                                @typescript-eslint/no-explicit-any

C:\Users\Admin\Desktop\CogainCore\cogain-core\frontend\hrm\src\routes\_app\recruitment-plan\_components\recruitment-plan-table.tsx
   93:36  error    Unexpected any. Specify a different type                                                                                 @typescript-eslint/no-explicit-any
  295:6   warning  React Hook useMemo has a missing dependency: 'togglePositionExpanded'. Either include it or remove the dependency array  react-hooks/exhaustive-deps
  394:27  error    Unexpected any. Specify a different type                                                                                 @typescript-eslint/no-explicit-any
  400:27  error    Unexpected any. Specify a different type                                                                                 @typescript-eslint/no-explicit-any

C:\Users\Admin\Desktop\CogainCore\cogain-core\frontend\hrm\src\routes\_app\recruitment-plan\index.tsx
  377:5  warning  React Hook useMemo has missing dependencies: 'navigate' and 'updateFilters'. Either include them or remove the dependency array  react-hooks/exhaustive-deps

C:\Users\Admin\Desktop\CogainCore\cogain-core\frontend\hrm\src\services\admin\biometric-log-service.ts
  14:39  error  Unexpected any. Specify a different type  @typescript-eslint/no-explicit-any
  14:44  error  Unexpected any. Specify a different type  @typescript-eslint/no-explicit-any

C:\Users\Admin\Desktop\CogainCore\cogain-core\frontend\hrm\src\services\admin\production-operation-group-service.ts
  6:39  error  Unexpected any. Specify a different type  @typescript-eslint/no-explicit-any
  6:44  error  Unexpected any. Specify a different type  @typescript-eslint/no-explicit-any

C:\Users\Admin\Desktop\CogainCore\cogain-core\frontend\hrm\src\services\employee-contract-service.ts
  18:26  error  Unexpected any. Specify a different type  @typescript-eslint/no-explicit-any
  24:26  error  Unexpected any. Specify a different type  @typescript-eslint/no-explicit-any

C:\Users\Admin\Desktop\CogainCore\cogain-core\frontend\hrm\src\services\kpi-evaluation-report-service.ts
  47:90  error  Unexpected any. Specify a different type  @typescript-eslint/no-explicit-any
  48:49  error  Unexpected any. Specify a different type  @typescript-eslint/no-explicit-any
  55:89  error  Unexpected any. Specify a different type  @typescript-eslint/no-explicit-any
  56:49  error  Unexpected any. Specify a different type  @typescript-eslint/no-explicit-any
  73:26  error  Unexpected any. Specify a different type  @typescript-eslint/no-explicit-any
  74:49  error  Unexpected any. Specify a different type  @typescript-eslint/no-explicit-any
  82:26  error  Unexpected any. Specify a different type  @typescript-eslint/no-explicit-any
  83:49  error  Unexpected any. Specify a different type  @typescript-eslint/no-explicit-any
  90:87  error  Unexpected any. Specify a different type  @typescript-eslint/no-explicit-any
  91:49  error  Unexpected any. Specify a different type  @typescript-eslint/no-explicit-any

C:\Users\Admin\Desktop\CogainCore\cogain-core\frontend\hrm\src\services\kpi-service.ts
  17:13  error  Unexpected any. Specify a different type  @typescript-eslint/no-explicit-any

C:\Users\Admin\Desktop\CogainCore\cogain-core\frontend\hrm\src\services\packaging-and-warehouse\finished-goods-packing-service.ts
  23:10  error  Unexpected any. Specify a different type  @typescript-eslint/no-explicit-any

C:\Users\Admin\Desktop\CogainCore\cogain-core\frontend\hrm\src\services\servicedesk\adjustment-ticket-service.ts
  42:56  error  Unexpected any. Specify a different type  @typescript-eslint/no-explicit-any
  45:49  error  Unexpected any. Specify a different type  @typescript-eslint/no-explicit-any
  50:10  error  Unexpected any. Specify a different type  @typescript-eslint/no-explicit-any

C:\Users\Admin\Desktop\CogainCore\cogain-core\frontend\hrm\src\services\servicedesk\mechanical-packing-list-service.ts
  29:10  error  Unexpected any. Specify a different type  @typescript-eslint/no-explicit-any

C:\Users\Admin\Desktop\CogainCore\cogain-core\frontend\hrm\src\types\admin\code-generation-rule.type.ts
  54:3  error  Duplicate enum member value 4  @typescript-eslint/no-duplicate-enum-values

C:\Users\Admin\Desktop\CogainCore\cogain-core\frontend\hrm\src\types\admin\employee-shift.type.ts
  23:18  error  Unexpected any. Specify a different type  @typescript-eslint/no-explicit-any

C:\Users\Admin\Desktop\CogainCore\cogain-core\frontend\hrm\src\types\admin\holiday.type.ts
  20:18  error  Unexpected any. Specify a different type  @typescript-eslint/no-explicit-any

C:\Users\Admin\Desktop\CogainCore\cogain-core\frontend\hrm\src\types\admin\shift.type.ts
  36:18  error  Unexpected any. Specify a different type  @typescript-eslint/no-explicit-any

C:\Users\Admin\Desktop\CogainCore\cogain-core\frontend\hrm\src\types\employee\employee-contract.type.ts
  39:18  error  Unexpected any. Specify a different type  @typescript-eslint/no-explicit-any

C:\Users\Admin\Desktop\CogainCore\cogain-core\frontend\hrm\src\types\mammoth.d.ts
   2:18   error  Unexpected any. Specify a different type  @typescript-eslint/no-explicit-any
   4:106  error  Unexpected any. Specify a different type  @typescript-eslint/no-explicit-any
   8:18   error  Unexpected any. Specify a different type  @typescript-eslint/no-explicit-any
  10:106  error  Unexpected any. Specify a different type  @typescript-eslint/no-explicit-any

C:\Users\Admin\Desktop\CogainCore\cogain-core\frontend\hrm\src\types\servicedesk\acceptance-minute-as-built.type.ts
  34:18  error  Unexpected any. Specify a different type  @typescript-eslint/no-explicit-any

C:\Users\Admin\Desktop\CogainCore\cogain-core\frontend\hrm\src\types\servicedesk\employee-adjustment.type.ts
  65:32  error  Unexpected any. Specify a different type  @typescript-eslint/no-explicit-any

C:\Users\Admin\Desktop\CogainCore\cogain-core\frontend\hrm\src\types\servicedesk\mechanical-packing-list.type.ts
  94:18  error  Unexpected any. Specify a different type  @typescript-eslint/no-explicit-any

C:\Users\Admin\Desktop\CogainCore\cogain-core\frontend\hrm\src\types\servicedesk\resignation.type.ts
  87:18  error  Unexpected any. Specify a different type  @typescript-eslint/no-explicit-any

C:\Users\Admin\Desktop\CogainCore\cogain-core\frontend\hrm\tailwind.config.ts
  0:0  error  Parsing error: "parserOptions.project" has been provided for @typescript-eslint/parser.
The file was not found in any of the provided project(s): tailwind.config.ts

C:\Users\Admin\Desktop\CogainCore\cogain-core\frontend\hrm\vite.config.ts
  0:0  error  Parsing error: "parserOptions.project" has been provided for @typescript-eslint/parser.
The file was not found in any of the provided project(s): vite.config.ts

✖ 615 problems (542 errors, 73 warnings)
  4 errors and 2 warnings potentially fixable with the `--fix` option.

C:\Users\Admin\Desktop\CogainCore\cogain-core\frontend\hrm:
 ERR_PNPM_RECURSIVE_RUN_FIRST_FAIL  @cogain/hrm@0.0.0 lint: `eslint .`
Exit status 1
